{"type":"FeatureCollection","features":[{"type":"Feature","properties":{"name":"AC972_OLA","description":"None","link_type":"WDM","geometry_type":"Point","vendor":"","folder":"","color":"#000000","width":2.0},"geometry":{"type":"Point","coordinates":[-3.44397,7.09108]}},{"type":"Feature","properties":{"name":"AC485_OLA","description":"None","link_type":"WDM","geometry_type":"Point","vendor":"","folder":"","color":"#000000","width":2.0},"geometry":{"type":"Point","coordinates":[-4.2495,7.2829]}},{"type":"Feature","properties":{"name":"AC486_OLA","description":"None","link_type":"WDM","geometry_type":"Point","vendor":"","folder":"","color":"#000000","width":2.0},"geometry":{"type":"Point","coordinates":[-4.8315924,7.6343012]}},{"type":"Feature","properties":{"name":"AC186OLA","description":"None","link_type":"WDM","geometry_type":"Point","vendor":"","folder":"","color":"#000000","width":2.0},"geometry":{"type":"Point","coordinates":[-4.3417694,7.4535067]}},{"type":"Feature","properties":{"name":"AC279_OLA","description":"None","link_type":"WDM","geometry_type":"Point","vendor":"","folder":"","color":"#000000","width":2.0},"geometry":{"type":"Point","coordinates":[-3.84311459,6.4769997]}},{"type":"Feature","properties":{"name":"AC191_OLA","description":"None","link_type":"WDM","geometry_type":"Point","vendor":"","folder":"","color":"#000000","width":2.0},"geometry":{"type":"Point","coordinates":[-4.06900376,5.64055906]}},{"type":"Feature","properties":{"name":"AC216_OLA","description":"None","link_type":"WDM","geometry_type":"Point","vendor":"","folder":"","color":"#000000","width":2.0},"geometry":{"type":"Point","coordinates":[-5.481556,10.112818]}},{"type":"Feature","properties":{"name":"AC588_OLA2","description":"None","link_type":"WDM","geometry_type":"Point","vendor":"","folder":"","color":"#000000","width":2.0},"geometry":{"type":"Point","coordinates":[-5.157748,9.958611]}},{"type":"Feature","properties":{"name":"AC588_OLA1","description":"None","link_type":"WDM","geometry_type":"Point","vendor":"","folder":"","color":"#000000","width":2.0},"geometry":{"type":"Point","coordinates":[-5.157748,9.958611]}},{"type":"Feature","properties":{"name":"AC171_OLA","description":"None","link_type":"WDM","geometry_type":"Point","vendor":"","folder":"","color":"#000000","width":2.0},"geometry":{"type":"Point","coordinates":[-3.86048899,6.0991788]}},{"type":"Feature","properties":{"name":"AC045_OLA","description":"None","link_type":"WDM","geometry_type":"Point","vendor":"","folder":"","color":"#000000","width":2.0},"geometry":{"type":"Point","coordinates":[-4.08932887,5.36877753]}},{"type":"Feature","properties":{"name":"AC162_OLA","description":"None","link_type":"WDM","geometry_type":"Point","vendor":"","folder":"","color":"#000000","width":2.0},"geometry":{"type":"Point","coordinates":[-5.58595047,5.10314843]}},{"type":"Feature","properties":{"name":"AC131_OLA","description":"None","link_type":"WDM","geometry_type":"Point","vendor":"","folder":"","color":"#000000","width":2.0},"geometry":{"type":"Point","coordinates":[-5.7488,6.9882]}},{"type":"Feature","properties":{"name":"AC490_OLA","description":"None","link_type":"WDM","geometry_type":"Point","vendor":"","folder":"","color":"#000000","width":2.0},"geometry":{"type":"Point","coordinates":[-6.25366,6.906438]}},{"type":"Feature","properties":{"name":"AC271_OLA","description":"None","link_type":"WDM","geometry_type":"Point","vendor":"","folder":"","color":"#000000","width":2.0},"geometry":{"type":"Point","coordinates":[-4.56127635,5.31200235]}},{"type":"Feature","properties":{"name":"AC525_OLA","description":"None","link_type":"WDM","geometry_type":"Point","vendor":"","folder":"","color":"#000000","width":2.0},"geometry":{"type":"Point","coordinates":[-4.86189801,6.04221815]}},{"type":"Feature","properties":{"name":"AC529_OLA","description":"None","link_type":"WDM","geometry_type":"Point","vendor":"","folder":"","color":"#000000","width":2.0},"geometry":{"type":"Point","coordinates":[-5.10925,5.27539]}},{"type":"Feature","properties":{"name":"AC270_OLA","description":"None","link_type":"WDM","geometry_type":"Point","vendor":"","folder":"","color":"#000000","width":2.0},"geometry":{"type":"Point","coordinates":[-5.83958027,5.11499759]}},{"type":"Feature","properties":{"name":"AC223_OLA","description":"None","link_type":"WDM","geometry_type":"Point","vendor":"","folder":"","color":"#000000","width":2.0},"geometry":{"type":"Point","coordinates":[-4.5058902,5.68891476]}},{"type":"Feature","properties":{"name":"AC269_OLA","description":"None","link_type":"WDM","geometry_type":"Point","vendor":"","folder":"","color":"#000000","width":2.0},"geometry":{"type":"Point","coordinates":[-6.49894554,5.0246144]}},{"type":"Feature","properties":{"name":"AC268_OLA","description":"None","link_type":"WDM","geometry_type":"Point","vendor":"","folder":"","color":"#000000","width":2.0},"geometry":{"type":"Point","coordinates":[-6.56631,5.400339]}},{"type":"Feature","properties":{"name":"AC115_OLA","description":"None","link_type":"WDM","geometry_type":"Point","vendor":"","folder":"","color":"#000000","width":2.0},"geometry":{"type":"Point","coordinates":[-5.019111,6.558521]}},{"type":"Feature","properties":{"name":"AC210_OLA1","description":"None","link_type":"WDM","geometry_type":"Point","vendor":"","folder":"","color":"#000000","width":2.0},"geometry":{"type":"Point","coordinates":[-5.225685,7.143522]}},{"type":"Feature","properties":{"name":"AC966_OLA","description":"None","link_type":"WDM","geometry_type":"Point","vendor":"","folder":"","color":"#000000","width":2.0},"geometry":{"type":"Point","coordinates":[-5.68625,5.868665]}},{"type":"Feature","properties":{"name":"AC195_OLA","description":"None","link_type":"WDM","geometry_type":"Point","vendor":"","folder":"","color":"#000000","width":2.0},"geometry":{"type":"Point","coordinates":[-4.762108,5.86279]}},{"type":"Feature","properties":{"name":"AC198_OLA","description":"None","link_type":"WDM","geometry_type":"Point","vendor":"","folder":"","color":"#000000","width":2.0},"geometry":{"type":"Point","coordinates":[-5.35436,5.840026]}},{"type":"Feature","properties":{"name":"AC140_2_OLA","description":"None","link_type":"WDM","geometry_type":"Point","vendor":"","folder":"","color":"#000000","width":2.0},"geometry":{"type":"Point","coordinates":[-6.588953,6.489668]}},{"type":"Feature","properties":{"name":"AC148_2_OLA","description":"None","link_type":"WDM","geometry_type":"Point","vendor":"","folder":"","color":"#000000","width":2.0},"geometry":{"type":"Point","coordinates":[-6.600469,5.952343]}},{"type":"Feature","properties":{"name":"AC192_OLA","description":"None","link_type":"WDM","geometry_type":"Point","vendor":"","folder":"","color":"#000000","width":2.0},"geometry":{"type":"Point","coordinates":[-4.21214062,5.92499601]}},{"type":"Feature","properties":{"name":"AC245_OLA2","description":"None","link_type":"WDM","geometry_type":"Point","vendor":"","folder":"","color":"#000000","width":2.0},"geometry":{"type":"Point","coordinates":[-5.0871023,8.1348831]}},{"type":"Feature","properties":{"name":"AC253_OLA2","description":"None","link_type":"WDM","geometry_type":"Point","vendor":"","folder":"","color":"#000000","width":2.0},"geometry":{"type":"Point","coordinates":[-5.169928,9.068533]}},{"type":"Feature","properties":{"name":"AC309_OLA2","description":"None","link_type":"WDM","geometry_type":"Point","vendor":"","folder":"","color":"#000000","width":2.0},"geometry":{"type":"Point","coordinates":[-5.2763512,8.6555437]}},{"type":"Feature","properties":{"name":"AC251_OLA2","description":"None","link_type":"WDM","geometry_type":"Point","vendor":"","folder":"","color":"#000000","width":2.0},"geometry":{"type":"Point","coordinates":[-5.4009,9.5721]}},{"type":"Feature","properties":{"name":"AC147_OLA","description":"None","link_type":"WDM","geometry_type":"Point","vendor":"","folder":"","color":"#000000","width":2.0},"geometry":{"type":"Point","coordinates":[-5.9642,6.1466]}},{"type":"Feature","properties":{"name":"AC695_OLA2","description":"None","link_type":"WDM","geometry_type":"Point","vendor":"","folder":"","color":"#000000","width":2.0},"geometry":{"type":"Point","coordinates":[-5.23718,9.39737]}},{"type":"Feature","properties":{"name":"AC456_GUESSABO","description":"None","link_type":"WDM","geometry_type":"Point","vendor":"","folder":"","color":"#000000","width":2.0},"geometry":{"type":"Point","coordinates":[-6.953689,6.736641]}},{"type":"Feature","properties":{"name":"AC205_DUOKOUE","description":"None","link_type":"WDM","geometry_type":"Point","vendor":"","folder":"","color":"#000000","width":2.0},"geometry":{"type":"Point","coordinates":[-7.34433,6.735396]}},{"type":"Feature","properties":{"name":"AC302","description":"None","link_type":"WDM","geometry_type":"Point","vendor":"","folder":"","color":"#000000","width":2.0},"geometry":{"type":"Point","coordinates":[-7.61034,7.745739]}},{"type":"Feature","properties":{"name":"AC215","description":"None","link_type":"WDM","geometry_type":"Point","vendor":"","folder":"","color":"#000000","width":2.0},"geometry":{"type":"Point","coordinates":[-6.482532,9.522297]}},{"type":"Feature","properties":{"name":"AC500_OLA","description":"None","link_type":"WDM","geometry_type":"Point","vendor":"","folder":"","color":"#000000","width":2.0},"geometry":{"type":"Point","coordinates":[-6.9416,9.6203]}},{"type":"Feature","properties":{"name":"AC301","description":"None","link_type":"WDM","geometry_type":"Point","vendor":"","folder":"","color":"#000000","width":2.0},"geometry":{"type":"Point","coordinates":[-7.485046,7.001883]}},{"type":"Feature","properties":{"name":"AC220_WDM","description":"None","link_type":"WDM","geometry_type":"Point","vendor":"","folder":"","color":"#000000","width":2.0},"geometry":{"type":"Point","coordinates":[-7.691527,8.285331]}},{"type":"Feature","properties":{"name":"AC303","description":"None","link_type":"WDM","geometry_type":"Point","vendor":"","folder":"","color":"#000000","width":2.0},"geometry":{"type":"Point","coordinates":[-7.4561,8.5494]}},{"type":"Feature","properties":{"name":"AC440","description":"None","link_type":"WDM","geometry_type":"Point","vendor":"","folder":"","color":"#000000","width":2.0},"geometry":{"type":"Point","coordinates":[-7.6061,9.1408]}},{"type":"Feature","properties":{"name":"AC180","description":"None","link_type":"WDM","geometry_type":"Point","vendor":"","folder":"","color":"#000000","width":2.0},"geometry":{"type":"Point","coordinates":[-3.202748,7.139421]}},{"type":"Feature","properties":{"name":"AC293-2","description":"None","link_type":"WDM","geometry_type":"Point","vendor":"","folder":"","color":"#000000","width":2.0},"geometry":{"type":"Point","coordinates":[-5.155454,9.970912]}},{"type":"Feature","properties":{"name":"AC504_Nielle","description":"None","link_type":"WDM","geometry_type":"Point","vendor":"","folder":"","color":"#000000","width":2.0},"geometry":{"type":"Point","coordinates":[-5.6296,10.1937]}},{"type":"Feature","properties":{"name":"AC293-1","description":"None","link_type":"WDM","geometry_type":"Point","vendor":"","folder":"","color":"#000000","width":2.0},"geometry":{"type":"Point","coordinates":[-5.155454,9.970912]}},{"type":"Feature","properties":{"name":"AC281","description":"None","link_type":"WDM","geometry_type":"Point","vendor":"","folder":"","color":"#000000","width":2.0},"geometry":{"type":"Point","coordinates":[-3.28888599,7.53722085]}},{"type":"Feature","properties":{"name":"Ouangolofitini","description":"None","link_type":"WDM","geometry_type":"Point","vendor":"","folder":"","color":"#000000","width":2.0},"geometry":{"type":"Point","coordinates":[-4.312603,9.589887]}},{"type":"Feature","properties":{"name":"BOUNA","description":"None","link_type":"WDM","geometry_type":"Point","vendor":"","folder":"","color":"#000000","width":2.0},"geometry":{"type":"Point","coordinates":[-2.99805156,9.26950392]}},{"type":"Feature","properties":{"name":"Tehini","description":"None","link_type":"WDM","geometry_type":"Point","vendor":"","folder":"","color":"#000000","width":2.0},"geometry":{"type":"Point","coordinates":[-3.6667,9.61511]}},{"type":"Feature","properties":{"name":"","description":"None","link_type":"WDM","geometry_type":"Point","vendor":"","folder":"","color":"#000000","width":2.0},"geometry":{"type":"Point","coordinates":[-4.312913,9.587295]}},{"type":"Feature","properties":{"name":"AC181_Tanda","description":"None","link_type":"WDM","geometry_type":"Point","vendor":"","folder":"","color":"#000000","width":2.0},"geometry":{"type":"Point","coordinates":[-3.17080652,7.79610626]}},{"type":"Feature","properties":{"name":"ET982_Kalakal","description":"None","link_type":"WDM","geometry_type":"Point","vendor":"","folder":"","color":"#000000","width":2.0},"geometry":{"type":"Point","coordinates":[-4.913599,9.4608]}},{"type":"Feature","properties":{"name":"Petit Nassian","description":"None","link_type":"WDM","geometry_type":"Point","vendor":"","folder":"","color":"#000000","width":2.0},"geometry":{"type":"Point","coordinates":[-4.478266,9.397548]}},{"type":"Feature","properties":{"name":"AC974_LAOUDIBA","description":"None","link_type":"WDM","geometry_type":"Point","vendor":"","folder":"","color":"#000000","width":2.0},"geometry":{"type":"Point","coordinates":[-2.95715,8.30531]}},{"type":"Feature","properties":{"name":"ET443_Bania","description":"None","link_type":"WDM","geometry_type":"Point","vendor":"","folder":"","color":"#000000","width":2.0},"geometry":{"type":"Point","coordinates":[-3.17709,9.01555]}},{"type":"Feature","properties":{"name":"Varale","description":"None","link_type":"WDM","geometry_type":"Point","vendor":"","folder":"","color":"#000000","width":2.0},"geometry":{"type":"Point","coordinates":[-3.2782,9.656425]}},{"type":"Feature","properties":{"name":"ET984_FARAKO","description":"None","link_type":"WDM","geometry_type":"Point","vendor":"","folder":"","color":"#000000","width":2.0},"geometry":{"type":"Point","coordinates":[-3.149719,8.603924]}},{"type":"Feature","properties":{"name":"AC176_Abeng_OADM","description":"NE Name : AC176_Abengourou_2\nIP Address : 129.9.158.173\nSW release : V100R021C10SPC300\nOptical NE : AC176_Abeng_OADM","link_type":"WDM","geometry_type":"Point","vendor":"","folder":"","color":"#000000","width":2.0},"geometry":{"type":"Point","coordinates":[-3.50617128,6.74194552]}},{"type":"Feature","properties":{"name":"AC089_RIVDT","description":"NE Name : AC089_RIVDT_4\nIP Address : 129.9.0.66\nSW release : V100R021C10SPC300\nOptical NE : AC089_RIVDT","link_type":"WDM","geometry_type":"Point","vendor":"","folder":"","color":"#000000","width":2.0},"geometry":{"type":"Point","coordinates":[-3.955807,5.342143]}},{"type":"Feature","properties":{"name":"AC176_Abeng_OADM","description":"NE Name : AC176_Abengourou_1\nIP Address : 129.9.0.71\nSW release : V100R007C00SPCa00\nOptical NE : AC176_Abeng_OADM","link_type":"WDM","geometry_type":"Point","vendor":"","folder":"","color":"#000000","width":2.0},"geometry":{"type":"Point","coordinates":[-3.50617128,6.74194552]}},{"type":"Feature","properties":{"name":"AC465_ROADM_POGO","description":"NE Name : AC465_Pogo_2\nIP Address : 129.9.158.206\nSW release : V100R021C10SPC300\nOptical NE : AC465_ROADM_POGO","link_type":"WDM","geometry_type":"Point","vendor":"","folder":"","color":"#000000","width":2.0},"geometry":{"type":"Point","coordinates":[-5.627465,10.433938]}},{"type":"Feature","properties":{"name":"ET482_LALERABA_ROADM","description":"NE Name : ET482_Laleraba_1\nIP Address : 129.9.0.113\nSW release : V100R007C00SPCa00\nOptical NE : ET482_LALERABA_ROADM","link_type":"WDM","geometry_type":"Point","vendor":"","folder":"","color":"#000000","width":2.0},"geometry":{"type":"Point","coordinates":[-5.075061,10.159254]}},{"type":"Feature","properties":{"name":"ET482_LALERABA_ROADM","description":"NE Name : ET482_Laleraba_2\nIP Address : 129.9.158.187\nSW release : V100R021C10SPC300\nOptical NE : ET482_LALERABA_ROADM","link_type":"WDM","geometry_type":"Point","vendor":"","folder":"","color":"#000000","width":2.0},"geometry":{"type":"Point","coordinates":[-5.075061,10.159254]}},{"type":"Feature","properties":{"name":"AC465_ROADM_POGO","description":"NE Name : AC465_Pogo_1\nIP Address : 129.9.0.81\nSW release : V100R007C00SPCa00\nOptical NE : AC465_ROADM_POGO","link_type":"WDM","geometry_type":"Point","vendor":"","folder":"","color":"#000000","width":2.0},"geometry":{"type":"Point","coordinates":[-5.627465,10.433938]}},{"type":"Feature","properties":{"name":"AC936_ROADM_FERKE","description":"NE Name : AC936_Ferke_1\nIP Address : 129.9.0.101\nSW release : V100R007C00SPCa00\nOptical NE : AC936_ROADM_FERKE","link_type":"WDM","geometry_type":"Point","vendor":"","folder":"","color":"#000000","width":2.0},"geometry":{"type":"Point","coordinates":[-5.208978,9.578909]}},{"type":"Feature","properties":{"name":"AC904_DALBSC","description":"NE Name : AC904_DALBSC_2\nIP Address : 129.9.0.15\nSW release : V100R013C10SPCa00\nOptical NE : AC904_DALBSC","link_type":"WDM","geometry_type":"Point","vendor":"","folder":"","color":"#000000","width":2.0},"geometry":{"type":"Point","coordinates":[-6.429886,6.880981]}},{"type":"Feature","properties":{"name":"AC904_DALBSC","description":"NE Name : AC904_DALBSC_1\nIP Address : 129.9.1.14\nSW release : V100R013C10SPCa00\nOptical NE : AC904_DALBSC","link_type":"WDM","geometry_type":"Point","vendor":"","folder":"","color":"#000000","width":2.0},"geometry":{"type":"Point","coordinates":[-6.429886,6.880981]}},{"type":"Feature","properties":{"name":"AC161_Sassandra","description":"NE Name : AC161_1\nIP Address : 129.9.1.7\nSW release : V100R013C10SPCa00\nOptical NE : AC161_Sassandra","link_type":"WDM","geometry_type":"Point","vendor":"","folder":"","color":"#000000","width":2.0},"geometry":{"type":"Point","coordinates":[-6.0925794,4.95379642]}},{"type":"Feature","properties":{"name":"AC153_ROADM","description":"NE Name : AC153_SEWEKE_2\nIP Address : 129.9.1.9\nSW release : V100R013C10SPCa00\nOptical NE : AC153_ROADM","link_type":"WDM","geometry_type":"Point","vendor":"","folder":"","color":"#000000","width":2.0},"geometry":{"type":"Point","coordinates":[-6.6456,4.7625]}},{"type":"Feature","properties":{"name":"AC153_ROADM","description":"NE Name : AC153_SEWEKE_1\nIP Address : 129.9.1.8\nSW release : V100R013C10SPCa00\nOptical NE : AC153_ROADM","link_type":"WDM","geometry_type":"Point","vendor":"","folder":"","color":"#000000","width":2.0},"geometry":{"type":"Point","coordinates":[-6.6456,4.7625]}},{"type":"Feature","properties":{"name":"AC602_BKE BSC","description":"NE Name : AC602_BKE HENRI POINT CARRE_2\nIP Address : 129.9.0.24\nSW release : V100R013C10SPC500\nOptical NE : AC602_BKE BSC","link_type":"WDM","geometry_type":"Point","vendor":"","folder":"","color":"#000000","width":2.0},"geometry":{"type":"Point","coordinates":[-5.0403437,7.6815074]}},{"type":"Feature","properties":{"name":"AC089_RIVDT","description":"NE Name : AC089_RIVDT_2\nIP Address : 129.9.0.21\nSW release : V100R013C10SPCa00\nOptical NE : AC089_RIVDT","link_type":"WDM","geometry_type":"Point","vendor":"","folder":"","color":"#000000","width":2.0},"geometry":{"type":"Point","coordinates":[-3.955807,5.342143]}},{"type":"Feature","properties":{"name":"AC089_RIVDT","description":"NE Name : AC089_RIVDT_1\nIP Address : 129.9.0.20\nSW release : V100R013C10SPC500\nOptical NE : AC089_RIVDT","link_type":"WDM","geometry_type":"Point","vendor":"","folder":"","color":"#000000","width":2.0},"geometry":{"type":"Point","coordinates":[-3.955807,5.342143]}},{"type":"Feature","properties":{"name":"AC602_BKE BSC","description":"NE Name : AC602_BKE HENRI POINT CARRE_1\nIP Address : 129.9.0.23\nSW release : V100R013C10SPCa00\nOptical NE : AC602_BKE BSC","link_type":"WDM","geometry_type":"Point","vendor":"","folder":"","color":"#000000","width":2.0},"geometry":{"type":"Point","coordinates":[-5.0403437,7.6815074]}},{"type":"Feature","properties":{"name":"AC611_YAMOU BSC","description":"NE Name : AC611_YAMBSC_2\nIP Address : 10.188.20.53\nSW release : V100R013C10SPCa00\nOptical NE : AC611_YAMOU BSC","link_type":"WDM","geometry_type":"Point","vendor":"","folder":"","color":"#000000","width":2.0},"geometry":{"type":"Point","coordinates":[-5.2427,6.7939]}},{"type":"Feature","properties":{"name":"AC611_YAMOU BSC","description":"NE Name : AC611_YAMBSC_1\nIP Address : 10.188.20.52\nSW release : V100R013C10SPCa00\nOptical NE : AC611_YAMOU BSC","link_type":"WDM","geometry_type":"Point","vendor":"","folder":"","color":"#000000","width":2.0},"geometry":{"type":"Point","coordinates":[-5.2427,6.7939]}},{"type":"Feature","properties":{"name":"AC613_YOPBSC","description":"NE Name : AC613_YOPBSC_2\nIP Address : 10.188.2.165\nSW release : V100R013C10SPCa00\nOptical NE : AC613_YOPBSC","link_type":"WDM","geometry_type":"Point","vendor":"","folder":"","color":"#000000","width":2.0},"geometry":{"type":"Point","coordinates":[-4.05034,5.34686]}},{"type":"Feature","properties":{"name":"AC613_YOPBSC","description":"NE Name : AC613_YOPBSC_1\nIP Address : 10.188.2.164\nSW release : V100R013C10SPCa00\nOptical NE : AC613_YOPBSC","link_type":"WDM","geometry_type":"Point","vendor":"","folder":"","color":"#000000","width":2.0},"geometry":{"type":"Point","coordinates":[-4.05034,5.34686]}},{"type":"Feature","properties":{"name":"AC248_ROADM","description":"NE Name : AC248_KORHGO_LYCSAKANOKO_2\nIP Address : 129.9.0.31\nSW release : V100R013C10SPCa00\nOptical NE : AC248_ROADM","link_type":"WDM","geometry_type":"Point","vendor":"","folder":"","color":"#000000","width":2.0},"geometry":{"type":"Point","coordinates":[-5.65816,9.4547]}},{"type":"Feature","properties":{"name":"AC248_ROADM","description":"NE Name : AC248_KORHGO_LYCSAKANOKO_1\nIP Address : 129.9.0.30\nSW release : V100R013C10SPCa00\nOptical NE : AC248_ROADM","link_type":"WDM","geometry_type":"Point","vendor":"","folder":"","color":"#000000","width":2.0},"geometry":{"type":"Point","coordinates":[-5.65816,9.4547]}},{"type":"Feature","properties":{"name":"AC161_Sassandra","description":"NE Name : AC161_SASSANDRA_OLA_1\nIP Address : 129.9.242.245\nSW release : V100R022C10SPC100\nOptical NE : AC161_Sassandra","link_type":"WDM","geometry_type":"Point","vendor":"","folder":"","color":"#000000","width":2.0},"geometry":{"type":"Point","coordinates":[-6.0925794,4.95379642]}},{"type":"Feature","properties":{"name":"AC499_ROADM","description":"NE Name : AC499_YACOLI_1\nIP Address : 129.9.0.87\nSW release : V100R007C00SPCa00\nOptical NE : AC499_ROADM","link_type":"WDM","geometry_type":"Point","vendor":"","folder":"","color":"#000000","width":2.0},"geometry":{"type":"Point","coordinates":[-6.511311,5.964714]}},{"type":"Feature","properties":{"name":"AC499_ROADM","description":"NE Name : AC499_YACOLI_2\nIP Address : 129.9.158.214\nSW release : V100R021C10SPC300\nOptical NE : AC499_ROADM","link_type":"WDM","geometry_type":"Point","vendor":"","folder":"","color":"#000000","width":2.0},"geometry":{"type":"Point","coordinates":[-6.511311,5.964714]}},{"type":"Feature","properties":{"name":"AC904_DALBSC","description":"NE Name : AC904_DALBSC_3\nIP Address : 129.9.0.99\nSW release : V100R021C10SPC300\nOptical NE : AC904_DALBSC","link_type":"WDM","geometry_type":"Point","vendor":"","folder":"","color":"#000000","width":2.0},"geometry":{"type":"Point","coordinates":[-6.429886,6.880981]}},{"type":"Feature","properties":{"name":"AC611_YAMOU BSC","description":"NE Name : AC611_YAMOU BSC_3\nIP Address : 10.188.20.60\nSW release : V100R021C10SPC300\nOptical NE : AC611_YAMOU BSC","link_type":"WDM","geometry_type":"Point","vendor":"","folder":"","color":"#000000","width":2.0},"geometry":{"type":"Point","coordinates":[-5.2427,6.7939]}},{"type":"Feature","properties":{"name":"AC613_YOPBSC","description":"NE Name : AC613_YOPBSC_3\nIP Address : 10.188.2.171\nSW release : V100R021C10SPC300\nOptical NE : AC613_YOPBSC","link_type":"WDM","geometry_type":"Point","vendor":"","folder":"","color":"#000000","width":2.0},"geometry":{"type":"Point","coordinates":[-4.05034,5.34686]}},{"type":"Feature","properties":{"name":"AC305_ODIENNE","description":"NE Name : AC305_Odienne_1\nIP Address : 129.9.243.56\nSW release : V100R022C10SPC100\nOptical NE : AC305_ODIENNE","link_type":"WDM","geometry_type":"Point","vendor":"","folder":"","color":"#000000","width":2.0},"geometry":{"type":"Point","coordinates":[-7.562218,9.504953]}},{"type":"Feature","properties":{"name":"AC305_ODIENNE","description":"NE Name : AC305_Odienne_2\nIP Address : 129.9.242.222\nSW release : V100R022C10SPC100\nOptical NE : AC305_ODIENNE","link_type":"WDM","geometry_type":"Point","vendor":"","folder":"","color":"#000000","width":2.0},"geometry":{"type":"Point","coordinates":[-7.562218,9.504953]}},{"type":"Feature","properties":{"name":"ET363_DOMORO","description":"NE Name : ET363 MAN-DOMORO_1\nIP Address : 129.9.243.58\nSW release : V100R022C10SPC100\nOptical NE : ET363_DOMORO","link_type":"WDM","geometry_type":"Point","vendor":"","folder":"","color":"#000000","width":2.0},"geometry":{"type":"Point","coordinates":[-7.55947,7.41031]}},{"type":"Feature","properties":{"name":"ET363_DOMORO","description":"NE Name : ET363 Man-DOMORO_2\nIP Address : 129.9.242.219\nSW release : V100R022C10SPC100\nOptical NE : ET363_DOMORO","link_type":"WDM","geometry_type":"Point","vendor":"","folder":"","color":"#000000","width":2.0},"geometry":{"type":"Point","coordinates":[-7.55947,7.41031]}},{"type":"Feature","properties":{"name":"AC815_WESTAFRICA","description":"NE Name : AC815_WESTAFRICA-1\nIP Address : 129.9.0.122\nSW release : V100R007C00SPCa00\nOptical NE : AC815_WESTAFRICA","link_type":"WDM","geometry_type":"Point","vendor":"","folder":"","color":"#000000","width":2.0},"geometry":{"type":"Point","coordinates":[-3.89565,5.243384]}},{"type":"Feature","properties":{"name":"AC815_WESTAFRICA","description":"NE Name : AC815_WESTAFRICA-2\nIP Address : 129.9.158.179\nSW release : V100R021C10SPC300\nOptical NE : AC815_WESTAFRICA","link_type":"WDM","geometry_type":"Point","vendor":"","folder":"","color":"#000000","width":2.0},"geometry":{"type":"Point","coordinates":[-3.89565,5.243384]}},{"type":"Feature","properties":{"name":"AC460_New","description":"NE Name : AC460_01\nIP Address : 129.9.0.133\nSW release : V100R022C10SPC100\nOptical NE : AC460_New","link_type":"WDM","geometry_type":"Point","vendor":"","folder":"","color":"#000000","width":2.0},"geometry":{"type":"Point","coordinates":[-6.1988,9.5188]}},{"type":"Feature","properties":{"name":"AC185_DAOUKRO","description":"NE Name : AC185_2_Elect\nIP Address : 129.9.154.129\nSW release : V100R021C10SPC300\nOptical NE : AC185_DAOUKRO","link_type":"WDM","geometry_type":"Point","vendor":"","folder":"","color":"#000000","width":2.0},"geometry":{"type":"Point","coordinates":[-3.963042,7.056722]}},{"type":"Feature","properties":{"name":"AC183_BONDOUKOU","description":"NE Name : AC183_2\nIP Address : 129.9.132.138\nSW release : V100R022C10SPC100\nOptical NE : AC183_BONDOUKOU","link_type":"WDM","geometry_type":"Point","vendor":"","folder":"","color":"#000000","width":2.0},"geometry":{"type":"Point","coordinates":[-2.79949743,8.04194185]}},{"type":"Feature","properties":{"name":"AC638_Abobo","description":"NE Name : AC638_2 M24\nIP Address : 129.9.0.97\nSW release : V100R021C10SPC300\nOptical NE : AC638_Abobo","link_type":"WDM","geometry_type":"Point","vendor":"","folder":"","color":"#000000","width":2.0},"geometry":{"type":"Point","coordinates":[-4.04935,5.45777]}},{"type":"Feature","properties":{"name":"AC638_Abobo","description":"NE Name : AC638_1 M12\nIP Address : 129.9.0.96\nSW release : V100R021C10SPC300\nOptical NE : AC638_Abobo","link_type":"WDM","geometry_type":"Point","vendor":"","folder":"","color":"#000000","width":2.0},"geometry":{"type":"Point","coordinates":[-4.04935,5.45777]}},{"type":"Feature","properties":{"name":"AC002_ANADER","description":"NE Name : AC002_2\nIP Address : 129.9.154.127\nSW release : V100R022C10SPC100\nOptical NE : AC002_ANADER","link_type":"WDM","geometry_type":"Point","vendor":"","folder":"","color":"#000000","width":2.0},"geometry":{"type":"Point","coordinates":[-3.99172205,5.29211395]}},{"type":"Feature","properties":{"name":"AC002_ANADER","description":"NE Name : AC002_1\nIP Address : 129.9.148.167\nSW release : V100R021C10SPC300\nOptical NE : AC002_ANADER","link_type":"WDM","geometry_type":"Point","vendor":"","folder":"","color":"#000000","width":2.0},"geometry":{"type":"Point","coordinates":[-3.99172205,5.29211395]}},{"type":"Feature","properties":{"name":"AC185_DAOUKRO","description":"NE Name : AC185_1_Optical\nIP Address : 129.9.158.152\nSW release : V100R022C10SPC100\nOptical NE : AC185_DAOUKRO","link_type":"WDM","geometry_type":"Point","vendor":"","folder":"","color":"#000000","width":2.0},"geometry":{"type":"Point","coordinates":[-3.963042,7.056722]}},{"type":"Feature","properties":{"name":"AC183_BONDOUKOU","description":"NE Name : AC183_1\nIP Address : 129.9.213.90\nSW release : V100R022C10SPC100\nOptical NE : AC183_BONDOUKOU","link_type":"WDM","geometry_type":"Point","vendor":"","folder":"","color":"#000000","width":2.0},"geometry":{"type":"Point","coordinates":[-2.79949743,8.04194185]}},{"type":"Feature","properties":{"name":"AC602_BKE BSC","description":"NE Name : AC602_BKE_03\nIP Address : 129.9.154.115\nSW release : V100R021C10SPC300\nOptical NE : AC602_BKE BSC","link_type":"WDM","geometry_type":"Point","vendor":"","folder":"","color":"#000000","width":2.0},"geometry":{"type":"Point","coordinates":[-5.0403437,7.6815074]}},{"type":"Feature","properties":{"name":"AC460_New","description":"NE Name : AC460_02\nIP Address : 129.9.0.134\nSW release : V100R022C10SPC100\nOptical NE : AC460_New","link_type":"WDM","geometry_type":"Point","vendor":"","folder":"","color":"#000000","width":2.0},"geometry":{"type":"Point","coordinates":[-6.1988,9.5188]}},{"type":"Feature","properties":{"name":"AC936_ROADM_FERKE","description":"NE Name : AC936_OTN\nIP Address : 129.9.162.119\nSW release : V100R023C00SPC100\nOptical NE : AC936_ROADM_FERKE","link_type":"WDM","geometry_type":"Point","vendor":"","folder":"","color":"#000000","width":2.0},"geometry":{"type":"Point","coordinates":[-5.208978,9.578909]}},{"type":"Feature","properties":{"name":"AC248_ROADM","description":"NE Name : AC248_KOROHGO_3\nIP Address : 129.9.154.117\nSW release : V100R021C10SPC300\nOptical NE : AC248_ROADM","link_type":"WDM","geometry_type":"Point","vendor":"","folder":"","color":"#000000","width":2.0},"geometry":{"type":"Point","coordinates":[-5.65816,9.4547]}},{"type":"Feature","properties":{"name":"AC815_WESTAFRICA","description":"NE Name : AC815_WESTAFRICA-3\nIP Address : 129.9.148.168\nSW release : V100R021C10SPC300\nOptical NE : AC815_WESTAFRICA","link_type":"WDM","geometry_type":"Point","vendor":"","folder":"","color":"#000000","width":2.0},"geometry":{"type":"Point","coordinates":[-3.89565,5.243384]}},{"type":"Feature","properties":{"name":"AC904_DALBSC_1-(2-1-13FIU-1(IN/OUT)) -- (NE(9-53)_AC140_ISSIA-(3-13FIU-1(IN/OUT))","description":"Link ID: AC904_DALBSC_1-(2-1-13FIU-1(IN/OUT)) -- (NE(9-53)_AC140_ISSIA-(3-13FIU-1(IN/OUT))\n\nFiber Loss: 22.0dB\nFiber Loss Result : Severely Unqualified\nSpan Loss : 23.6dB","link_type":"WDM","geometry_type":"LineString","vendor":"","folder":"","color":"#FF7F00","width":4.0},"geometry":{"type":"LineString","coordinates":[[-6.429886,6.880981],[-6.588953,6.489668]]}},{"type":"Feature","properties":{"name":"AC504_Nielle_1-(4-13FIU-1(IN/OUT)) -- (AC465_Pogo_1-(15-13FIU-1(IN/OUT))","description":"Link ID: AC504_Nielle_1-(4-13FIU-1(IN/OUT)) -- (AC465_Pogo_1-(15-13FIU-1(IN/OUT))\n\nFiber Loss: 10.1dB\nFiber Loss Result : Qualified\nSpan Loss : 12.0dB","link_type":"WDM","geometry_type":"LineString","vendor":"","folder":"","color":"#15FF48","width":4.0},"geometry":{"type":"LineString","coordinates":[[-5.6296,10.1937],[-5.627465,10.433938]]}},{"type":"Feature","properties":{"name":"AC815_WESTAFRICA-1-(1-4-13FIU-1(IN/OUT)) -- (AC089_RIVDT_1-(7-6-13FIU-1(IN/OUT))","description":"Link ID: AC815_WESTAFRICA-1-(1-4-13FIU-1(IN/OUT)) -- (AC089_RIVDT_1-(7-6-13FIU-1(IN/OUT))\n\nFiber Loss: 23.3dB\nFiber Loss Result : Qualified\nSpan Loss : 25.3dB","link_type":"WDM","geometry_type":"LineString","vendor":"","folder":"","color":"#15FF48","width":4.0},"geometry":{"type":"LineString","coordinates":[[-3.89565,5.243384],[-3.955807,5.342143]]}},{"type":"Feature","properties":{"name":"AC271_1-(15-13FIU-1(IN/OUT)) -- (AC529_1-(3-13FIU-1(IN/OUT))","description":"Link ID: AC271_1-(15-13FIU-1(IN/OUT)) -- (AC529_1-(3-13FIU-1(IN/OUT))\n\nFiber Loss: 28.8dB\nFiber Loss Result : Severely Unqualified\nSpan Loss : 30.5dB","link_type":"WDM","geometry_type":"LineString","vendor":"","folder":"","color":"#FF7F00","width":4.0},"geometry":{"type":"LineString","coordinates":[[-4.56127635,5.31200235],[-5.10925,5.27539]]}},{"type":"Feature","properties":{"name":"AC936_Ferke_1-(6-15-13FIU-1(IN/OUT)) -- (ET982-(16-13FIU-1(IN/OUT))","description":"Link ID: AC936_Ferke_1-(6-15-13FIU-1(IN/OUT)) -- (ET982-(16-13FIU-1(IN/OUT))\n\nFiber Loss: 13.8dB\nFiber Loss Result : Qualified\nSpan Loss : 18.1dB","link_type":"WDM","geometry_type":"LineString","vendor":"","folder":"","color":"#15FF48","width":4.0},"geometry":{"type":"LineString","coordinates":[[-5.208978,9.578909],[-4.913599,9.4608]]}},{"type":"Feature","properties":{"name":"ET983_KAFOLO-(14-13FIU-1(IN/OUT)) -- (ET980_Ouangolofitini-(16-13FIU-1(IN/OUT))","description":"Link ID: ET983_KAFOLO-(14-13FIU-1(IN/OUT)) -- (ET980_Ouangolofitini-(16-13FIU-1(IN/OUT))\n\nFiber Loss: 3.7dB\nFiber Loss Result : Unsupported\nSpan Loss : 9.6dB","link_type":"WDM","geometry_type":"LineString","vendor":"","folder":"","color":"#15FF48","width":4.0},"geometry":{"type":"LineString","coordinates":[[-4.312913,9.587295],[-4.312603,9.589887]]}},{"type":"Feature","properties":{"name":"ET981_Petit Nassian-(14-13FIU-1(IN/OUT)) -- (ET983_KAFOLO-(16-13FIU-1(IN/OUT))","description":"Link ID: ET981_Petit Nassian-(14-13FIU-1(IN/OUT)) -- (ET983_KAFOLO-(16-13FIU-1(IN/OUT))\n\nFiber Loss: 9.7dB\nFiber Loss Result : Unsupported\nSpan Loss : 13.7dB","link_type":"WDM","geometry_type":"LineString","vendor":"","folder":"","color":"#15FF48","width":4.0},"geometry":{"type":"LineString","coordinates":[[-4.478266,9.397548],[-4.312913,9.587295]]}},{"type":"Feature","properties":{"name":"ET986_Varale-(14-13FIU-1(IN/OUT)) -- (AC288_BOUNA-(16-13FIU-1(IN/OUT))","description":"Link ID: ET986_Varale-(14-13FIU-1(IN/OUT)) -- (AC288_BOUNA-(16-13FIU-1(IN/OUT))\n\nFiber Loss: 17.2dB\nFiber Loss Result : Qualified\nSpan Loss : 22.9dB","link_type":"WDM","geometry_type":"LineString","vendor":"","folder":"","color":"#15FF48","width":4.0},"geometry":{"type":"LineString","coordinates":[[-3.2782,9.656425],[-2.99805156,9.26950392]]}},{"type":"Feature","properties":{"name":"ET980_Ouangolofitini-(16-13FIU-1(IN/OUT)) -- (ET983_KAFOLO-(14-13FIU-1(IN/OUT))","description":"Link ID: ET980_Ouangolofitini-(16-13FIU-1(IN/OUT)) -- (ET983_KAFOLO-(14-13FIU-1(IN/OUT))\n\nFiber Loss: 16.0dB\nFiber Loss Result : Unsupported\nSpan Loss : 27.0dB","link_type":"WDM","geometry_type":"LineString","vendor":"","folder":"","color":"#15FF48","width":4.0},"geometry":{"type":"LineString","coordinates":[[-4.312603,9.589887],[-4.312913,9.587295]]}},{"type":"Feature","properties":{"name":"AC305_Odienne_1-(19-F1WSMD9XF-23(LIN/LOUT)) -- (AC500 Madinani-(16-13FIU-1(IN/OUT))","description":"Link ID: AC305_Odienne_1-(19-F1WSMD9XF-23(LIN/LOUT)) -- (AC500 Madinani-(16-13FIU-1(IN/OUT))\n\nFiber Loss: 26.9dB\nFiber Loss Result : Severely Unqualified\nSpan Loss : 28.1dB","link_type":"WDM","geometry_type":"LineString","vendor":"","folder":"","color":"#FF7F00","width":4.0},"geometry":{"type":"LineString","coordinates":[[-7.562218,9.504953],[-6.9416,9.6203]]}},{"type":"Feature","properties":{"name":"AC183_2-(1-4-G2OH9-1(LIN/LOUT)) -- (AC181-TANDA-(16-13FIU-1(IN/OUT))","description":"Link ID: AC183_2-(1-4-G2OH9-1(LIN/LOUT)) -- (AC181-TANDA-(16-13FIU-1(IN/OUT))\n\nFiber Loss: 28.1dB\nFiber Loss Result : Unsupported\nSpan Loss : 33.5dB","link_type":"WDM","geometry_type":"LineString","vendor":"","folder":"","color":"#15FF48","width":4.0},"geometry":{"type":"LineString","coordinates":[[-2.79949743,8.04194185],[-3.17080652,7.79610626]]}},{"type":"Feature","properties":{"name":"AC974_LAOUDIBA-(14-13FIU-1(IN/OUT)) -- (AC183_2-(4-G2OH9-1(LIN/LOUT))","description":"Link ID: AC974_LAOUDIBA-(14-13FIU-1(IN/OUT)) -- (AC183_2-(4-G2OH9-1(LIN/LOUT))\n\nFiber Loss: 14.7dB\nFiber Loss Result : Unsupported\nSpan Loss : 25.8dB","link_type":"WDM","geometry_type":"LineString","vendor":"","folder":"","color":"#15FF48","width":4.0},"geometry":{"type":"LineString","coordinates":[[-2.95715,8.30531],[-2.79949743,8.04194185]]}},{"type":"Feature","properties":{"name":"NE_AC972_DUFFREBO_1-(16-13FIU-1(IN/OUT)) -- (AC185_1_Optical-(1-1-G2OH9-1(LIN/LOUT))","description":"Link ID: NE_AC972_DUFFREBO_1-(16-13FIU-1(IN/OUT)) -- (AC185_1_Optical-(1-1-G2OH9-1(LIN/LOUT))\n\nFiber Loss: 16.0dB\nFiber Loss Result : Unsupported\nSpan Loss : 18.6dB","link_type":"WDM","geometry_type":"LineString","vendor":"","folder":"","color":"#15FF48","width":4.0},"geometry":{"type":"LineString","coordinates":[[-3.44397,7.09108],[-3.963042,7.056722]]}},{"type":"Feature","properties":{"name":"AC460_02-(2-F1WSMD9XF-23(LIN/LOUT)) -- (AC215 Boundiali-(3-13FIU-1(IN/OUT))","description":"Link ID: AC460_02-(2-F1WSMD9XF-23(LIN/LOUT)) -- (AC215 Boundiali-(3-13FIU-1(IN/OUT))\n\nFiber Loss: 15.8dB\nFiber Loss Result : Unsupported\nSpan Loss : 23.9dB","link_type":"WDM","geometry_type":"LineString","vendor":"","folder":"","color":"#15FF48","width":4.0},"geometry":{"type":"LineString","coordinates":[[-6.1988,9.5188],[-6.482532,9.522297]]}},{"type":"Feature","properties":{"name":"ET981_Petit Nassian-(16-13FIU-1(IN/OUT)) -- (ET982-(14-13FIU-1(IN/OUT))","description":"Link ID: ET981_Petit Nassian-(16-13FIU-1(IN/OUT)) -- (ET982-(14-13FIU-1(IN/OUT))\n\nFiber Loss: 18.1dB\nFiber Loss Result : Unsupported\nSpan Loss : 19.8dB","link_type":"WDM","geometry_type":"LineString","vendor":"","folder":"","color":"#15FF48","width":4.0},"geometry":{"type":"LineString","coordinates":[[-4.478266,9.397548],[-4.913599,9.4608]]}},{"type":"Feature","properties":{"name":"AC529_1-(15-13FIU-1(IN/OUT)) -- (AC162_1-(3-13FIU-1(IN/OUT))","description":"Link ID: AC529_1-(15-13FIU-1(IN/OUT)) -- (AC162_1-(3-13FIU-1(IN/OUT))\n\nFiber Loss: 22.4dB\nFiber Loss Result : Qualified\nSpan Loss : 24.2dB","link_type":"WDM","geometry_type":"LineString","vendor":"","folder":"","color":"#15FF48","width":4.0},"geometry":{"type":"LineString","coordinates":[[-5.10925,5.27539],[-5.58595047,5.10314843]]}},{"type":"Feature","properties":{"name":"AC499_YACOLI_1-(1-6-13FIU-1(IN/OUT)) -- (AC268_1-(15-13FIU-1(IN/OUT))","description":"Link ID: AC499_YACOLI_1-(1-6-13FIU-1(IN/OUT)) -- (AC268_1-(15-13FIU-1(IN/OUT))\n\nFiber Loss: 32.0dB\nFiber Loss Result : Severely Unqualified\nSpan Loss : 33.7dB","link_type":"WDM","geometry_type":"LineString","vendor":"","folder":"","color":"#FF7F00","width":4.0},"geometry":{"type":"LineString","coordinates":[[-6.511311,5.964714],[-6.56631,5.400339]]}},{"type":"Feature","properties":{"name":"AC181-TANDA-(16-13FIU-1(IN/OUT)) -- (AC183_2-(1-4-G2OH9-1(LIN/LOUT))","description":"Link ID: AC181-TANDA-(16-13FIU-1(IN/OUT)) -- (AC183_2-(1-4-G2OH9-1(LIN/LOUT))\n\nFiber Loss: 19.8dB\nFiber Loss Result : Unsupported\nSpan Loss : 28.5dB","link_type":"WDM","geometry_type":"LineString","vendor":"","folder":"","color":"#15FF48","width":4.0},"geometry":{"type":"LineString","coordinates":[[-3.17080652,7.79610626],[-2.79949743,8.04194185]]}},{"type":"Feature","properties":{"name":"ET982-(14-13FIU-1(IN/OUT)) -- (ET981_Petit Nassian-(16-13FIU-1(IN/OUT))","description":"Link ID: ET982-(14-13FIU-1(IN/OUT)) -- (ET981_Petit Nassian-(16-13FIU-1(IN/OUT))\n\nFiber Loss: 24.9dB\nFiber Loss Result : Unsupported\nSpan Loss : 26.8dB","link_type":"WDM","geometry_type":"LineString","vendor":"","folder":"","color":"#15FF48","width":4.0},"geometry":{"type":"LineString","coordinates":[[-4.913599,9.4608],[-4.478266,9.397548]]}},{"type":"Feature","properties":{"name":"AC613_YOPBSC_1-(2-1-13FIU-1(IN/OUT)) -- (AC089_RIVDT_1-(3-1-13FIU-1(IN/OUT))","description":"Link ID: AC613_YOPBSC_1-(2-1-13FIU-1(IN/OUT)) -- (AC089_RIVDT_1-(3-1-13FIU-1(IN/OUT))\n\nFiber Loss: 21.4dB\nFiber Loss Result : Severely Unqualified\nSpan Loss : 23.3dB","link_type":"WDM","geometry_type":"LineString","vendor":"","folder":"","color":"#FF7F00","width":4.0},"geometry":{"type":"LineString","coordinates":[[-4.05034,5.34686],[-3.955807,5.342143]]}},{"type":"Feature","properties":{"name":"AC485_Ananda_1-(16-13FIU-1(IN/OUT)) -- (AC186_Mbahiakro_1-(4-13FIU-1(IN/OUT))","description":"Link ID: AC485_Ananda_1-(16-13FIU-1(IN/OUT)) -- (AC186_Mbahiakro_1-(4-13FIU-1(IN/OUT))\n\nFiber Loss: 12.7dB\nFiber Loss Result : Qualified\nSpan Loss : 18.1dB","link_type":"WDM","geometry_type":"LineString","vendor":"","folder":"","color":"#15FF48","width":4.0},"geometry":{"type":"LineString","coordinates":[[-4.2495,7.2829],[-4.3417694,7.4535067]]}},{"type":"Feature","properties":{"name":"AC465_Pogo_1-(15-13FIU-1(IN/OUT)) -- (AC504_Nielle_1-(4-13FIU-1(IN/OUT))","description":"Link ID: AC465_Pogo_1-(15-13FIU-1(IN/OUT)) -- (AC504_Nielle_1-(4-13FIU-1(IN/OUT))\n\nFiber Loss: 10.4dB\nFiber Loss Result : Qualified\nSpan Loss : 16.1dB","link_type":"WDM","geometry_type":"LineString","vendor":"","folder":"","color":"#15FF48","width":4.0},"geometry":{"type":"LineString","coordinates":[[-5.627465,10.433938],[-5.6296,10.1937]]}},{"type":"Feature","properties":{"name":"AC131_1-(3-13FIU-1(IN/OUT)) -- (AC490_1-(15-13FIU-1(IN/OUT))","description":"Link ID: AC131_1-(3-13FIU-1(IN/OUT)) -- (AC490_1-(15-13FIU-1(IN/OUT))\n\nFiber Loss: 15.7dB\nFiber Loss Result : Qualified\nSpan Loss : 20.0dB","link_type":"WDM","geometry_type":"LineString","vendor":"","folder":"","color":"#15FF48","width":4.0},"geometry":{"type":"LineString","coordinates":[[-5.7488,6.9882],[-6.25366,6.906438]]}},{"type":"Feature","properties":{"name":"AC216_1-(4-13FIU-1(IN/OUT)) -- (AC588-2_1-(4-13FIU-1(IN/OUT))","description":"Link ID: AC216_1-(4-13FIU-1(IN/OUT)) -- (AC588-2_1-(4-13FIU-1(IN/OUT))\n\nFiber Loss: 14.0dB\nFiber Loss Result : Qualified\nSpan Loss : 16.6dB","link_type":"WDM","geometry_type":"LineString","vendor":"","folder":"","color":"#15FF48","width":4.0},"geometry":{"type":"LineString","coordinates":[[-5.481556,10.112818],[-5.157748,9.958611]]}},{"type":"Feature","properties":{"name":"AC176_Abengourou_1-(15-13FIU-1(IN/OUT)) -- (AC180_Agnibilekro_1-(4-13FIU-1(IN/OUT))","description":"Link ID: AC176_Abengourou_1-(15-13FIU-1(IN/OUT)) -- (AC180_Agnibilekro_1-(4-13FIU-1(IN/OUT))\n\nFiber Loss: 21.3dB\nFiber Loss Result : Severely Unqualified\nSpan Loss : 25.3dB","link_type":"WDM","geometry_type":"LineString","vendor":"","folder":"","color":"#FF7F00","width":4.0},"geometry":{"type":"LineString","coordinates":[[-3.50617128,6.74194552],[-3.202748,7.139421]]}},{"type":"Feature","properties":{"name":"AC176_Abengourou_1-(2-15-13FIU-1(IN/OUT)) -- (NE_AC972_DUFFREBO_1-(4-13FIU-1(IN/OUT))","description":"Link ID: AC176_Abengourou_1-(2-15-13FIU-1(IN/OUT)) -- (NE_AC972_DUFFREBO_1-(4-13FIU-1(IN/OUT))\n\nFiber Loss: 23.8dB\nFiber Loss Result : Severely Unqualified\nSpan Loss : 25.6dB","link_type":"WDM","geometry_type":"LineString","vendor":"","folder":"","color":"#FF7F00","width":4.0},"geometry":{"type":"LineString","coordinates":[[-3.50617128,6.74194552],[-3.44397,7.09108]]}},{"type":"Feature","properties":{"name":"AC588-2_1-(16-13FIU-1(IN/OUT)) -- (AC936_Ferke_1-(3-15-13FIU-1(IN/OUT))","description":"Link ID: AC588-2_1-(16-13FIU-1(IN/OUT)) -- (AC936_Ferke_1-(3-15-13FIU-1(IN/OUT))\n\nFiber Loss: 19.9dB\nFiber Loss Result : Severely Unqualified\nSpan Loss : 22.1dB","link_type":"WDM","geometry_type":"LineString","vendor":"","folder":"","color":"#FF7F00","width":4.0},"geometry":{"type":"LineString","coordinates":[[-5.157748,9.958611],[-5.208978,9.578909]]}},{"type":"Feature","properties":{"name":"AC089_RIVDT_1-(2-1-13FIU-1(IN/OUT)) -- (AC613_YOPBSC_1-(3-1-13FIU-1(IN/OUT))","description":"Link ID: AC089_RIVDT_1-(2-1-13FIU-1(IN/OUT)) -- (AC613_YOPBSC_1-(3-1-13FIU-1(IN/OUT))\n\nFiber Loss: 17.7dB\nFiber Loss Result : Severely Unqualified\nSpan Loss : 19.8dB","link_type":"WDM","geometry_type":"LineString","vendor":"","folder":"","color":"#FF7F00","width":4.0},"geometry":{"type":"LineString","coordinates":[[-3.955807,5.342143],[-4.05034,5.34686]]}},{"type":"Feature","properties":{"name":"AC525_1-(3-13FIU-1(IN/OUT)) -- (AC115_1-(15-13FIU-1(IN/OUT))","description":"Link ID: AC525_1-(3-13FIU-1(IN/OUT)) -- (AC115_1-(15-13FIU-1(IN/OUT))\n\nFiber Loss: 21.1dB\nFiber Loss Result : Qualified\nSpan Loss : 22.8dB","link_type":"WDM","geometry_type":"LineString","vendor":"","folder":"","color":"#15FF48","width":4.0},"geometry":{"type":"LineString","coordinates":[[-4.86189801,6.04221815],[-5.019111,6.558521]]}},{"type":"Feature","properties":{"name":"AC089_RIVDT_1-(7-6-13FIU-1(IN/OUT)) -- (AC815_WESTAFRICA-1-(1-4-13FIU-1(IN/OUT))","description":"Link ID: AC089_RIVDT_1-(7-6-13FIU-1(IN/OUT)) -- (AC815_WESTAFRICA-1-(1-4-13FIU-1(IN/OUT))\n\nFiber Loss: 25.9dB\nFiber Loss Result : Severely Unqualified\nSpan Loss : 28.1dB","link_type":"WDM","geometry_type":"LineString","vendor":"","folder":"","color":"#FF7F00","width":4.0},"geometry":{"type":"LineString","coordinates":[[-3.955807,5.342143],[-3.89565,5.243384]]}},{"type":"Feature","properties":{"name":"AC089_RIVDT_1-(6-11-13FIU-1(IN/OUT)) -- (AC638_1 M12-(10-G3DAPXF-15(LIN/LOUT))","description":"Link ID: AC089_RIVDT_1-(6-11-13FIU-1(IN/OUT)) -- (AC638_1 M12-(10-G3DAPXF-15(LIN/LOUT))\n\nFiber Loss: 15.9dB\nFiber Loss Result : Qualified\nSpan Loss : 18.5dB","link_type":"WDM","geometry_type":"LineString","vendor":"","folder":"","color":"#15FF48","width":4.0},"geometry":{"type":"LineString","coordinates":[[-3.955807,5.342143],[-4.04935,5.45777]]}},{"type":"Feature","properties":{"name":"AC936_Ferke_1-(1-15-13FIU-1(IN/OUT)) -- (AC695-2_1-(3-13FIU-1(IN/OUT))","description":"Link ID: AC936_Ferke_1-(1-15-13FIU-1(IN/OUT)) -- (AC695-2_1-(3-13FIU-1(IN/OUT))\n\nFiber Loss: 18.7dB\nFiber Loss Result : Severely Unqualified\nSpan Loss : 20.2dB","link_type":"WDM","geometry_type":"LineString","vendor":"","folder":"","color":"#FF7F00","width":4.0},"geometry":{"type":"LineString","coordinates":[[-5.208978,9.578909],[-5.23718,9.39737]]}},{"type":"Feature","properties":{"name":"AC191-(4-13FIU-1(IN/OUT)) -- (AC638_1 M12-(1-6-G3DAPXF-15(LIN/LOUT))","description":"Link ID: AC191-(4-13FIU-1(IN/OUT)) -- (AC638_1 M12-(1-6-G3DAPXF-15(LIN/LOUT))\n\nFiber Loss: 14.1dB\nFiber Loss Result : Severely Unqualified\nSpan Loss : 16.6dB","link_type":"WDM","geometry_type":"LineString","vendor":"","folder":"","color":"#FF7F00","width":4.0},"geometry":{"type":"LineString","coordinates":[[-4.06900376,5.64055906],[-4.04935,5.45777]]}},{"type":"Feature","properties":{"name":"ET984_Farako-(14-13FIU-1(IN/OUT)) -- (AC974_LAOUDIBA-(16-13FIU-1(IN/OUT))","description":"Link ID: ET984_Farako-(14-13FIU-1(IN/OUT)) -- (AC974_LAOUDIBA-(16-13FIU-1(IN/OUT))\n\nFiber Loss: 14.1dB\nFiber Loss Result : Qualified\nSpan Loss : 15.4dB","link_type":"WDM","geometry_type":"LineString","vendor":"","folder":"","color":"#15FF48","width":4.0},"geometry":{"type":"LineString","coordinates":[[-3.149719,8.603924],[-2.95715,8.30531]]}},{"type":"Feature","properties":{"name":"ET986_Varale-(16-13FIU-1(IN/OUT)) -- (ET010_Tehini-(14-13FIU-1(IN/OUT))","description":"Link ID: ET986_Varale-(16-13FIU-1(IN/OUT)) -- (ET010_Tehini-(14-13FIU-1(IN/OUT))\n\nFiber Loss: 11.2dB\nFiber Loss Result : Qualified\nSpan Loss : 16.1dB","link_type":"WDM","geometry_type":"LineString","vendor":"","folder":"","color":"#15FF48","width":4.0},"geometry":{"type":"LineString","coordinates":[[-3.2782,9.656425],[-3.6667,9.61511]]}},{"type":"Feature","properties":{"name":"AC210-1_1-(3-13FIU-1(IN/OUT)) -- (AC611_YAMBSC_1-(1-1-13FIU-1(IN/OUT))","description":"Link ID: AC210-1_1-(3-13FIU-1(IN/OUT)) -- (AC611_YAMBSC_1-(1-1-13FIU-1(IN/OUT))\n\nFiber Loss: 16.5dB\nFiber Loss Result : Qualified\nSpan Loss : 18.8dB","link_type":"WDM","geometry_type":"LineString","vendor":"","folder":"","color":"#15FF48","width":4.0},"geometry":{"type":"LineString","coordinates":[[-5.225685,7.143522],[-5.2427,6.7939]]}},{"type":"Feature","properties":{"name":"AC293-2_Ouangolo-(4-13FIU-1(IN/OUT)) -- (AC504_Nielle_1-(16-13FIU-1(IN/OUT))","description":"Link ID: AC293-2_Ouangolo-(4-13FIU-1(IN/OUT)) -- (AC504_Nielle_1-(16-13FIU-1(IN/OUT))\n\nFiber Loss: 22.6dB\nFiber Loss Result : Severely Unqualified\nSpan Loss : 24.0dB","link_type":"WDM","geometry_type":"LineString","vendor":"","folder":"","color":"#FF7F00","width":4.0},"geometry":{"type":"LineString","coordinates":[[-5.155454,9.970912],[-5.6296,10.1937]]}},{"type":"Feature","properties":{"name":"AC002_2-(1-1-G2OH9-1(LIN/LOUT)) -- (AC089_RIVDT_1-(7-13-13FIU-1(IN/OUT))","description":"Link ID: AC002_2-(1-1-G2OH9-1(LIN/LOUT)) -- (AC089_RIVDT_1-(7-13-13FIU-1(IN/OUT))\n\nFiber Loss: 13.0dB\nFiber Loss Result : Unsupported\nSpan Loss : 17.2dB","link_type":"WDM","geometry_type":"LineString","vendor":"","folder":"","color":"#15FF48","width":4.0},"geometry":{"type":"LineString","coordinates":[[-3.99172205,5.29211395],[-3.955807,5.342143]]}},{"type":"Feature","properties":{"name":"AC176_Abengourou_1-(1-15-13FIU-1(IN/OUT)) -- (AC279-(16-13FIU-1(IN/OUT))","description":"Link ID: AC176_Abengourou_1-(1-15-13FIU-1(IN/OUT)) -- (AC279-(16-13FIU-1(IN/OUT))\n\nFiber Loss: 19.4dB\nFiber Loss Result : Severely Unqualified\nSpan Loss : 21.2dB","link_type":"WDM","geometry_type":"LineString","vendor":"","folder":"","color":"#FF7F00","width":4.0},"geometry":{"type":"LineString","coordinates":[[-3.50617128,6.74194552],[-3.84311459,6.4769997]]}},{"type":"Feature","properties":{"name":"AC180_Agnibilekro_1-(4-13FIU-1(IN/OUT)) -- (AC176_Abengourou_1-(15-13FIU-1(IN/OUT))","description":"Link ID: AC180_Agnibilekro_1-(4-13FIU-1(IN/OUT)) -- (AC176_Abengourou_1-(15-13FIU-1(IN/OUT))\n\nFiber Loss: 21.7dB\nFiber Loss Result : Severely Unqualified\nSpan Loss : 23.5dB","link_type":"WDM","geometry_type":"LineString","vendor":"","folder":"","color":"#FF7F00","width":4.0},"geometry":{"type":"LineString","coordinates":[[-3.202748,7.139421],[-3.50617128,6.74194552]]}},{"type":"Feature","properties":{"name":"AC251-2_1-(3-13FIU-1(IN/OUT)) -- (AC248_KORHGO_LYCSAKANOKO_1-(1-1-13FIU-1(IN/OUT))","description":"Link ID: AC251-2_1-(3-13FIU-1(IN/OUT)) -- (AC248_KORHGO_LYCSAKANOKO_1-(1-1-13FIU-1(IN/OUT))\n\nFiber Loss: 11.7dB\nFiber Loss Result : Qualified\nSpan Loss : 16.2dB","link_type":"WDM","geometry_type":"LineString","vendor":"","folder":"","color":"#15FF48","width":4.0},"geometry":{"type":"LineString","coordinates":[[-5.4009,9.5721],[-5.65816,9.4547]]}},{"type":"Feature","properties":{"name":"AC500 Madinani-(16-13FIU-1(IN/OUT)) -- (AC305_Odienne_1-(19-F1WSMD9XF-23(LIN/LOUT))","description":"Link ID: AC500 Madinani-(16-13FIU-1(IN/OUT)) -- (AC305_Odienne_1-(19-F1WSMD9XF-23(LIN/LOUT))\n\nFiber Loss: 23.5dB\nFiber Loss Result : Qualified\nSpan Loss : 25.6dB","link_type":"WDM","geometry_type":"LineString","vendor":"","folder":"","color":"#15FF48","width":4.0},"geometry":{"type":"LineString","coordinates":[[-6.9416,9.6203],[-7.562218,9.504953]]}},{"type":"Feature","properties":{"name":"AC185_1_Optical-(1-G2OH9-1(LIN/LOUT)) -- (AC485_Ananda_1-(4-13FIU-1(IN/OUT))","description":"Link ID: AC185_1_Optical-(1-G2OH9-1(LIN/LOUT)) -- (AC485_Ananda_1-(4-13FIU-1(IN/OUT))\n\nFiber Loss: 21.0dB\nFiber Loss Result : Qualified\nSpan Loss : 23.2dB","link_type":"WDM","geometry_type":"LineString","vendor":"","folder":"","color":"#15FF48","width":4.0},"geometry":{"type":"LineString","coordinates":[[-3.963042,7.056722],[-4.2495,7.2829]]}},{"type":"Feature","properties":{"name":"AC192_AGBOVILLE-(15-13FIU-1(IN/OUT)) -- (AC638_1 M12-(13-G3DAPXF-15(LIN/LOUT))","description":"Link ID: AC192_AGBOVILLE-(15-13FIU-1(IN/OUT)) -- (AC638_1 M12-(13-G3DAPXF-15(LIN/LOUT))\n\nFiber Loss: 36.7dB\nFiber Loss Result : Severely Unqualified\nSpan Loss : 38.8dB","link_type":"WDM","geometry_type":"LineString","vendor":"","folder":"","color":"#FF7F00","width":4.0},"geometry":{"type":"LineString","coordinates":[[-4.21214062,5.92499601],[-4.04935,5.45777]]}},{"type":"Feature","properties":{"name":"AC245-2_1-(15-13FIU-1(IN/OUT)) -- (AC602_BKE HENRI POINT CARRE_1-(1-1-13FIU-1(IN/OUT))","description":"Link ID: AC245-2_1-(15-13FIU-1(IN/OUT)) -- (AC602_BKE HENRI POINT CARRE_1-(1-1-13FIU-1(IN/OUT))\n\nFiber Loss: 19.1dB\nFiber Loss Result : Qualified\nSpan Loss : 21.4dB","link_type":"WDM","geometry_type":"LineString","vendor":"","folder":"","color":"#15FF48","width":4.0},"geometry":{"type":"LineString","coordinates":[[-5.0871023,8.1348831],[-5.0403437,7.6815074]]}},{"type":"Feature","properties":{"name":"AC191-(16-13FIU-1(IN/OUT)) -- (AC171-(4-13FIU-1(IN/OUT))","description":"Link ID: AC191-(16-13FIU-1(IN/OUT)) -- (AC171-(4-13FIU-1(IN/OUT))\n\nFiber Loss: 19.8dB\nFiber Loss Result : Qualified\nSpan Loss : 21.8dB","link_type":"WDM","geometry_type":"LineString","vendor":"","folder":"","color":"#15FF48","width":4.0},"geometry":{"type":"LineString","coordinates":[[-4.06900376,5.64055906],[-3.86048899,6.0991788]]}},{"type":"Feature","properties":{"name":"AC500 Madinani-(4-13FIU-1(IN/OUT)) -- (AC215 Boundiali-(15-13FIU-1(IN/OUT))","description":"Link ID: AC500 Madinani-(4-13FIU-1(IN/OUT)) -- (AC215 Boundiali-(15-13FIU-1(IN/OUT))\n\nFiber Loss: 18.2dB\nFiber Loss Result : Qualified\nSpan Loss : 19.8dB","link_type":"WDM","geometry_type":"LineString","vendor":"","folder":"","color":"#15FF48","width":4.0},"geometry":{"type":"LineString","coordinates":[[-6.9416,9.6203],[-6.482532,9.522297]]}},{"type":"Feature","properties":{"name":"AC186_Mbahiakro_1-(4-13FIU-1(IN/OUT)) -- (AC485_Ananda_1-(16-13FIU-1(IN/OUT))","description":"Link ID: AC186_Mbahiakro_1-(4-13FIU-1(IN/OUT)) -- (AC485_Ananda_1-(16-13FIU-1(IN/OUT))\n\nFiber Loss: 14.0dB\nFiber Loss Result : Qualified\nSpan Loss : 15.9dB","link_type":"WDM","geometry_type":"LineString","vendor":"","folder":"","color":"#15FF48","width":4.0},"geometry":{"type":"LineString","coordinates":[[-4.3417694,7.4535067],[-4.2495,7.2829]]}},{"type":"Feature","properties":{"name":"AC525_1-(15-13FIU-1(IN/OUT)) -- (AC223_1-(3-13FIU-1(IN/OUT))","description":"Link ID: AC525_1-(15-13FIU-1(IN/OUT)) -- (AC223_1-(3-13FIU-1(IN/OUT))\n\nFiber Loss: 20.6dB\nFiber Loss Result : Qualified\nSpan Loss : 22.0dB","link_type":"WDM","geometry_type":"LineString","vendor":"","folder":"","color":"#15FF48","width":4.0},"geometry":{"type":"LineString","coordinates":[[-4.86189801,6.04221815],[-4.5058902,5.68891476]]}},{"type":"Feature","properties":{"name":"AC171-(16-13FIU-1(IN/OUT)) -- (AC279-(4-13FIU-1(IN/OUT))","description":"Link ID: AC171-(16-13FIU-1(IN/OUT)) -- (AC279-(4-13FIU-1(IN/OUT))\n\nFiber Loss: 18.1dB\nFiber Loss Result : Severely Unqualified\nSpan Loss : 19.6dB","link_type":"WDM","geometry_type":"LineString","vendor":"","folder":"","color":"#FF7F00","width":4.0},"geometry":{"type":"LineString","coordinates":[[-3.86048899,6.0991788],[-3.84311459,6.4769997]]}},{"type":"Feature","properties":{"name":"AC440 BAKO-(3-13FIU-1(IN/OUT)) -- (AC305_Odienne_1-(2-F1WSMD9XF-23(LIN/LOUT))","description":"Link ID: AC440 BAKO-(3-13FIU-1(IN/OUT)) -- (AC305_Odienne_1-(2-F1WSMD9XF-23(LIN/LOUT))\n\nFiber Loss: 12.9dB\nFiber Loss Result : Qualified\nSpan Loss : 16.3dB","link_type":"WDM","geometry_type":"LineString","vendor":"","folder":"","color":"#15FF48","width":4.0},"geometry":{"type":"LineString","coordinates":[[-7.6061,9.1408],[-7.562218,9.504953]]}},{"type":"Feature","properties":{"name":"AC529_1-(3-13FIU-1(IN/OUT)) -- (AC271_1-(15-13FIU-1(IN/OUT))","description":"Link ID: AC529_1-(3-13FIU-1(IN/OUT)) -- (AC271_1-(15-13FIU-1(IN/OUT))\n\nFiber Loss: 26.6dB\nFiber Loss Result : Qualified\nSpan Loss : 28.4dB","link_type":"WDM","geometry_type":"LineString","vendor":"","folder":"","color":"#15FF48","width":4.0},"geometry":{"type":"LineString","coordinates":[[-5.10925,5.27539],[-4.56127635,5.31200235]]}},{"type":"Feature","properties":{"name":"AC115_1-(15-13FIU-1(IN/OUT)) -- (AC525_1-(3-13FIU-1(IN/OUT))","description":"Link ID: AC115_1-(15-13FIU-1(IN/OUT)) -- (AC525_1-(3-13FIU-1(IN/OUT))\n\nFiber Loss: 19.5dB\nFiber Loss Result : Qualified\nSpan Loss : 21.3dB","link_type":"WDM","geometry_type":"LineString","vendor":"","folder":"","color":"#15FF48","width":4.0},"geometry":{"type":"LineString","coordinates":[[-5.019111,6.558521],[-4.86189801,6.04221815]]}},{"type":"Feature","properties":{"name":"AC269_1-(3-13FIU-1(IN/OUT)) -- (AC153_SEWEKE_1-(1-1-13FIU-1(IN/OUT))","description":"Link ID: AC269_1-(3-13FIU-1(IN/OUT)) -- (AC153_SEWEKE_1-(1-1-13FIU-1(IN/OUT))\n\nFiber Loss: 19.2dB\nFiber Loss Result : Severely Unqualified\nSpan Loss : 23.0dB","link_type":"WDM","geometry_type":"LineString","vendor":"","folder":"","color":"#FF7F00","width":4.0},"geometry":{"type":"LineString","coordinates":[[-6.49894554,5.0246144],[-6.6456,4.7625]]}},{"type":"Feature","properties":{"name":"AC305_Odienne_1-(2-F1WSMD9XF-23(LIN/LOUT)) -- (AC440 BAKO-(3-13FIU-1(IN/OUT))","description":"Link ID: AC305_Odienne_1-(2-F1WSMD9XF-23(LIN/LOUT)) -- (AC440 BAKO-(3-13FIU-1(IN/OUT))\n\nFiber Loss: 14.6dB\nFiber Loss Result : Qualified\nSpan Loss : 20.3dB","link_type":"WDM","geometry_type":"LineString","vendor":"","folder":"","color":"#15FF48","width":4.0},"geometry":{"type":"LineString","coordinates":[[-7.562218,9.504953],[-7.6061,9.1408]]}},{"type":"Feature","properties":{"name":"AC253-2_1-(15-13FIU-1(IN/OUT)) -- (AC309-2_1-(3-13FIU-1(IN/OUT))","description":"Link ID: AC253-2_1-(15-13FIU-1(IN/OUT)) -- (AC309-2_1-(3-13FIU-1(IN/OUT))\n\nFiber Loss: 12.7dB\nFiber Loss Result : Qualified\nSpan Loss : 19.6dB","link_type":"WDM","geometry_type":"LineString","vendor":"","folder":"","color":"#15FF48","width":4.0},"geometry":{"type":"LineString","coordinates":[[-5.169928,9.068533],[-5.2763512,8.6555437]]}},{"type":"Feature","properties":{"name":"AC936_Ferke_1-(3-15-13FIU-1(IN/OUT)) -- (AC588-2_1-(16-13FIU-1(IN/OUT))","description":"Link ID: AC936_Ferke_1-(3-15-13FIU-1(IN/OUT)) -- (AC588-2_1-(16-13FIU-1(IN/OUT))\n\nFiber Loss: 17.9dB\nFiber Loss Result : Severely Unqualified\nSpan Loss : 19.5dB","link_type":"WDM","geometry_type":"LineString","vendor":"","folder":"","color":"#FF7F00","width":4.0},"geometry":{"type":"LineString","coordinates":[[-5.208978,9.578909],[-5.157748,9.958611]]}},{"type":"Feature","properties":{"name":"NE(9-52)_YABAYO_AC148-(3-13FIU-1(IN/OUT)) -- (NE(9-53)_AC140_ISSIA-(15-13FIU-1(IN/OUT))","description":"Link ID: NE(9-52)_YABAYO_AC148-(3-13FIU-1(IN/OUT)) -- (NE(9-53)_AC140_ISSIA-(15-13FIU-1(IN/OUT))\n\nFiber Loss: 22.2dB\nFiber Loss Result : Qualified\nSpan Loss : 23.7dB","link_type":"WDM","geometry_type":"LineString","vendor":"","folder":"","color":"#15FF48","width":4.0},"geometry":{"type":"LineString","coordinates":[[-6.600469,5.952343],[-6.588953,6.489668]]}},{"type":"Feature","properties":{"name":"AC210-1_1-(15-13FIU-1(IN/OUT)) -- (AC602_BKE HENRI POINT CARRE_1-(16-13FIU-1(IN/OUT))","description":"Link ID: AC210-1_1-(15-13FIU-1(IN/OUT)) -- (AC602_BKE HENRI POINT CARRE_1-(16-13FIU-1(IN/OUT))\n\nFiber Loss: 23.1dB\nFiber Loss Result : Qualified\nSpan Loss : 25.8dB","link_type":"WDM","geometry_type":"LineString","vendor":"","folder":"","color":"#15FF48","width":4.0},"geometry":{"type":"LineString","coordinates":[[-5.225685,7.143522],[-5.0403437,7.6815074]]}},{"type":"Feature","properties":{"name":"AC613_YOPBSC_1-(1-1-13FIU-1(IN/OUT)) -- (AC089_RIVDT_1-(16-13FIU-1(IN/OUT))","description":"Link ID: AC613_YOPBSC_1-(1-1-13FIU-1(IN/OUT)) -- (AC089_RIVDT_1-(16-13FIU-1(IN/OUT))\n\nFiber Loss: 10.0dB\nFiber Loss Result : Qualified\nSpan Loss : 15.6dB","link_type":"WDM","geometry_type":"LineString","vendor":"","folder":"","color":"#15FF48","width":4.0},"geometry":{"type":"LineString","coordinates":[[-4.05034,5.34686],[-3.955807,5.342143]]}},{"type":"Feature","properties":{"name":"AC456 Guessabo-(4-13FIU-1(IN/OUT)) -- (AC205 DUEKOUE-(15-13FIU-1(IN/OUT))","description":"Link ID: AC456 Guessabo-(4-13FIU-1(IN/OUT)) -- (AC205 DUEKOUE-(15-13FIU-1(IN/OUT))\n\nFiber Loss: 18.4dB\nFiber Loss Result : Severely Unqualified\nSpan Loss : /dB","link_type":"WDM","geometry_type":"LineString","vendor":"","folder":"","color":"#FF7F00","width":4.0},"geometry":{"type":"LineString","coordinates":[[-6.953689,6.736641],[-7.34433,6.735396]]}},{"type":"Feature","properties":{"name":"NE(9-46)_LAKOTA_AC966-(3-13FIU-1(IN/OUT)) -- (NE(9-47)_GAGNOA_AC147-(15-13FIU-1(IN/OUT))","description":"Link ID: NE(9-46)_LAKOTA_AC966-(3-13FIU-1(IN/OUT)) -- (NE(9-47)_GAGNOA_AC147-(15-13FIU-1(IN/OUT))\n\nFiber Loss: 20.5dB\nFiber Loss Result : Qualified\nSpan Loss : 22.4dB","link_type":"WDM","geometry_type":"LineString","vendor":"","folder":"","color":"#15FF48","width":4.0},"geometry":{"type":"LineString","coordinates":[[-5.68625,5.868665],[-5.9642,6.1466]]}},{"type":"Feature","properties":{"name":"AC089_RIVDT_1-(3-1-13FIU-1(IN/OUT)) -- (AC613_YOPBSC_1-(2-1-13FIU-1(IN/OUT))","description":"Link ID: AC089_RIVDT_1-(3-1-13FIU-1(IN/OUT)) -- (AC613_YOPBSC_1-(2-1-13FIU-1(IN/OUT))\n\nFiber Loss: 34.1dB\nFiber Loss Result : Severely Unqualified\nSpan Loss : 36.4dB","link_type":"WDM","geometry_type":"LineString","vendor":"","folder":"","color":"#FF7F00","width":4.0},"geometry":{"type":"LineString","coordinates":[[-3.955807,5.342143],[-4.05034,5.34686]]}},{"type":"Feature","properties":{"name":"AC456 Guessabo-(16-13FIU-1(IN/OUT)) -- (AC904_DALBSC_1-(3-7-13FIU-1(IN/OUT))","description":"Link ID: AC456 Guessabo-(16-13FIU-1(IN/OUT)) -- (AC904_DALBSC_1-(3-7-13FIU-1(IN/OUT))\n\nFiber Loss: 20.4dB\nFiber Loss Result : Qualified\nSpan Loss : /dB","link_type":"WDM","geometry_type":"LineString","vendor":"","folder":"","color":"#15FF48","width":4.0},"geometry":{"type":"LineString","coordinates":[[-6.953689,6.736641],[-6.429886,6.880981]]}},{"type":"Feature","properties":{"name":"AC936_Ferke_1-(15-13FIU-1(IN/OUT)) -- (AC588-1_1-(4-13FIU-1(IN/OUT))","description":"Link ID: AC936_Ferke_1-(15-13FIU-1(IN/OUT)) -- (AC588-1_1-(4-13FIU-1(IN/OUT))\n\nFiber Loss: 16.3dB\nFiber Loss Result : Severely Unqualified\nSpan Loss : 18.6dB","link_type":"WDM","geometry_type":"LineString","vendor":"","folder":"","color":"#FF7F00","width":4.0},"geometry":{"type":"LineString","coordinates":[[-5.208978,9.578909],[-5.157748,9.958611]]}},{"type":"Feature","properties":{"name":"AC216_1-(16-13FIU-1(IN/OUT)) -- (AC465_Pogo_1-(1-15-13FIU-1(IN/OUT))","description":"Link ID: AC216_1-(16-13FIU-1(IN/OUT)) -- (AC465_Pogo_1-(1-15-13FIU-1(IN/OUT))\n\nFiber Loss: 15.8dB\nFiber Loss Result : Qualified\nSpan Loss : 18.1dB","link_type":"WDM","geometry_type":"LineString","vendor":"","folder":"","color":"#15FF48","width":4.0},"geometry":{"type":"LineString","coordinates":[[-5.481556,10.112818],[-5.627465,10.433938]]}},{"type":"Feature","properties":{"name":"AC460_02-(19-F1WSMD9XF-23(LIN/LOUT)) -- (AC248_KORHGO_LYCSAKANOKO_1-(2-7-13FIU-1(IN/OUT))","description":"Link ID: AC460_02-(19-F1WSMD9XF-23(LIN/LOUT)) -- (AC248_KORHGO_LYCSAKANOKO_1-(2-7-13FIU-1(IN/OUT))\n\nFiber Loss: 32.9dB\nFiber Loss Result : Severely Unqualified\nSpan Loss : 35.5dB","link_type":"WDM","geometry_type":"LineString","vendor":"","folder":"","color":"#FF7F00","width":4.0},"geometry":{"type":"LineString","coordinates":[[-6.1988,9.5188],[-5.65816,9.4547]]}},{"type":"Feature","properties":{"name":"AC588-1_1-(4-13FIU-1(IN/OUT)) -- (AC936_Ferke_1-(15-13FIU-1(IN/OUT))","description":"Link ID: AC588-1_1-(4-13FIU-1(IN/OUT)) -- (AC936_Ferke_1-(15-13FIU-1(IN/OUT))\n\nFiber Loss: 17.1dB\nFiber Loss Result : Severely Unqualified\nSpan Loss : 18.8dB","link_type":"WDM","geometry_type":"LineString","vendor":"","folder":"","color":"#FF7F00","width":4.0},"geometry":{"type":"LineString","coordinates":[[-5.157748,9.958611],[-5.208978,9.578909]]}},{"type":"Feature","properties":{"name":"AC904_DALBSC_1-(3-7-13FIU-1(IN/OUT)) -- (AC456 Guessabo-(16-13FIU-1(IN/OUT))","description":"Link ID: AC904_DALBSC_1-(3-7-13FIU-1(IN/OUT)) -- (AC456 Guessabo-(16-13FIU-1(IN/OUT))\n\nFiber Loss: 20.7dB\nFiber Loss Result : Qualified\nSpan Loss : /dB","link_type":"WDM","geometry_type":"LineString","vendor":"","folder":"","color":"#15FF48","width":4.0},"geometry":{"type":"LineString","coordinates":[[-6.429886,6.880981],[-6.953689,6.736641]]}},{"type":"Feature","properties":{"name":"AC162_1-(15-13FIU-1(IN/OUT)) -- (AC270_1-(3-13FIU-1(IN/OUT))","description":"Link ID: AC162_1-(15-13FIU-1(IN/OUT)) -- (AC270_1-(3-13FIU-1(IN/OUT))\n\nFiber Loss: 10.3dB\nFiber Loss Result : Qualified\nSpan Loss : 16.1dB","link_type":"WDM","geometry_type":"LineString","vendor":"","folder":"","color":"#15FF48","width":4.0},"geometry":{"type":"LineString","coordinates":[[-5.58595047,5.10314843],[-5.83958027,5.11499759]]}},{"type":"Feature","properties":{"name":"AC309-2_1-(3-13FIU-1(IN/OUT)) -- (AC253-2_1-(15-13FIU-1(IN/OUT))","description":"Link ID: AC309-2_1-(3-13FIU-1(IN/OUT)) -- (AC253-2_1-(15-13FIU-1(IN/OUT))\n\nFiber Loss: 12.3dB\nFiber Loss Result : Qualified\nSpan Loss : 19.9dB","link_type":"WDM","geometry_type":"LineString","vendor":"","folder":"","color":"#15FF48","width":4.0},"geometry":{"type":"LineString","coordinates":[[-5.2763512,8.6555437],[-5.169928,9.068533]]}},{"type":"Feature","properties":{"name":"AC223_1-(3-13FIU-1(IN/OUT)) -- (AC525_1-(15-13FIU-1(IN/OUT))","description":"Link ID: AC223_1-(3-13FIU-1(IN/OUT)) -- (AC525_1-(15-13FIU-1(IN/OUT))\n\nFiber Loss: 20.6dB\nFiber Loss Result : Qualified\nSpan Loss : 22.5dB","link_type":"WDM","geometry_type":"LineString","vendor":"","folder":"","color":"#15FF48","width":4.0},"geometry":{"type":"LineString","coordinates":[[-4.5058902,5.68891476],[-4.86189801,6.04221815]]}},{"type":"Feature","properties":{"name":"AC485_Ananda_1-(4-13FIU-1(IN/OUT)) -- (AC185_1_Optical-(1-G2OH9-1(LIN/LOUT))","description":"Link ID: AC485_Ananda_1-(4-13FIU-1(IN/OUT)) -- (AC185_1_Optical-(1-G2OH9-1(LIN/LOUT))\n\nFiber Loss: 21.1dB\nFiber Loss Result : Qualified\nSpan Loss : 23.7dB","link_type":"WDM","geometry_type":"LineString","vendor":"","folder":"","color":"#15FF48","width":4.0},"geometry":{"type":"LineString","coordinates":[[-4.2495,7.2829],[-3.963042,7.056722]]}},{"type":"Feature","properties":{"name":"AC293-1_OUANGOLO_CIT-(16-13FIU-1(IN/OUT)) -- (AC936_Ferke_1-(4-15-13FIU-1(IN/OUT))","description":"Link ID: AC293-1_OUANGOLO_CIT-(16-13FIU-1(IN/OUT)) -- (AC936_Ferke_1-(4-15-13FIU-1(IN/OUT))\n\nFiber Loss: 19.2dB\nFiber Loss Result : Severely Unqualified\nSpan Loss : 21.0dB","link_type":"WDM","geometry_type":"LineString","vendor":"","folder":"","color":"#FF7F00","width":4.0},"geometry":{"type":"LineString","coordinates":[[-5.155454,9.970912],[-5.208978,9.578909]]}},{"type":"Feature","properties":{"name":"AC045 BIC YOP-(15-13FIU-1(IN/OUT)) -- (AC089_RIVDT_1-(1-1-13FIU-1(IN/OUT))","description":"Link ID: AC045 BIC YOP-(15-13FIU-1(IN/OUT)) -- (AC089_RIVDT_1-(1-1-13FIU-1(IN/OUT))\n\nFiber Loss: 20.1dB\nFiber Loss Result : Severely Unqualified\nSpan Loss : 22.7dB","link_type":"WDM","geometry_type":"LineString","vendor":"","folder":"","color":"#FF7F00","width":4.0},"geometry":{"type":"LineString","coordinates":[[-4.08932887,5.36877753],[-3.955807,5.342143]]}},{"type":"Feature","properties":{"name":"AC490_1-(3-13FIU-1(IN/OUT)) -- (AC904_DALBSC_1-(1-1-13FIU-1(IN/OUT))","description":"Link ID: AC490_1-(3-13FIU-1(IN/OUT)) -- (AC904_DALBSC_1-(1-1-13FIU-1(IN/OUT))\n\nFiber Loss: 6.5dB\nFiber Loss Result : Qualified\nSpan Loss : 16.0dB","link_type":"WDM","geometry_type":"LineString","vendor":"","folder":"","color":"#15FF48","width":4.0},"geometry":{"type":"LineString","coordinates":[[-6.25366,6.906438],[-6.429886,6.880981]]}},{"type":"Feature","properties":{"name":"AC288_BOUNA-(16-13FIU-1(IN/OUT)) -- (ET986_Varale-(14-13FIU-1(IN/OUT))","description":"Link ID: AC288_BOUNA-(16-13FIU-1(IN/OUT)) -- (ET986_Varale-(14-13FIU-1(IN/OUT))\n\nFiber Loss: 18.1dB\nFiber Loss Result : Qualified\nSpan Loss : 20.1dB","link_type":"WDM","geometry_type":"LineString","vendor":"","folder":"","color":"#15FF48","width":4.0},"geometry":{"type":"LineString","coordinates":[[-2.99805156,9.26950392],[-3.2782,9.656425]]}},{"type":"Feature","properties":{"name":"AC486_Brobo_1-(16-13FIU-1(IN/OUT)) -- (AC602_BKE HENRI POINT CARRE_1-(3-15-13FIU-1(IN/OUT))","description":"Link ID: AC486_Brobo_1-(16-13FIU-1(IN/OUT)) -- (AC602_BKE HENRI POINT CARRE_1-(3-15-13FIU-1(IN/OUT))\n\nFiber Loss: 16.8dB\nFiber Loss Result : Severely Unqualified\nSpan Loss : 19.7dB","link_type":"WDM","geometry_type":"LineString","vendor":"","folder":"","color":"#FF7F00","width":4.0},"geometry":{"type":"LineString","coordinates":[[-4.8315924,7.6343012],[-5.0403437,7.6815074]]}},{"type":"Feature","properties":{"name":"AC279-(16-13FIU-1(IN/OUT)) -- (AC176_Abengourou_1-(1-15-13FIU-1(IN/OUT))","description":"Link ID: AC279-(16-13FIU-1(IN/OUT)) -- (AC176_Abengourou_1-(1-15-13FIU-1(IN/OUT))\n\nFiber Loss: 26.7dB\nFiber Loss Result : Severely Unqualified\nSpan Loss : 29.5dB","link_type":"WDM","geometry_type":"LineString","vendor":"","folder":"","color":"#FF7F00","width":4.0},"geometry":{"type":"LineString","coordinates":[[-3.84311459,6.4769997],[-3.50617128,6.74194552]]}},{"type":"Feature","properties":{"name":"AC281-KOUNA-BRONSO-(4-13FIU-1(IN/OUT)) -- (AC180_Agnibilekro_1-(16-13FIU-1(IN/OUT))","description":"Link ID: AC281-KOUNA-BRONSO-(4-13FIU-1(IN/OUT)) -- (AC180_Agnibilekro_1-(16-13FIU-1(IN/OUT))\n\nFiber Loss: 27.7dB\nFiber Loss Result : Severely Unqualified\nSpan Loss : 29.5dB","link_type":"WDM","geometry_type":"LineString","vendor":"","folder":"","color":"#FF7F00","width":4.0},"geometry":{"type":"LineString","coordinates":[[-3.28888599,7.53722085],[-3.202748,7.139421]]}},{"type":"Feature","properties":{"name":"AC089_RIVDT_1-(5-6-13FIU-1(IN/OUT)) -- (AC815_WESTAFRICA-1-(1-15-13FIU-1(IN/OUT))","description":"Link ID: AC089_RIVDT_1-(5-6-13FIU-1(IN/OUT)) -- (AC815_WESTAFRICA-1-(1-15-13FIU-1(IN/OUT))\n\nFiber Loss: 15.5dB\nFiber Loss Result : Qualified\nSpan Loss : 17.9dB","link_type":"WDM","geometry_type":"LineString","vendor":"","folder":"","color":"#15FF48","width":4.0},"geometry":{"type":"LineString","coordinates":[[-3.955807,5.342143],[-3.89565,5.243384]]}},{"type":"Feature","properties":{"name":"AC279-(4-13FIU-1(IN/OUT)) -- (AC171-(16-13FIU-1(IN/OUT))","description":"Link ID: AC279-(4-13FIU-1(IN/OUT)) -- (AC171-(16-13FIU-1(IN/OUT))\n\nFiber Loss: 23.1dB\nFiber Loss Result : Severely Unqualified\nSpan Loss : 24.6dB","link_type":"WDM","geometry_type":"LineString","vendor":"","folder":"","color":"#FF7F00","width":4.0},"geometry":{"type":"LineString","coordinates":[[-3.84311459,6.4769997],[-3.86048899,6.0991788]]}},{"type":"Feature","properties":{"name":"AC303 Koro-(3-13FIU-1(IN/OUT)) -- (AC440 BAKO-(15-13FIU-1(IN/OUT))","description":"Link ID: AC303 Koro-(3-13FIU-1(IN/OUT)) -- (AC440 BAKO-(15-13FIU-1(IN/OUT))\n\nFiber Loss: 18.8dB\nFiber Loss Result : Qualified\nSpan Loss : 20.9dB","link_type":"WDM","geometry_type":"LineString","vendor":"","folder":"","color":"#15FF48","width":4.0},"geometry":{"type":"LineString","coordinates":[[-7.4561,8.5494],[-7.6061,9.1408]]}},{"type":"Feature","properties":{"name":"AC195_NDOUCI-(3-13FIU-1(IN/OUT)) -- (NE(9-45)_DIVO_AC198-(15-13FIU-1(IN/OUT))","description":"Link ID: AC195_NDOUCI-(3-13FIU-1(IN/OUT)) -- (NE(9-45)_DIVO_AC198-(15-13FIU-1(IN/OUT))\n\nFiber Loss: 28.5dB\nFiber Loss Result : Qualified\nSpan Loss : 30.0dB","link_type":"WDM","geometry_type":"LineString","vendor":"","folder":"","color":"#15FF48","width":4.0},"geometry":{"type":"LineString","coordinates":[[-4.762108,5.86279],[-5.35436,5.840026]]}},{"type":"Feature","properties":{"name":"AC936_Ferke_1-(4-15-13FIU-1(IN/OUT)) -- (AC293-1_OUANGOLO_CIT-(16-13FIU-1(IN/OUT))","description":"Link ID: AC936_Ferke_1-(4-15-13FIU-1(IN/OUT)) -- (AC293-1_OUANGOLO_CIT-(16-13FIU-1(IN/OUT))\n\nFiber Loss: 24.6dB\nFiber Loss Result : Severely Unqualified\nSpan Loss : 27.1dB","link_type":"WDM","geometry_type":"LineString","vendor":"","folder":"","color":"#FF7F00","width":4.0},"geometry":{"type":"LineString","coordinates":[[-5.208978,9.578909],[-5.155454,9.970912]]}},{"type":"Feature","properties":{"name":"AC815_WESTAFRICA-1-(8-13FIU-1(IN/OUT)) -- (AC002_2-(1-G2OH9-1(LIN/LOUT))","description":"Link ID: AC815_WESTAFRICA-1-(8-13FIU-1(IN/OUT)) -- (AC002_2-(1-G2OH9-1(LIN/LOUT))\n\nFiber Loss: 13.7dB\nFiber Loss Result : Severely Unqualified\nSpan Loss : 15.8dB","link_type":"WDM","geometry_type":"LineString","vendor":"","folder":"","color":"#FF7F00","width":4.0},"geometry":{"type":"LineString","coordinates":[[-3.89565,5.243384],[-3.99172205,5.29211395]]}},{"type":"Feature","properties":{"name":"AC045 BIC YOP-(3-13FIU-1(IN/OUT)) -- (AC223_1-(15-13FIU-1(IN/OUT))","description":"Link ID: AC045 BIC YOP-(3-13FIU-1(IN/OUT)) -- (AC223_1-(15-13FIU-1(IN/OUT))\n\nFiber Loss: 30.1dB\nFiber Loss Result : Severely Unqualified\nSpan Loss : 31.5dB","link_type":"WDM","geometry_type":"LineString","vendor":"","folder":"","color":"#FF7F00","width":4.0},"geometry":{"type":"LineString","coordinates":[[-4.08932887,5.36877753],[-4.5058902,5.68891476]]}},{"type":"Feature","properties":{"name":"AC695-2_1-(15-13FIU-1(IN/OUT)) -- (AC253-2_1-(3-13FIU-1(IN/OUT))","description":"Link ID: AC695-2_1-(15-13FIU-1(IN/OUT)) -- (AC253-2_1-(3-13FIU-1(IN/OUT))\n\nFiber Loss: 14.2dB\nFiber Loss Result : Qualified\nSpan Loss : 16.4dB","link_type":"WDM","geometry_type":"LineString","vendor":"","folder":"","color":"#15FF48","width":4.0},"geometry":{"type":"LineString","coordinates":[[-5.23718,9.39737],[-5.169928,9.068533]]}},{"type":"Feature","properties":{"name":"AC499_YACOLI_1-(1-15-13FIU-1(IN/OUT)) -- (NE(9-47)_GAGNOA_AC147-(3-13FIU-1(IN/OUT))","description":"Link ID: AC499_YACOLI_1-(1-15-13FIU-1(IN/OUT)) -- (NE(9-47)_GAGNOA_AC147-(3-13FIU-1(IN/OUT))\n\nFiber Loss: 22.4dB\nFiber Loss Result : Qualified\nSpan Loss : 24.1dB","link_type":"WDM","geometry_type":"LineString","vendor":"","folder":"","color":"#15FF48","width":4.0},"geometry":{"type":"LineString","coordinates":[[-6.511311,5.964714],[-5.9642,6.1466]]}},{"type":"Feature","properties":{"name":"AC195_NDOUCI-(15-13FIU-1(IN/OUT)) -- (AC192_AGBOVILLE-(3-13FIU-1(IN/OUT))","description":"Link ID: AC195_NDOUCI-(15-13FIU-1(IN/OUT)) -- (AC192_AGBOVILLE-(3-13FIU-1(IN/OUT))\n\nFiber Loss: 16.6dB\nFiber Loss Result : Qualified\nSpan Loss : 27.6dB","link_type":"WDM","geometry_type":"LineString","vendor":"","folder":"","color":"#15FF48","width":4.0},"geometry":{"type":"LineString","coordinates":[[-4.762108,5.86279],[-4.21214062,5.92499601]]}},{"type":"Feature","properties":{"name":"ET363 MAN-DOMORO_1-(2-F1WSMD9XF-23(LIN/LOUT)) -- (AC301 Bangolo-(4-13FIU-1(IN/OUT))","description":"Link ID: ET363 MAN-DOMORO_1-(2-F1WSMD9XF-23(LIN/LOUT)) -- (AC301 Bangolo-(4-13FIU-1(IN/OUT))\n\nFiber Loss: 24.4dB\nFiber Loss Result : Severely Unqualified\nSpan Loss : 25.8dB","link_type":"WDM","geometry_type":"LineString","vendor":"","folder":"","color":"#FF7F00","width":4.0},"geometry":{"type":"LineString","coordinates":[[-7.55947,7.41031],[-7.485046,7.001883]]}},{"type":"Feature","properties":{"name":"ET010_Tehini-(14-13FIU-1(IN/OUT)) -- (ET986_Varale-(16-13FIU-1(IN/OUT))","description":"Link ID: ET010_Tehini-(14-13FIU-1(IN/OUT)) -- (ET986_Varale-(16-13FIU-1(IN/OUT))\n\nFiber Loss: 16.8dB\nFiber Loss Result : Severely Unqualified\nSpan Loss : 18.4dB","link_type":"WDM","geometry_type":"LineString","vendor":"","folder":"","color":"#FF7F00","width":4.0},"geometry":{"type":"LineString","coordinates":[[-3.6667,9.61511],[-3.2782,9.656425]]}},{"type":"Feature","properties":{"name":"AC186_Mbahiakro_1-(16-13FIU-1(IN/OUT)) -- (AC486_Brobo_1-(4-13FIU-1(IN/OUT))","description":"Link ID: AC186_Mbahiakro_1-(16-13FIU-1(IN/OUT)) -- (AC486_Brobo_1-(4-13FIU-1(IN/OUT))\n\nFiber Loss: 19.7dB\nFiber Loss Result : Severely Unqualified\nSpan Loss : 21.7dB","link_type":"WDM","geometry_type":"LineString","vendor":"","folder":"","color":"#FF7F00","width":4.0},"geometry":{"type":"LineString","coordinates":[[-4.3417694,7.4535067],[-4.8315924,7.6343012]]}},{"type":"Feature","properties":{"name":"AC215 Boundiali-(3-13FIU-1(IN/OUT)) -- (AC460_02-(2-F1WSMD9XF-23(LIN/LOUT))","description":"Link ID: AC215 Boundiali-(3-13FIU-1(IN/OUT)) -- (AC460_02-(2-F1WSMD9XF-23(LIN/LOUT))\n\nFiber Loss: 11.7dB\nFiber Loss Result : Unsupported\nSpan Loss : 15.9dB","link_type":"WDM","geometry_type":"LineString","vendor":"","folder":"","color":"#15FF48","width":4.0},"geometry":{"type":"LineString","coordinates":[[-6.482532,9.522297],[-6.1988,9.5188]]}},{"type":"Feature","properties":{"name":"AC192_AGBOVILLE-(3-13FIU-1(IN/OUT)) -- (AC195_NDOUCI-(15-13FIU-1(IN/OUT))","description":"Link ID: AC192_AGBOVILLE-(3-13FIU-1(IN/OUT)) -- (AC195_NDOUCI-(15-13FIU-1(IN/OUT))\n\nFiber Loss: 18.4dB\nFiber Loss Result : Qualified\nSpan Loss : 24.6dB","link_type":"WDM","geometry_type":"LineString","vendor":"","folder":"","color":"#15FF48","width":4.0},"geometry":{"type":"LineString","coordinates":[[-4.21214062,5.92499601],[-4.762108,5.86279]]}},{"type":"Feature","properties":{"name":"ET482_Laleraba_1-(15-13FIU-1(IN/OUT)) -- (AC588-1_1-(16-13FIU-1(IN/OUT))","description":"Link ID: ET482_Laleraba_1-(15-13FIU-1(IN/OUT)) -- (AC588-1_1-(16-13FIU-1(IN/OUT))\n\nFiber Loss: 9.8dB\nFiber Loss Result : Qualified\nSpan Loss : 16.0dB","link_type":"WDM","geometry_type":"LineString","vendor":"","folder":"","color":"#15FF48","width":4.0},"geometry":{"type":"LineString","coordinates":[[-5.075061,10.159254],[-5.157748,9.958611]]}},{"type":"Feature","properties":{"name":"AC904_DALBSC_1-(1-1-13FIU-1(IN/OUT)) -- (AC490_1-(3-13FIU-1(IN/OUT))","description":"Link ID: AC904_DALBSC_1-(1-1-13FIU-1(IN/OUT)) -- (AC490_1-(3-13FIU-1(IN/OUT))\n\nFiber Loss: 7.7dB\nFiber Loss Result : Qualified\nSpan Loss : 16.1dB","link_type":"WDM","geometry_type":"LineString","vendor":"","folder":"","color":"#15FF48","width":4.0},"geometry":{"type":"LineString","coordinates":[[-6.429886,6.880981],[-6.25366,6.906438]]}},{"type":"Feature","properties":{"name":"ET363 MAN-DOMORO_1-(19-F1WSMD9XF-23(LIN/LOUT)) -- (AC302 Biankouma-(15-13FIU-1(IN/OUT))","description":"Link ID: ET363 MAN-DOMORO_1-(19-F1WSMD9XF-23(LIN/LOUT)) -- (AC302 Biankouma-(15-13FIU-1(IN/OUT))\n\nFiber Loss: 18.1dB\nFiber Loss Result : Severely Unqualified\nSpan Loss : 21.1dB","link_type":"WDM","geometry_type":"LineString","vendor":"","folder":"","color":"#FF7F00","width":4.0},"geometry":{"type":"LineString","coordinates":[[-7.55947,7.41031],[-7.61034,7.745739]]}},{"type":"Feature","properties":{"name":"AC205 DUEKOUE-(3-13FIU-1(IN/OUT)) -- (AC301 Bangolo-(16-13FIU-1(IN/OUT))","description":"Link ID: AC205 DUEKOUE-(3-13FIU-1(IN/OUT)) -- (AC301 Bangolo-(16-13FIU-1(IN/OUT))\n\nFiber Loss: 12.8dB\nFiber Loss Result : Qualified\nSpan Loss : /dB","link_type":"WDM","geometry_type":"LineString","vendor":"","folder":"","color":"#15FF48","width":4.0},"geometry":{"type":"LineString","coordinates":[[-7.34433,6.735396],[-7.485046,7.001883]]}},{"type":"Feature","properties":{"name":"AC588-1_1-(16-13FIU-1(IN/OUT)) -- (ET482_Laleraba_1-(15-13FIU-1(IN/OUT))","description":"Link ID: AC588-1_1-(16-13FIU-1(IN/OUT)) -- (ET482_Laleraba_1-(15-13FIU-1(IN/OUT))\n\nFiber Loss: 13.4dB\nFiber Loss Result : Severely Unqualified\nSpan Loss : 16.1dB","link_type":"WDM","geometry_type":"LineString","vendor":"","folder":"","color":"#FF7F00","width":4.0},"geometry":{"type":"LineString","coordinates":[[-5.157748,9.958611],[-5.075061,10.159254]]}},{"type":"Feature","properties":{"name":"AC302 Biankouma-(15-13FIU-1(IN/OUT)) -- (ET363 MAN-DOMORO_1-(19-F1WSMD9XF-23(LIN/LOUT))","description":"Link ID: AC302 Biankouma-(15-13FIU-1(IN/OUT)) -- (ET363 MAN-DOMORO_1-(19-F1WSMD9XF-23(LIN/LOUT))\n\nFiber Loss: 18.5dB\nFiber Loss Result : Severely Unqualified\nSpan Loss : 21.1dB","link_type":"WDM","geometry_type":"LineString","vendor":"","folder":"","color":"#FF7F00","width":4.0},"geometry":{"type":"LineString","coordinates":[[-7.61034,7.745739],[-7.55947,7.41031]]}},{"type":"Feature","properties":{"name":"AC245-2_1-(3-13FIU-1(IN/OUT)) -- (AC309-2_1-(15-13FIU-1(IN/OUT))","description":"Link ID: AC245-2_1-(3-13FIU-1(IN/OUT)) -- (AC309-2_1-(15-13FIU-1(IN/OUT))\n\nFiber Loss: 18.7dB\nFiber Loss Result : Qualified\nSpan Loss : 20.3dB","link_type":"WDM","geometry_type":"LineString","vendor":"","folder":"","color":"#15FF48","width":4.0},"geometry":{"type":"LineString","coordinates":[[-5.0871023,8.1348831],[-5.2763512,8.6555437]]}},{"type":"Feature","properties":{"name":"NE_AC972_DUFFREBO_1-(4-13FIU-1(IN/OUT)) -- (AC176_Abengourou_1-(2-15-13FIU-1(IN/OUT))","description":"Link ID: NE_AC972_DUFFREBO_1-(4-13FIU-1(IN/OUT)) -- (AC176_Abengourou_1-(2-15-13FIU-1(IN/OUT))\n\nFiber Loss: 21.8dB\nFiber Loss Result : Severely Unqualified\nSpan Loss : 24.2dB","link_type":"WDM","geometry_type":"LineString","vendor":"","folder":"","color":"#FF7F00","width":4.0},"geometry":{"type":"LineString","coordinates":[[-3.44397,7.09108],[-3.50617128,6.74194552]]}},{"type":"Feature","properties":{"name":"ET482_Laleraba_1-(1-15-13FIU-1(IN/OUT)) -- (AC293-1_OUANGOLO_CIT-(4-13FIU-1(IN/OUT))","description":"Link ID: ET482_Laleraba_1-(1-15-13FIU-1(IN/OUT)) -- (AC293-1_OUANGOLO_CIT-(4-13FIU-1(IN/OUT))\n\nFiber Loss: 14.1dB\nFiber Loss Result : Severely Unqualified\nSpan Loss : 16.4dB","link_type":"WDM","geometry_type":"LineString","vendor":"","folder":"","color":"#FF7F00","width":4.0},"geometry":{"type":"LineString","coordinates":[[-5.075061,10.159254],[-5.155454,9.970912]]}},{"type":"Feature","properties":{"name":"AC205 DUEKOUE-(15-13FIU-1(IN/OUT)) -- (AC456 Guessabo-(4-13FIU-1(IN/OUT))","description":"Link ID: AC205 DUEKOUE-(15-13FIU-1(IN/OUT)) -- (AC456 Guessabo-(4-13FIU-1(IN/OUT))\n\nFiber Loss: 16.7dB\nFiber Loss Result : Qualified\nSpan Loss : 18.5dB","link_type":"WDM","geometry_type":"LineString","vendor":"","folder":"","color":"#15FF48","width":4.0},"geometry":{"type":"LineString","coordinates":[[-7.34433,6.735396],[-6.953689,6.736641]]}},{"type":"Feature","properties":{"name":"AC161_1-(3-13FIU-1(IN/OUT)) -- (AC270_1-(15-13FIU-1(IN/OUT))","description":"Link ID: AC161_1-(3-13FIU-1(IN/OUT)) -- (AC270_1-(15-13FIU-1(IN/OUT))\n\nFiber Loss: 20.0dB\nFiber Loss Result : Severely Unqualified\nSpan Loss : 21.6dB","link_type":"WDM","geometry_type":"LineString","vendor":"","folder":"","color":"#FF7F00","width":4.0},"geometry":{"type":"LineString","coordinates":[[-6.0925794,4.95379642],[-5.83958027,5.11499759]]}},{"type":"Feature","properties":{"name":"AC613_YOPBSC_1-(4-6-13FIU-1(IN/OUT)) -- (AC815_WESTAFRICA-1-(15-13FIU-1(IN/OUT))","description":"Link ID: AC613_YOPBSC_1-(4-6-13FIU-1(IN/OUT)) -- (AC815_WESTAFRICA-1-(15-13FIU-1(IN/OUT))\n\nFiber Loss: 19.0dB\nFiber Loss Result : Severely Unqualified\nSpan Loss : 21.5dB","link_type":"WDM","geometry_type":"LineString","vendor":"","folder":"","color":"#FF7F00","width":4.0},"geometry":{"type":"LineString","coordinates":[[-4.05034,5.34686],[-3.89565,5.243384]]}},{"type":"Feature","properties":{"name":"AC309-2_1-(15-13FIU-1(IN/OUT)) -- (AC245-2_1-(3-13FIU-1(IN/OUT))","description":"Link ID: AC309-2_1-(15-13FIU-1(IN/OUT)) -- (AC245-2_1-(3-13FIU-1(IN/OUT))\n\nFiber Loss: 20.5dB\nFiber Loss Result : Qualified\nSpan Loss : 22.0dB","link_type":"WDM","geometry_type":"LineString","vendor":"","folder":"","color":"#15FF48","width":4.0},"geometry":{"type":"LineString","coordinates":[[-5.2763512,8.6555437],[-5.0871023,8.1348831]]}},{"type":"Feature","properties":{"name":"NE(9-52)_YABAYO_AC148-(15-13FIU-1(IN/OUT)) -- (AC499_YACOLI_1-(15-13FIU-1(IN/OUT))","description":"Link ID: NE(9-52)_YABAYO_AC148-(15-13FIU-1(IN/OUT)) -- (AC499_YACOLI_1-(15-13FIU-1(IN/OUT))\n\nFiber Loss: 5.0dB\nFiber Loss Result : Qualified\nSpan Loss : 20.0dB","link_type":"WDM","geometry_type":"LineString","vendor":"","folder":"","color":"#15FF48","width":4.0},"geometry":{"type":"LineString","coordinates":[[-6.600469,5.952343],[-6.511311,5.964714]]}},{"type":"Feature","properties":{"name":"AC153_SEWEKE_1-(1-1-13FIU-1(IN/OUT)) -- (AC269_1-(3-13FIU-1(IN/OUT))","description":"Link ID: AC153_SEWEKE_1-(1-1-13FIU-1(IN/OUT)) -- (AC269_1-(3-13FIU-1(IN/OUT))\n\nFiber Loss: 17.6dB\nFiber Loss Result : Qualified\nSpan Loss : 19.1dB","link_type":"WDM","geometry_type":"LineString","vendor":"","folder":"","color":"#15FF48","width":4.0},"geometry":{"type":"LineString","coordinates":[[-6.6456,4.7625],[-6.49894554,5.0246144]]}},{"type":"Feature","properties":{"name":"AC089_RIVDT_1-(16-13FIU-1(IN/OUT)) -- (AC613_YOPBSC_1-(1-1-13FIU-1(IN/OUT))","description":"Link ID: AC089_RIVDT_1-(16-13FIU-1(IN/OUT)) -- (AC613_YOPBSC_1-(1-1-13FIU-1(IN/OUT))\n\nFiber Loss: 13.0dB\nFiber Loss Result : Severely Unqualified\nSpan Loss : 15.9dB","link_type":"WDM","geometry_type":"LineString","vendor":"","folder":"","color":"#FF7F00","width":4.0},"geometry":{"type":"LineString","coordinates":[[-3.955807,5.342143],[-4.05034,5.34686]]}},{"type":"Feature","properties":{"name":"AC270_1-(3-13FIU-1(IN/OUT)) -- (AC162_1-(15-13FIU-1(IN/OUT))","description":"Link ID: AC270_1-(3-13FIU-1(IN/OUT)) -- (AC162_1-(15-13FIU-1(IN/OUT))\n\nFiber Loss: 11.9dB\nFiber Loss Result : Qualified\nSpan Loss : 15.9dB","link_type":"WDM","geometry_type":"LineString","vendor":"","folder":"","color":"#15FF48","width":4.0},"geometry":{"type":"LineString","coordinates":[[-5.83958027,5.11499759],[-5.58595047,5.10314843]]}},{"type":"Feature","properties":{"name":"AC220 Touba-(3-13FIU-1(IN/OUT)) -- (AC303 Koro-(15-13FIU-1(IN/OUT))","description":"Link ID: AC220 Touba-(3-13FIU-1(IN/OUT)) -- (AC303 Koro-(15-13FIU-1(IN/OUT))\n\nFiber Loss: 15.2dB\nFiber Loss Result : Qualified\nSpan Loss : 17.1dB","link_type":"WDM","geometry_type":"LineString","vendor":"","folder":"","color":"#15FF48","width":4.0},"geometry":{"type":"LineString","coordinates":[[-7.691527,8.285331],[-7.4561,8.5494]]}},{"type":"Feature","properties":{"name":"AC499_YACOLI_1-(15-13FIU-1(IN/OUT)) -- (NE(9-52)_YABAYO_AC148-(15-13FIU-1(IN/OUT))","description":"Link ID: AC499_YACOLI_1-(15-13FIU-1(IN/OUT)) -- (NE(9-52)_YABAYO_AC148-(15-13FIU-1(IN/OUT))\n\nFiber Loss: 4.6dB\nFiber Loss Result : Qualified\nSpan Loss : 19.9dB","link_type":"WDM","geometry_type":"LineString","vendor":"","folder":"","color":"#15FF48","width":4.0},"geometry":{"type":"LineString","coordinates":[[-6.511311,5.964714],[-6.600469,5.952343]]}},{"type":"Feature","properties":{"name":"AC611_YAMBSC_1-(16-13FIU-1(IN/OUT)) -- (AC131_1-(15-13FIU-1(IN/OUT))","description":"Link ID: AC611_YAMBSC_1-(16-13FIU-1(IN/OUT)) -- (AC131_1-(15-13FIU-1(IN/OUT))\n\nFiber Loss: 21.0dB\nFiber Loss Result : Qualified\nSpan Loss : 22.6dB","link_type":"WDM","geometry_type":"LineString","vendor":"","folder":"","color":"#15FF48","width":4.0},"geometry":{"type":"LineString","coordinates":[[-5.2427,6.7939],[-5.7488,6.9882]]}},{"type":"Feature","properties":{"name":"NE(9-45)_DIVO_AC198-(15-13FIU-1(IN/OUT)) -- (AC195_NDOUCI-(3-13FIU-1(IN/OUT))","description":"Link ID: NE(9-45)_DIVO_AC198-(15-13FIU-1(IN/OUT)) -- (AC195_NDOUCI-(3-13FIU-1(IN/OUT))\n\nFiber Loss: 29.5dB\nFiber Loss Result : Qualified\nSpan Loss : 31.7dB","link_type":"WDM","geometry_type":"LineString","vendor":"","folder":"","color":"#15FF48","width":4.0},"geometry":{"type":"LineString","coordinates":[[-5.35436,5.840026],[-4.762108,5.86279]]}},{"type":"Feature","properties":{"name":"NE(9-53)_AC140_ISSIA-(3-13FIU-1(IN/OUT)) -- (AC904_DALBSC_1-(2-1-13FIU-1(IN/OUT))","description":"Link ID: NE(9-53)_AC140_ISSIA-(3-13FIU-1(IN/OUT)) -- (AC904_DALBSC_1-(2-1-13FIU-1(IN/OUT))\n\nFiber Loss: 27.7dB\nFiber Loss Result : Severely Unqualified\nSpan Loss : 29.2dB","link_type":"WDM","geometry_type":"LineString","vendor":"","folder":"","color":"#FF7F00","width":4.0},"geometry":{"type":"LineString","coordinates":[[-6.588953,6.489668],[-6.429886,6.880981]]}},{"type":"Feature","properties":{"name":"ET010_Tehini-(16-13FIU-1(IN/OUT)) -- (ET980_Ouangolofitini-(14-13FIU-1(IN/OUT))","description":"Link ID: ET010_Tehini-(16-13FIU-1(IN/OUT)) -- (ET980_Ouangolofitini-(14-13FIU-1(IN/OUT))\n\nFiber Loss: 9.2dB\nFiber Loss Result : Qualified\nSpan Loss : 16.4dB","link_type":"WDM","geometry_type":"LineString","vendor":"","folder":"","color":"#15FF48","width":4.0},"geometry":{"type":"LineString","coordinates":[[-3.6667,9.61511],[-4.312603,9.589887]]}},{"type":"Feature","properties":{"name":"ET443_Bania-(16-13FIU-1(IN/OUT)) -- (AC288_BOUNA-(14-13FIU-1(IN/OUT))","description":"Link ID: ET443_Bania-(16-13FIU-1(IN/OUT)) -- (AC288_BOUNA-(14-13FIU-1(IN/OUT))\n\nFiber Loss: 14.5dB\nFiber Loss Result : Qualified\nSpan Loss : 16.5dB","link_type":"WDM","geometry_type":"LineString","vendor":"","folder":"","color":"#15FF48","width":4.0},"geometry":{"type":"LineString","coordinates":[[-3.17709,9.01555],[-2.99805156,9.26950392]]}},{"type":"Feature","properties":{"name":"AC268_1-(15-13FIU-1(IN/OUT)) -- (AC499_YACOLI_1-(1-6-13FIU-1(IN/OUT))","description":"Link ID: AC268_1-(15-13FIU-1(IN/OUT)) -- (AC499_YACOLI_1-(1-6-13FIU-1(IN/OUT))\n\nFiber Loss: 31.5dB\nFiber Loss Result : Severely Unqualified\nSpan Loss : 33.6dB","link_type":"WDM","geometry_type":"LineString","vendor":"","folder":"","color":"#FF7F00","width":4.0},"geometry":{"type":"LineString","coordinates":[[-6.56631,5.400339],[-6.511311,5.964714]]}},{"type":"Feature","properties":{"name":"AC602_BKE HENRI POINT CARRE_1-(16-13FIU-1(IN/OUT)) -- (AC210-1_1-(15-13FIU-1(IN/OUT))","description":"Link ID: AC602_BKE HENRI POINT CARRE_1-(16-13FIU-1(IN/OUT)) -- (AC210-1_1-(15-13FIU-1(IN/OUT))\n\nFiber Loss: 22.3dB\nFiber Loss Result : Qualified\nSpan Loss : 24.1dB","link_type":"WDM","geometry_type":"LineString","vendor":"","folder":"","color":"#15FF48","width":4.0},"geometry":{"type":"LineString","coordinates":[[-5.0403437,7.6815074],[-5.225685,7.143522]]}},{"type":"Feature","properties":{"name":"AC293-2_Ouangolo-(16-13FIU-1(IN/OUT)) -- (AC936_Ferke_1-(5-15-13FIU-1(IN/OUT))","description":"Link ID: AC293-2_Ouangolo-(16-13FIU-1(IN/OUT)) -- (AC936_Ferke_1-(5-15-13FIU-1(IN/OUT))\n\nFiber Loss: 20.4dB\nFiber Loss Result : Severely Unqualified\nSpan Loss : 22.2dB","link_type":"WDM","geometry_type":"LineString","vendor":"","folder":"","color":"#FF7F00","width":4.0},"geometry":{"type":"LineString","coordinates":[[-5.155454,9.970912],[-5.208978,9.578909]]}},{"type":"Feature","properties":{"name":"ET983_KAFOLO-(16-13FIU-1(IN/OUT)) -- (ET981_Petit Nassian-(14-13FIU-1(IN/OUT))","description":"Link ID: ET983_KAFOLO-(16-13FIU-1(IN/OUT)) -- (ET981_Petit Nassian-(14-13FIU-1(IN/OUT))\n\nFiber Loss: 16.3dB\nFiber Loss Result : Unsupported\nSpan Loss : 18.4dB","link_type":"WDM","geometry_type":"LineString","vendor":"","folder":"","color":"#15FF48","width":4.0},"geometry":{"type":"LineString","coordinates":[[-4.312913,9.587295],[-4.478266,9.397548]]}},{"type":"Feature","properties":{"name":"AC486_Brobo_1-(4-13FIU-1(IN/OUT)) -- (AC186_Mbahiakro_1-(16-13FIU-1(IN/OUT))","description":"Link ID: AC486_Brobo_1-(4-13FIU-1(IN/OUT)) -- (AC186_Mbahiakro_1-(16-13FIU-1(IN/OUT))\n\nFiber Loss: 19.7dB\nFiber Loss Result : Severely Unqualified\nSpan Loss : 21.4dB","link_type":"WDM","geometry_type":"LineString","vendor":"","folder":"","color":"#FF7F00","width":4.0},"geometry":{"type":"LineString","coordinates":[[-4.8315924,7.6343012],[-4.3417694,7.4535067]]}},{"type":"Feature","properties":{"name":"AC638_1 M12-(1-6-G3DAPXF-15(LIN/LOUT)) -- (AC191-(4-13FIU-1(IN/OUT))","description":"Link ID: AC638_1 M12-(1-6-G3DAPXF-15(LIN/LOUT)) -- (AC191-(4-13FIU-1(IN/OUT))\n\nFiber Loss: 16.0dB\nFiber Loss Result : Severely Unqualified\nSpan Loss : 18.1dB","link_type":"WDM","geometry_type":"LineString","vendor":"","folder":"","color":"#FF7F00","width":4.0},"geometry":{"type":"LineString","coordinates":[[-4.04935,5.45777],[-4.06900376,5.64055906]]}},{"type":"Feature","properties":{"name":"AC171-(4-13FIU-1(IN/OUT)) -- (AC191-(16-13FIU-1(IN/OUT))","description":"Link ID: AC171-(4-13FIU-1(IN/OUT)) -- (AC191-(16-13FIU-1(IN/OUT))\n\nFiber Loss: 21.7dB\nFiber Loss Result : Qualified\nSpan Loss : 23.4dB","link_type":"WDM","geometry_type":"LineString","vendor":"","folder":"","color":"#15FF48","width":4.0},"geometry":{"type":"LineString","coordinates":[[-3.86048899,6.0991788],[-4.06900376,5.64055906]]}},{"type":"Feature","properties":{"name":"AC248_KORHGO_LYCSAKANOKO_1-(1-1-13FIU-1(IN/OUT)) -- (AC251-2_1-(3-13FIU-1(IN/OUT))","description":"Link ID: AC248_KORHGO_LYCSAKANOKO_1-(1-1-13FIU-1(IN/OUT)) -- (AC251-2_1-(3-13FIU-1(IN/OUT))\n\nFiber Loss: 12.0dB\nFiber Loss Result : Qualified\nSpan Loss : 16.0dB","link_type":"WDM","geometry_type":"LineString","vendor":"","folder":"","color":"#15FF48","width":4.0},"geometry":{"type":"LineString","coordinates":[[-5.65816,9.4547],[-5.4009,9.5721]]}},{"type":"Feature","properties":{"name":"AC815_WESTAFRICA-1-(1-15-13FIU-1(IN/OUT)) -- (AC089_RIVDT_1-(5-6-13FIU-1(IN/OUT))","description":"Link ID: AC815_WESTAFRICA-1-(1-15-13FIU-1(IN/OUT)) -- (AC089_RIVDT_1-(5-6-13FIU-1(IN/OUT))\n\nFiber Loss: 15.0dB\nFiber Loss Result : Qualified\nSpan Loss : 17.9dB","link_type":"WDM","geometry_type":"LineString","vendor":"","folder":"","color":"#15FF48","width":4.0},"geometry":{"type":"LineString","coordinates":[[-3.89565,5.243384],[-3.955807,5.342143]]}},{"type":"Feature","properties":{"name":"AC271_1-(3-13FIU-1(IN/OUT)) -- (AC613_YOPBSC_1-(16-13FIU-1(IN/OUT))","description":"Link ID: AC271_1-(3-13FIU-1(IN/OUT)) -- (AC613_YOPBSC_1-(16-13FIU-1(IN/OUT))\n\nFiber Loss: 33.5dB\nFiber Loss Result : Severely Unqualified\nSpan Loss : 36.4dB","link_type":"WDM","geometry_type":"LineString","vendor":"","folder":"","color":"#FF7F00","width":4.0},"geometry":{"type":"LineString","coordinates":[[-4.56127635,5.31200235],[-4.05034,5.34686]]}},{"type":"Feature","properties":{"name":"AC303 Koro-(15-13FIU-1(IN/OUT)) -- (AC220 Touba-(3-13FIU-1(IN/OUT))","description":"Link ID: AC303 Koro-(15-13FIU-1(IN/OUT)) -- (AC220 Touba-(3-13FIU-1(IN/OUT))\n\nFiber Loss: 16.4dB\nFiber Loss Result : Qualified\nSpan Loss : 18.0dB","link_type":"WDM","geometry_type":"LineString","vendor":"","folder":"","color":"#15FF48","width":4.0},"geometry":{"type":"LineString","coordinates":[[-7.4561,8.5494],[-7.691527,8.285331]]}},{"type":"Feature","properties":{"name":"AC638_1 M12-(13-G3DAPXF-15(LIN/LOUT)) -- (AC192_AGBOVILLE-(15-13FIU-1(IN/OUT))","description":"Link ID: AC638_1 M12-(13-G3DAPXF-15(LIN/LOUT)) -- (AC192_AGBOVILLE-(15-13FIU-1(IN/OUT))\n\nFiber Loss: 37.0dB\nFiber Loss Result : Severely Unqualified\nSpan Loss : 38.7dB","link_type":"WDM","geometry_type":"LineString","vendor":"","folder":"","color":"#FF7F00","width":4.0},"geometry":{"type":"LineString","coordinates":[[-4.04935,5.45777],[-4.21214062,5.92499601]]}},{"type":"Feature","properties":{"name":"AC613_YOPBSC_1-(3-1-13FIU-1(IN/OUT)) -- (AC089_RIVDT_1-(2-1-13FIU-1(IN/OUT))","description":"Link ID: AC613_YOPBSC_1-(3-1-13FIU-1(IN/OUT)) -- (AC089_RIVDT_1-(2-1-13FIU-1(IN/OUT))\n\nFiber Loss: 13.6dB\nFiber Loss Result : Qualified\nSpan Loss : 15.7dB","link_type":"WDM","geometry_type":"LineString","vendor":"","folder":"","color":"#15FF48","width":4.0},"geometry":{"type":"LineString","coordinates":[[-4.05034,5.34686],[-3.955807,5.342143]]}},{"type":"Feature","properties":{"name":"AC281-KOUNA-BRONSO-(16-13FIU-1(IN/OUT)) -- (AC181-TANDA-(4-13FIU-1(IN/OUT))","description":"Link ID: AC281-KOUNA-BRONSO-(16-13FIU-1(IN/OUT)) -- (AC181-TANDA-(4-13FIU-1(IN/OUT))\n\nFiber Loss: 15.6dB\nFiber Loss Result : Severely Unqualified\nSpan Loss : 18.6dB","link_type":"WDM","geometry_type":"LineString","vendor":"","folder":"","color":"#FF7F00","width":4.0},"geometry":{"type":"LineString","coordinates":[[-3.28888599,7.53722085],[-3.17080652,7.79610626]]}},{"type":"Feature","properties":{"name":"AC638_1 M12-(1-G3DAPXF-15(LIN/LOUT)) -- (AC613_YOPBSC_1-(5-1-13FIU-1(IN/OUT))","description":"Link ID: AC638_1 M12-(1-G3DAPXF-15(LIN/LOUT)) -- (AC613_YOPBSC_1-(5-1-13FIU-1(IN/OUT))\n\nFiber Loss: 17.0dB\nFiber Loss Result : Qualified\nSpan Loss : 20.0dB","link_type":"WDM","geometry_type":"LineString","vendor":"","folder":"","color":"#15FF48","width":4.0},"geometry":{"type":"LineString","coordinates":[[-4.04935,5.45777],[-4.05034,5.34686]]}},{"type":"Feature","properties":{"name":"AC293-1_OUANGOLO_CIT-(4-13FIU-1(IN/OUT)) -- (ET482_Laleraba_1-(1-15-13FIU-1(IN/OUT))","description":"Link ID: AC293-1_OUANGOLO_CIT-(4-13FIU-1(IN/OUT)) -- (ET482_Laleraba_1-(1-15-13FIU-1(IN/OUT))\n\nFiber Loss: 18.6dB\nFiber Loss Result : Severely Unqualified\nSpan Loss : 20.5dB","link_type":"WDM","geometry_type":"LineString","vendor":"","folder":"","color":"#FF7F00","width":4.0},"geometry":{"type":"LineString","coordinates":[[-5.155454,9.970912],[-5.075061,10.159254]]}},{"type":"Feature","properties":{"name":"ET984_Farako-(16-13FIU-1(IN/OUT)) -- (ET443_Bania-(14-13FIU-1(IN/OUT))","description":"Link ID: ET984_Farako-(16-13FIU-1(IN/OUT)) -- (ET443_Bania-(14-13FIU-1(IN/OUT))\n\nFiber Loss: 10.0dB\nFiber Loss Result : Qualified\nSpan Loss : 16.3dB","link_type":"WDM","geometry_type":"LineString","vendor":"","folder":"","color":"#15FF48","width":4.0},"geometry":{"type":"LineString","coordinates":[[-3.149719,8.603924],[-3.17709,9.01555]]}},{"type":"Feature","properties":{"name":"AC611_YAMBSC_1-(1-1-13FIU-1(IN/OUT)) -- (AC210-1_1-(3-13FIU-1(IN/OUT))","description":"Link ID: AC611_YAMBSC_1-(1-1-13FIU-1(IN/OUT)) -- (AC210-1_1-(3-13FIU-1(IN/OUT))\n\nFiber Loss: 14.9dB\nFiber Loss Result : Qualified\nSpan Loss : 16.3dB","link_type":"WDM","geometry_type":"LineString","vendor":"","folder":"","color":"#15FF48","width":4.0},"geometry":{"type":"LineString","coordinates":[[-5.2427,6.7939],[-5.225685,7.143522]]}},{"type":"Feature","properties":{"name":"NE(9-47)_GAGNOA_AC147-(15-13FIU-1(IN/OUT)) -- (NE(9-46)_LAKOTA_AC966-(3-13FIU-1(IN/OUT))","description":"Link ID: NE(9-47)_GAGNOA_AC147-(15-13FIU-1(IN/OUT)) -- (NE(9-46)_LAKOTA_AC966-(3-13FIU-1(IN/OUT))\n\nFiber Loss: 21.7dB\nFiber Loss Result : Qualified\nSpan Loss : 23.1dB","link_type":"WDM","geometry_type":"LineString","vendor":"","folder":"","color":"#15FF48","width":4.0},"geometry":{"type":"LineString","coordinates":[[-5.9642,6.1466],[-5.68625,5.868665]]}},{"type":"Feature","properties":{"name":"AC248_KORHGO_LYCSAKANOKO_1-(2-7-13FIU-1(IN/OUT)) -- (AC460_02-(19-F1WSMD9XF-23(LIN/LOUT))","description":"Link ID: AC248_KORHGO_LYCSAKANOKO_1-(2-7-13FIU-1(IN/OUT)) -- (AC460_02-(19-F1WSMD9XF-23(LIN/LOUT))\n\nFiber Loss: 30.5dB\nFiber Loss Result : Severely Unqualified\nSpan Loss : 32.8dB","link_type":"WDM","geometry_type":"LineString","vendor":"","folder":"","color":"#FF7F00","width":4.0},"geometry":{"type":"LineString","coordinates":[[-5.65816,9.4547],[-6.1988,9.5188]]}},{"type":"Feature","properties":{"name":"AC270_1-(15-13FIU-1(IN/OUT)) -- (AC161_1-(3-13FIU-1(IN/OUT))","description":"Link ID: AC270_1-(15-13FIU-1(IN/OUT)) -- (AC161_1-(3-13FIU-1(IN/OUT))\n\nFiber Loss: 19.2dB\nFiber Loss Result : Severely Unqualified\nSpan Loss : 21.8dB","link_type":"WDM","geometry_type":"LineString","vendor":"","folder":"","color":"#FF7F00","width":4.0},"geometry":{"type":"LineString","coordinates":[[-5.83958027,5.11499759],[-6.0925794,4.95379642]]}},{"type":"Feature","properties":{"name":"AC181-TANDA-(4-13FIU-1(IN/OUT)) -- (AC281-KOUNA-BRONSO-(16-13FIU-1(IN/OUT))","description":"Link ID: AC181-TANDA-(4-13FIU-1(IN/OUT)) -- (AC281-KOUNA-BRONSO-(16-13FIU-1(IN/OUT))\n\nFiber Loss: 16.6dB\nFiber Loss Result : Severely Unqualified\nSpan Loss : 18.5dB","link_type":"WDM","geometry_type":"LineString","vendor":"","folder":"","color":"#FF7F00","width":4.0},"geometry":{"type":"LineString","coordinates":[[-3.17080652,7.79610626],[-3.28888599,7.53722085]]}},{"type":"Feature","properties":{"name":"AC223_1-(15-13FIU-1(IN/OUT)) -- (AC045 BIC YOP-(3-13FIU-1(IN/OUT))","description":"Link ID: AC223_1-(15-13FIU-1(IN/OUT)) -- (AC045 BIC YOP-(3-13FIU-1(IN/OUT))\n\nFiber Loss: 32.8dB\nFiber Loss Result : Severely Unqualified\nSpan Loss : 34.8dB","link_type":"WDM","geometry_type":"LineString","vendor":"","folder":"","color":"#FF7F00","width":4.0},"geometry":{"type":"LineString","coordinates":[[-4.5058902,5.68891476],[-4.08932887,5.36877753]]}},{"type":"Feature","properties":{"name":"AC936_Ferke_1-(2-15-13FIU-1(IN/OUT)) -- (AC251-2_1-(15-13FIU-1(IN/OUT))","description":"Link ID: AC936_Ferke_1-(2-15-13FIU-1(IN/OUT)) -- (AC251-2_1-(15-13FIU-1(IN/OUT))\n\nFiber Loss: 7.5dB\nFiber Loss Result : Qualified\nSpan Loss : 15.6dB","link_type":"WDM","geometry_type":"LineString","vendor":"","folder":"","color":"#15FF48","width":4.0},"geometry":{"type":"LineString","coordinates":[[-5.208978,9.578909],[-5.4009,9.5721]]}},{"type":"Feature","properties":{"name":"AC465_Pogo_1-(1-15-13FIU-1(IN/OUT)) -- (AC216_1-(16-13FIU-1(IN/OUT))","description":"Link ID: AC465_Pogo_1-(1-15-13FIU-1(IN/OUT)) -- (AC216_1-(16-13FIU-1(IN/OUT))\n\nFiber Loss: 14.9dB\nFiber Loss Result : Qualified\nSpan Loss : 16.6dB","link_type":"WDM","geometry_type":"LineString","vendor":"","folder":"","color":"#15FF48","width":4.0},"geometry":{"type":"LineString","coordinates":[[-5.627465,10.433938],[-5.481556,10.112818]]}},{"type":"Feature","properties":{"name":"AC089_RIVDT_1-(7-13-13FIU-1(IN/OUT)) -- (AC002_2-(1-1-G2OH9-1(LIN/LOUT))","description":"Link ID: AC089_RIVDT_1-(7-13-13FIU-1(IN/OUT)) -- (AC002_2-(1-1-G2OH9-1(LIN/LOUT))\n\nFiber Loss: 12.9dB\nFiber Loss Result : Unsupported\nSpan Loss : 15.7dB","link_type":"WDM","geometry_type":"LineString","vendor":"","folder":"","color":"#15FF48","width":4.0},"geometry":{"type":"LineString","coordinates":[[-3.955807,5.342143],[-3.99172205,5.29211395]]}},{"type":"Feature","properties":{"name":"AC153_SEWEKE_1-(16-13FIU-1(IN/OUT)) -- (AC161_1-(15-13FIU-1(IN/OUT))","description":"Link ID: AC153_SEWEKE_1-(16-13FIU-1(IN/OUT)) -- (AC161_1-(15-13FIU-1(IN/OUT))\n\nFiber Loss: 32.2dB\nFiber Loss Result : Severely Unqualified\nSpan Loss : 34.4dB","link_type":"WDM","geometry_type":"LineString","vendor":"","folder":"","color":"#FF7F00","width":4.0},"geometry":{"type":"LineString","coordinates":[[-6.6456,4.7625],[-6.0925794,4.95379642]]}},{"type":"Feature","properties":{"name":"AC490_1-(15-13FIU-1(IN/OUT)) -- (AC131_1-(3-13FIU-1(IN/OUT))","description":"Link ID: AC490_1-(15-13FIU-1(IN/OUT)) -- (AC131_1-(3-13FIU-1(IN/OUT))\n\nFiber Loss: 16.5dB\nFiber Loss Result : Qualified\nSpan Loss : 20.1dB","link_type":"WDM","geometry_type":"LineString","vendor":"","folder":"","color":"#15FF48","width":4.0},"geometry":{"type":"LineString","coordinates":[[-6.25366,6.906438],[-5.7488,6.9882]]}},{"type":"Feature","properties":{"name":"AC695-2_1-(3-13FIU-1(IN/OUT)) -- (AC936_Ferke_1-(1-15-13FIU-1(IN/OUT))","description":"Link ID: AC695-2_1-(3-13FIU-1(IN/OUT)) -- (AC936_Ferke_1-(1-15-13FIU-1(IN/OUT))\n\nFiber Loss: 7.9dB\nFiber Loss Result : Qualified\nSpan Loss : 15.9dB","link_type":"WDM","geometry_type":"LineString","vendor":"","folder":"","color":"#15FF48","width":4.0},"geometry":{"type":"LineString","coordinates":[[-5.23718,9.39737],[-5.208978,9.578909]]}},{"type":"Feature","properties":{"name":"AC268_1-(3-13FIU-1(IN/OUT)) -- (AC269_1-(15-13FIU-1(IN/OUT))","description":"Link ID: AC268_1-(3-13FIU-1(IN/OUT)) -- (AC269_1-(15-13FIU-1(IN/OUT))\n\nFiber Loss: 20.6dB\nFiber Loss Result : Qualified\nSpan Loss : 22.3dB","link_type":"WDM","geometry_type":"LineString","vendor":"","folder":"","color":"#15FF48","width":4.0},"geometry":{"type":"LineString","coordinates":[[-6.56631,5.400339],[-6.49894554,5.0246144]]}},{"type":"Feature","properties":{"name":"AC002_2-(1-G2OH9-1(LIN/LOUT)) -- (AC815_WESTAFRICA-1-(8-13FIU-1(IN/OUT))","description":"Link ID: AC002_2-(1-G2OH9-1(LIN/LOUT)) -- (AC815_WESTAFRICA-1-(8-13FIU-1(IN/OUT))\n\nFiber Loss: 13.6dB\nFiber Loss Result : Severely Unqualified\nSpan Loss : 17.0dB","link_type":"WDM","geometry_type":"LineString","vendor":"","folder":"","color":"#FF7F00","width":4.0},"geometry":{"type":"LineString","coordinates":[[-3.99172205,5.29211395],[-3.89565,5.243384]]}},{"type":"Feature","properties":{"name":"AC131_1-(15-13FIU-1(IN/OUT)) -- (AC611_YAMBSC_1-(16-13FIU-1(IN/OUT))","description":"Link ID: AC131_1-(15-13FIU-1(IN/OUT)) -- (AC611_YAMBSC_1-(16-13FIU-1(IN/OUT))\n\nFiber Loss: 20.5dB\nFiber Loss Result : Qualified\nSpan Loss : 23.1dB","link_type":"WDM","geometry_type":"LineString","vendor":"","folder":"","color":"#15FF48","width":4.0},"geometry":{"type":"LineString","coordinates":[[-5.7488,6.9882],[-5.2427,6.7939]]}},{"type":"Feature","properties":{"name":"NE(9-47)_GAGNOA_AC147-(3-13FIU-1(IN/OUT)) -- (AC499_YACOLI_1-(1-15-13FIU-1(IN/OUT))","description":"Link ID: NE(9-47)_GAGNOA_AC147-(3-13FIU-1(IN/OUT)) -- (AC499_YACOLI_1-(1-15-13FIU-1(IN/OUT))\n\nFiber Loss: 21.0dB\nFiber Loss Result : Qualified\nSpan Loss : 23.3dB","link_type":"WDM","geometry_type":"LineString","vendor":"","folder":"","color":"#15FF48","width":4.0},"geometry":{"type":"LineString","coordinates":[[-5.9642,6.1466],[-6.511311,5.964714]]}},{"type":"Feature","properties":{"name":"AC504_Nielle_1-(16-13FIU-1(IN/OUT)) -- (AC293-2_Ouangolo-(4-13FIU-1(IN/OUT))","description":"Link ID: AC504_Nielle_1-(16-13FIU-1(IN/OUT)) -- (AC293-2_Ouangolo-(4-13FIU-1(IN/OUT))\n\nFiber Loss: 18.0dB\nFiber Loss Result : Severely Unqualified\nSpan Loss : 19.6dB","link_type":"WDM","geometry_type":"LineString","vendor":"","folder":"","color":"#FF7F00","width":4.0},"geometry":{"type":"LineString","coordinates":[[-5.6296,10.1937],[-5.155454,9.970912]]}},{"type":"Feature","properties":{"name":"ET443_Bania-(14-13FIU-1(IN/OUT)) -- (ET984_Farako-(16-13FIU-1(IN/OUT))","description":"Link ID: ET443_Bania-(14-13FIU-1(IN/OUT)) -- (ET984_Farako-(16-13FIU-1(IN/OUT))\n\nFiber Loss: 14.7dB\nFiber Loss Result : Qualified\nSpan Loss : 16.7dB","link_type":"WDM","geometry_type":"LineString","vendor":"","folder":"","color":"#15FF48","width":4.0},"geometry":{"type":"LineString","coordinates":[[-3.17709,9.01555],[-3.149719,8.603924]]}},{"type":"Feature","properties":{"name":"NE(9-45)_DIVO_AC198-(3-13FIU-1(IN/OUT)) -- (NE(9-46)_LAKOTA_AC966-(15-13FIU-1(IN/OUT))","description":"Link ID: NE(9-45)_DIVO_AC198-(3-13FIU-1(IN/OUT)) -- (NE(9-46)_LAKOTA_AC966-(15-13FIU-1(IN/OUT))\n\nFiber Loss: 15.5dB\nFiber Loss Result : Qualified\nSpan Loss : 22.8dB","link_type":"WDM","geometry_type":"LineString","vendor":"","folder":"","color":"#15FF48","width":4.0},"geometry":{"type":"LineString","coordinates":[[-5.35436,5.840026],[-5.68625,5.868665]]}},{"type":"Feature","properties":{"name":"AC253-2_1-(3-13FIU-1(IN/OUT)) -- (AC695-2_1-(15-13FIU-1(IN/OUT))","description":"Link ID: AC253-2_1-(3-13FIU-1(IN/OUT)) -- (AC695-2_1-(15-13FIU-1(IN/OUT))\n\nFiber Loss: 16.5dB\nFiber Loss Result : Qualified\nSpan Loss : 18.2dB","link_type":"WDM","geometry_type":"LineString","vendor":"","folder":"","color":"#15FF48","width":4.0},"geometry":{"type":"LineString","coordinates":[[-5.169928,9.068533],[-5.23718,9.39737]]}},{"type":"Feature","properties":{"name":"AC301 Bangolo-(16-13FIU-1(IN/OUT)) -- (AC205 DUEKOUE-(3-13FIU-1(IN/OUT))","description":"Link ID: AC301 Bangolo-(16-13FIU-1(IN/OUT)) -- (AC205 DUEKOUE-(3-13FIU-1(IN/OUT))\n\nFiber Loss: 18.0dB\nFiber Loss Result : Severely Unqualified\nSpan Loss : 20.0dB","link_type":"WDM","geometry_type":"LineString","vendor":"","folder":"","color":"#FF7F00","width":4.0},"geometry":{"type":"LineString","coordinates":[[-7.485046,7.001883],[-7.34433,6.735396]]}},{"type":"Feature","properties":{"name":"AC220 Touba-(15-13FIU-1(IN/OUT)) -- (AC302 Biankouma-(3-13FIU-1(IN/OUT))","description":"Link ID: AC220 Touba-(15-13FIU-1(IN/OUT)) -- (AC302 Biankouma-(3-13FIU-1(IN/OUT))\n\nFiber Loss: 26.5dB\nFiber Loss Result : Severely Unqualified\nSpan Loss : 28.2dB","link_type":"WDM","geometry_type":"LineString","vendor":"","folder":"","color":"#FF7F00","width":4.0},"geometry":{"type":"LineString","coordinates":[[-7.691527,8.285331],[-7.61034,7.745739]]}},{"type":"Feature","properties":{"name":"AC269_1-(15-13FIU-1(IN/OUT)) -- (AC268_1-(3-13FIU-1(IN/OUT))","description":"Link ID: AC269_1-(15-13FIU-1(IN/OUT)) -- (AC268_1-(3-13FIU-1(IN/OUT))\n\nFiber Loss: 18.0dB\nFiber Loss Result : Qualified\nSpan Loss : 20.1dB","link_type":"WDM","geometry_type":"LineString","vendor":"","folder":"","color":"#15FF48","width":4.0},"geometry":{"type":"LineString","coordinates":[[-6.49894554,5.0246144],[-6.56631,5.400339]]}},{"type":"Feature","properties":{"name":"NE(9-46)_LAKOTA_AC966-(15-13FIU-1(IN/OUT)) -- (NE(9-45)_DIVO_AC198-(3-13FIU-1(IN/OUT))","description":"Link ID: NE(9-46)_LAKOTA_AC966-(15-13FIU-1(IN/OUT)) -- (NE(9-45)_DIVO_AC198-(3-13FIU-1(IN/OUT))\n\nFiber Loss: 18.1dB\nFiber Loss Result : Qualified\nSpan Loss : 22.9dB","link_type":"WDM","geometry_type":"LineString","vendor":"","folder":"","color":"#15FF48","width":4.0},"geometry":{"type":"LineString","coordinates":[[-5.68625,5.868665],[-5.35436,5.840026]]}},{"type":"Feature","properties":{"name":"AC185_1_Optical-(1-1-G2OH9-1(LIN/LOUT)) -- (NE_AC972_DUFFREBO_1-(16-13FIU-1(IN/OUT))","description":"Link ID: AC185_1_Optical-(1-1-G2OH9-1(LIN/LOUT)) -- (NE_AC972_DUFFREBO_1-(16-13FIU-1(IN/OUT))\n\nFiber Loss: 21.5dB\nFiber Loss Result : Unsupported\nSpan Loss : 23.5dB","link_type":"WDM","geometry_type":"LineString","vendor":"","folder":"","color":"#15FF48","width":4.0},"geometry":{"type":"LineString","coordinates":[[-3.963042,7.056722],[-3.44397,7.09108]]}},{"type":"Feature","properties":{"name":"AC588-2_1-(4-13FIU-1(IN/OUT)) -- (AC216_1-(4-13FIU-1(IN/OUT))","description":"Link ID: AC588-2_1-(4-13FIU-1(IN/OUT)) -- (AC216_1-(4-13FIU-1(IN/OUT))\n\nFiber Loss: 13.2dB\nFiber Loss Result : Qualified\nSpan Loss : 15.7dB","link_type":"WDM","geometry_type":"LineString","vendor":"","folder":"","color":"#15FF48","width":4.0},"geometry":{"type":"LineString","coordinates":[[-5.157748,9.958611],[-5.481556,10.112818]]}},{"type":"Feature","properties":{"name":"AC602_BKE HENRI POINT CARRE_1-(1-1-13FIU-1(IN/OUT)) -- (AC245-2_1-(15-13FIU-1(IN/OUT))","description":"Link ID: AC602_BKE HENRI POINT CARRE_1-(1-1-13FIU-1(IN/OUT)) -- (AC245-2_1-(15-13FIU-1(IN/OUT))\n\nFiber Loss: 18.3dB\nFiber Loss Result : Qualified\nSpan Loss : 20.1dB","link_type":"WDM","geometry_type":"LineString","vendor":"","folder":"","color":"#15FF48","width":4.0},"geometry":{"type":"LineString","coordinates":[[-5.0403437,7.6815074],[-5.0871023,8.1348831]]}},{"type":"Feature","properties":{"name":"NE(9-53)_AC140_ISSIA-(15-13FIU-1(IN/OUT)) -- (NE(9-52)_YABAYO_AC148-(3-13FIU-1(IN/OUT))","description":"Link ID: NE(9-53)_AC140_ISSIA-(15-13FIU-1(IN/OUT)) -- (NE(9-52)_YABAYO_AC148-(3-13FIU-1(IN/OUT))\n\nFiber Loss: 22.0dB\nFiber Loss Result : Qualified\nSpan Loss : 23.8dB","link_type":"WDM","geometry_type":"LineString","vendor":"","folder":"","color":"#15FF48","width":4.0},"geometry":{"type":"LineString","coordinates":[[-6.588953,6.489668],[-6.600469,5.952343]]}},{"type":"Feature","properties":{"name":"AC215 Boundiali-(15-13FIU-1(IN/OUT)) -- (AC500 Madinani-(4-13FIU-1(IN/OUT))","description":"Link ID: AC215 Boundiali-(15-13FIU-1(IN/OUT)) -- (AC500 Madinani-(4-13FIU-1(IN/OUT))\n\nFiber Loss: 18.1dB\nFiber Loss Result : Qualified\nSpan Loss : 20.7dB","link_type":"WDM","geometry_type":"LineString","vendor":"","folder":"","color":"#15FF48","width":4.0},"geometry":{"type":"LineString","coordinates":[[-6.482532,9.522297],[-6.9416,9.6203]]}},{"type":"Feature","properties":{"name":"ET982-(16-13FIU-1(IN/OUT)) -- (AC936_Ferke_1-(6-15-13FIU-1(IN/OUT))","description":"Link ID: ET982-(16-13FIU-1(IN/OUT)) -- (AC936_Ferke_1-(6-15-13FIU-1(IN/OUT))\n\nFiber Loss: 16.3dB\nFiber Loss Result : Severely Unqualified\nSpan Loss : 17.8dB","link_type":"WDM","geometry_type":"LineString","vendor":"","folder":"","color":"#FF7F00","width":4.0},"geometry":{"type":"LineString","coordinates":[[-4.913599,9.4608],[-5.208978,9.578909]]}},{"type":"Feature","properties":{"name":"AC183_2-(4-G2OH9-1(LIN/LOUT)) -- (AC974_LAOUDIBA-(14-13FIU-1(IN/OUT))","description":"Link ID: AC183_2-(4-G2OH9-1(LIN/LOUT)) -- (AC974_LAOUDIBA-(14-13FIU-1(IN/OUT))\n\nFiber Loss: 14.8dB\nFiber Loss Result : Unsupported\nSpan Loss : 18.1dB","link_type":"WDM","geometry_type":"LineString","vendor":"","folder":"","color":"#15FF48","width":4.0},"geometry":{"type":"LineString","coordinates":[[-2.79949743,8.04194185],[-2.95715,8.30531]]}},{"type":"Feature","properties":{"name":"AC440 BAKO-(15-13FIU-1(IN/OUT)) -- (AC303 Koro-(3-13FIU-1(IN/OUT))","description":"Link ID: AC440 BAKO-(15-13FIU-1(IN/OUT)) -- (AC303 Koro-(3-13FIU-1(IN/OUT))\n\nFiber Loss: 21.4dB\nFiber Loss Result : Severely Unqualified\nSpan Loss : 23.2dB","link_type":"WDM","geometry_type":"LineString","vendor":"","folder":"","color":"#FF7F00","width":4.0},"geometry":{"type":"LineString","coordinates":[[-7.6061,9.1408],[-7.4561,8.5494]]}},{"type":"Feature","properties":{"name":"AC611_YAMBSC_1-(3-1-13FIU-1(IN/OUT)) -- (AC115_1-(3-13FIU-1(IN/OUT))","description":"Link ID: AC611_YAMBSC_1-(3-1-13FIU-1(IN/OUT)) -- (AC115_1-(3-13FIU-1(IN/OUT))\n\nFiber Loss: 13.8dB\nFiber Loss Result : Qualified\nSpan Loss : 16.1dB","link_type":"WDM","geometry_type":"LineString","vendor":"","folder":"","color":"#15FF48","width":4.0},"geometry":{"type":"LineString","coordinates":[[-5.2427,6.7939],[-5.019111,6.558521]]}},{"type":"Feature","properties":{"name":"AC815_WESTAFRICA-1-(15-13FIU-1(IN/OUT)) -- (AC613_YOPBSC_1-(4-6-13FIU-1(IN/OUT))","description":"Link ID: AC815_WESTAFRICA-1-(15-13FIU-1(IN/OUT)) -- (AC613_YOPBSC_1-(4-6-13FIU-1(IN/OUT))\n\nFiber Loss: 21.2dB\nFiber Loss Result : Severely Unqualified\nSpan Loss : 23.8dB","link_type":"WDM","geometry_type":"LineString","vendor":"","folder":"","color":"#FF7F00","width":4.0},"geometry":{"type":"LineString","coordinates":[[-3.89565,5.243384],[-4.05034,5.34686]]}},{"type":"Feature","properties":{"name":"AC180_Agnibilekro_1-(16-13FIU-1(IN/OUT)) -- (AC281-KOUNA-BRONSO-(4-13FIU-1(IN/OUT))","description":"Link ID: AC180_Agnibilekro_1-(16-13FIU-1(IN/OUT)) -- (AC281-KOUNA-BRONSO-(4-13FIU-1(IN/OUT))\n\nFiber Loss: 20.7dB\nFiber Loss Result : Severely Unqualified\nSpan Loss : 22.5dB","link_type":"WDM","geometry_type":"LineString","vendor":"","folder":"","color":"#FF7F00","width":4.0},"geometry":{"type":"LineString","coordinates":[[-3.202748,7.139421],[-3.28888599,7.53722085]]}},{"type":"Feature","properties":{"name":"AC638_1 M12-(10-G3DAPXF-15(LIN/LOUT)) -- (AC089_RIVDT_1-(6-11-13FIU-1(IN/OUT))","description":"Link ID: AC638_1 M12-(10-G3DAPXF-15(LIN/LOUT)) -- (AC089_RIVDT_1-(6-11-13FIU-1(IN/OUT))\n\nFiber Loss: 18.5dB\nFiber Loss Result : Qualified\nSpan Loss : 20.8dB","link_type":"WDM","geometry_type":"LineString","vendor":"","folder":"","color":"#15FF48","width":4.0},"geometry":{"type":"LineString","coordinates":[[-4.04935,5.45777],[-3.955807,5.342143]]}},{"type":"Feature","properties":{"name":"AC301 Bangolo-(4-13FIU-1(IN/OUT)) -- (ET363 MAN-DOMORO_1-(2-F1WSMD9XF-23(LIN/LOUT))","description":"Link ID: AC301 Bangolo-(4-13FIU-1(IN/OUT)) -- (ET363 MAN-DOMORO_1-(2-F1WSMD9XF-23(LIN/LOUT))\n\nFiber Loss: 21.0dB\nFiber Loss Result : Severely Unqualified\nSpan Loss : /dB","link_type":"WDM","geometry_type":"LineString","vendor":"","folder":"","color":"#FF7F00","width":4.0},"geometry":{"type":"LineString","coordinates":[[-7.485046,7.001883],[-7.55947,7.41031]]}},{"type":"Feature","properties":{"name":"AC613_YOPBSC_1-(5-1-13FIU-1(IN/OUT)) -- (AC638_1 M12-(1-G3DAPXF-15(LIN/LOUT))","description":"Link ID: AC613_YOPBSC_1-(5-1-13FIU-1(IN/OUT)) -- (AC638_1 M12-(1-G3DAPXF-15(LIN/LOUT))\n\nFiber Loss: 13.6dB\nFiber Loss Result : Qualified\nSpan Loss : 18.6dB","link_type":"WDM","geometry_type":"LineString","vendor":"","folder":"","color":"#15FF48","width":4.0},"geometry":{"type":"LineString","coordinates":[[-4.05034,5.34686],[-4.04935,5.45777]]}},{"type":"Feature","properties":{"name":"AC602_BKE HENRI POINT CARRE_1-(3-15-13FIU-1(IN/OUT)) -- (AC486_Brobo_1-(16-13FIU-1(IN/OUT))","description":"Link ID: AC602_BKE HENRI POINT CARRE_1-(3-15-13FIU-1(IN/OUT)) -- (AC486_Brobo_1-(16-13FIU-1(IN/OUT))\n\nFiber Loss: 15.1dB\nFiber Loss Result : Qualified\nSpan Loss : 16.9dB","link_type":"WDM","geometry_type":"LineString","vendor":"","folder":"","color":"#15FF48","width":4.0},"geometry":{"type":"LineString","coordinates":[[-5.0403437,7.6815074],[-4.8315924,7.6343012]]}},{"type":"Feature","properties":{"name":"AC936_Ferke_1-(5-15-13FIU-1(IN/OUT)) -- (AC293-2_Ouangolo-(16-13FIU-1(IN/OUT))","description":"Link ID: AC936_Ferke_1-(5-15-13FIU-1(IN/OUT)) -- (AC293-2_Ouangolo-(16-13FIU-1(IN/OUT))\n\nFiber Loss: 23.0dB\nFiber Loss Result : Severely Unqualified\nSpan Loss : 25.7dB","link_type":"WDM","geometry_type":"LineString","vendor":"","folder":"","color":"#FF7F00","width":4.0},"geometry":{"type":"LineString","coordinates":[[-5.208978,9.578909],[-5.155454,9.970912]]}},{"type":"Feature","properties":{"name":"AC162_1-(3-13FIU-1(IN/OUT)) -- (AC529_1-(15-13FIU-1(IN/OUT))","description":"Link ID: AC162_1-(3-13FIU-1(IN/OUT)) -- (AC529_1-(15-13FIU-1(IN/OUT))\n\nFiber Loss: 21.8dB\nFiber Loss Result : Qualified\nSpan Loss : 23.5dB","link_type":"WDM","geometry_type":"LineString","vendor":"","folder":"","color":"#15FF48","width":4.0},"geometry":{"type":"LineString","coordinates":[[-5.58595047,5.10314843],[-5.10925,5.27539]]}},{"type":"Feature","properties":{"name":"AC089_RIVDT_1-(1-1-13FIU-1(IN/OUT)) -- (AC045 BIC YOP-(15-13FIU-1(IN/OUT))","description":"Link ID: AC089_RIVDT_1-(1-1-13FIU-1(IN/OUT)) -- (AC045 BIC YOP-(15-13FIU-1(IN/OUT))\n\nFiber Loss: 17.6dB\nFiber Loss Result : Qualified\nSpan Loss : 19.3dB","link_type":"WDM","geometry_type":"LineString","vendor":"","folder":"","color":"#15FF48","width":4.0},"geometry":{"type":"LineString","coordinates":[[-3.955807,5.342143],[-4.08932887,5.36877753]]}},{"type":"Feature","properties":{"name":"AC302 Biankouma-(3-13FIU-1(IN/OUT)) -- (AC220 Touba-(15-13FIU-1(IN/OUT))","description":"Link ID: AC302 Biankouma-(3-13FIU-1(IN/OUT)) -- (AC220 Touba-(15-13FIU-1(IN/OUT))\n\nFiber Loss: 19.3dB\nFiber Loss Result : Qualified\nSpan Loss : 21.1dB","link_type":"WDM","geometry_type":"LineString","vendor":"","folder":"","color":"#15FF48","width":4.0},"geometry":{"type":"LineString","coordinates":[[-7.61034,7.745739],[-7.691527,8.285331]]}},{"type":"Feature","properties":{"name":"AC974_LAOUDIBA-(16-13FIU-1(IN/OUT)) -- (ET984_Farako-(14-13FIU-1(IN/OUT))","description":"Link ID: AC974_LAOUDIBA-(16-13FIU-1(IN/OUT)) -- (ET984_Farako-(14-13FIU-1(IN/OUT))\n\nFiber Loss: 9.6dB\nFiber Loss Result : Qualified\nSpan Loss : 14.2dB","link_type":"WDM","geometry_type":"LineString","vendor":"","folder":"","color":"#15FF48","width":4.0},"geometry":{"type":"LineString","coordinates":[[-2.95715,8.30531],[-3.149719,8.603924]]}},{"type":"Feature","properties":{"name":"AC288_BOUNA-(14-13FIU-1(IN/OUT)) -- (ET443_Bania-(16-13FIU-1(IN/OUT))","description":"Link ID: AC288_BOUNA-(14-13FIU-1(IN/OUT)) -- (ET443_Bania-(16-13FIU-1(IN/OUT))\n\nFiber Loss: 12.8dB\nFiber Loss Result : Qualified\nSpan Loss : 16.2dB","link_type":"WDM","geometry_type":"LineString","vendor":"","folder":"","color":"#15FF48","width":4.0},"geometry":{"type":"LineString","coordinates":[[-2.99805156,9.26950392],[-3.17709,9.01555]]}},{"type":"Feature","properties":{"name":"ET980_Ouangolofitini-(14-13FIU-1(IN/OUT)) -- (ET010_Tehini-(16-13FIU-1(IN/OUT))","description":"Link ID: ET980_Ouangolofitini-(14-13FIU-1(IN/OUT)) -- (ET010_Tehini-(16-13FIU-1(IN/OUT))\n\nFiber Loss: 15.7dB\nFiber Loss Result : Qualified\nSpan Loss : 17.7dB","link_type":"WDM","geometry_type":"LineString","vendor":"","folder":"","color":"#15FF48","width":4.0},"geometry":{"type":"LineString","coordinates":[[-4.312603,9.589887],[-3.6667,9.61511]]}},{"type":"Feature","properties":{"name":"AC115_1-(3-13FIU-1(IN/OUT)) -- (AC611_YAMBSC_1-(3-1-13FIU-1(IN/OUT))","description":"Link ID: AC115_1-(3-13FIU-1(IN/OUT)) -- (AC611_YAMBSC_1-(3-1-13FIU-1(IN/OUT))\n\nFiber Loss: 16.1dB\nFiber Loss Result : Qualified\nSpan Loss : 18.6dB","link_type":"WDM","geometry_type":"LineString","vendor":"","folder":"","color":"#15FF48","width":4.0},"geometry":{"type":"LineString","coordinates":[[-5.019111,6.558521],[-5.2427,6.7939]]}},{"type":"Feature","properties":{"name":"AC251-2_1-(15-13FIU-1(IN/OUT)) -- (AC936_Ferke_1-(2-15-13FIU-1(IN/OUT))","description":"Link ID: AC251-2_1-(15-13FIU-1(IN/OUT)) -- (AC936_Ferke_1-(2-15-13FIU-1(IN/OUT))\n\nFiber Loss: 7.6dB\nFiber Loss Result : Qualified\nSpan Loss : 16.1dB","link_type":"WDM","geometry_type":"LineString","vendor":"","folder":"","color":"#15FF48","width":4.0},"geometry":{"type":"LineString","coordinates":[[-5.4009,9.5721],[-5.208978,9.578909]]}},{"type":"Feature","properties":{"name":"AC161_1-(15-13FIU-1(IN/OUT)) -- (AC153_SEWEKE_1-(16-13FIU-1(IN/OUT))","description":"Link ID: AC161_1-(15-13FIU-1(IN/OUT)) -- (AC153_SEWEKE_1-(16-13FIU-1(IN/OUT))\n\nFiber Loss: 32.2dB\nFiber Loss Result : Severely Unqualified\nSpan Loss : 34.2dB","link_type":"WDM","geometry_type":"LineString","vendor":"","folder":"","color":"#FF7F00","width":4.0},"geometry":{"type":"LineString","coordinates":[[-6.0925794,4.95379642],[-6.6456,4.7625]]}},{"type":"Feature","properties":{"name":"AC613_YOPBSC_1-(16-13FIU-1(IN/OUT)) -- (AC271_1-(3-13FIU-1(IN/OUT))","description":"Link ID: AC613_YOPBSC_1-(16-13FIU-1(IN/OUT)) -- (AC271_1-(3-13FIU-1(IN/OUT))\n\nFiber Loss: 33.3dB\nFiber Loss Result : Severely Unqualified\nSpan Loss : 34.8dB","link_type":"WDM","geometry_type":"LineString","vendor":"","folder":"","color":"#FF7F00","width":4.0},"geometry":{"type":"LineString","coordinates":[[-4.05034,5.34686],[-4.56127635,5.31200235]]}}]}