{"type":"FeatureCollection","features":[{"type":"Feature","properties":{"name":"FO_001_MPOUTO_CIAD-BEVERLY","description":"FiberEXISTANT_ET020 MPOUTO_CIAD-AC065 BEVERLY","link_type":"FO","geometry_type":"LineString","vendor":"","folder":"LIEN FO2023 / EXISTANT","color":"#FF7F00","width":3.0},"geometry":{"type":"LineString","coordinates":[[-3.9501,5.3289],[-3.9450847,5.33166965]]}},{"type":"Feature","properties":{"name":"FO_002_EMERAUD-GOBELET","description":"FiberEXISTANT_AC360 EMERAUD-AC073 GOBELET","link_type":"FO","geometry_type":"LineString","vendor":"","folder":"LIEN FO2023 / EXISTANT","color":"#FF7F00","width":3.0},"geometry":{"type":"LineString","coordinates":[[-3.9784214,5.37203156],[-3.98539,5.37296105]]}},{"type":"Feature","properties":{"name":"FO_003_AKOUEDO-SYNACASS_CI","description":"FiberEXISTANT_AC350 AKOUEDO-AC720 SYNACASS_CI","link_type":"FO","geometry_type":"LineString","vendor":"","folder":"LIEN FO2023 / EXISTANT","color":"#FF7F00","width":3.0},"geometry":{"type":"LineString","coordinates":[[-3.938837,5.35347845],[-3.94652,5.35153]]}},{"type":"Feature","properties":{"name":"FO_004_ANGRE_CIT-CHALET","description":"FiberEXISTANT_ET084 ANGRE_CIT-AC071 CHALET","link_type":"FO","geometry_type":"LineString","vendor":"","folder":"LIEN FO2023 / EXISTANT","color":"#FF7F00","width":3.0},"geometry":{"type":"LineString","coordinates":[[-3.9875555,5.38752778],[-3.9833018,5.38763573]]}},{"type":"Feature","properties":{"name":"FO_005_UNIAX-BIC","description":"FiberEXISTANT_AC043 UNIAX-AC045 BIC","link_type":"FO","geometry_type":"LineString","vendor":"","folder":"LIEN FO2023 / EXISTANT","color":"#FF7F00","width":3.0},"geometry":{"type":"LineString","coordinates":[[-4.08045,5.3639],[-4.0893288,5.36877753]]}},{"type":"Feature","properties":{"name":"FO_006_DAGBA_EXTENSION-BINGES_GBAGBA","description":"FiberEXISTANT_AC717 DAGBA_EXTENSION-ET704 BINGES_GBAGBA","link_type":"FO","geometry_type":"LineString","vendor":"","folder":"LIEN FO2023 / EXISTANT","color":"#FF7F00","width":3.0},"geometry":{"type":"LineString","coordinates":[[-3.8842025,5.34172827],[-3.893111,5.329556]]}},{"type":"Feature","properties":{"name":"FO_007_SYNATRESOR-FEKESSE","description":"FiberEXISTANT_ET057 SYNATRESOR-AC096 FEKESSE","link_type":"FO","geometry_type":"LineString","vendor":"","folder":"LIEN FO2023 / EXISTANT","color":"#FF7F00","width":3.0},"geometry":{"type":"LineString","coordinates":[[-3.92208,5.36989],[-3.9105025,5.37380098]]}},{"type":"Feature","properties":{"name":"FO_008_DOKUI_COLOMBE-BETHANIE","description":"FiberEXISTANT_ET029 DOKUI_COLOMBE-AC679 BETHANIE","link_type":"FO","geometry_type":"LineString","vendor":"","folder":"LIEN FO2023 / EXISTANT","color":"#FF7F00","width":3.0},"geometry":{"type":"LineString","coordinates":[[-4.0021,5.3919],[-3.99802,5.389]]}},{"type":"Feature","properties":{"name":"FO_009_SIROCCO-INST","description":"FiberEXISTANT_AC069 SIROCCO-AC336 INST","link_type":"FO","geometry_type":"LineString","vendor":"","folder":"LIEN FO2023 / EXISTANT","color":"#FF7F00","width":3.0},"geometry":{"type":"LineString","coordinates":[[-4.0163929,5.35279389],[-4.0178477,5.34845887]]}},{"type":"Feature","properties":{"name":"FO_010_21RRDT-ABOBO_RTI","description":"FiberEXISTANT_AC386 21RRDT-AC614 ABOBO_RTI","link_type":"FO","geometry_type":"LineString","vendor":"","folder":"LIEN FO2023 / EXISTANT","color":"#FF7F00","width":3.0},"geometry":{"type":"LineString","coordinates":[[-4.024681,5.41965038],[-4.02261,5.41716]]}},{"type":"Feature","properties":{"name":"FO_011_CARR_NDOTRE-STE_RITA","description":"FiberEXISTANT_AC924 CARR_NDOTRE-ET060 STE_RITA","link_type":"FO","geometry_type":"LineString","vendor":"","folder":"LIEN FO2023 / EXISTANT","color":"#FF7F00","width":3.0},"geometry":{"type":"LineString","coordinates":[[-4.076261,5.434343],[-4.06028,5.43472]]}},{"type":"Feature","properties":{"name":"FO_012_FRATERNITE_MATIN-MISSION_LIBANAISE","description":"FiberEXISTANT_AC669 FRATERNITE_MATIN-AC337 MISSION_LIBANAISE","link_type":"FO","geometry_type":"LineString","vendor":"","folder":"LIEN FO2023 / EXISTANT","color":"#FF7F00","width":3.0},"geometry":{"type":"LineString","coordinates":[[-4.0195,5.3423],[-4.02357,5.34025]]}},{"type":"Feature","properties":{"name":"FO_013_MARCHE_COLA-EGLISE","description":"FiberEXISTANT_ET096 MARCHE_COLA-AC086 EGLISE","link_type":"FO","geometry_type":"LineString","vendor":"","folder":"LIEN FO2023 / EXISTANT","color":"#FF7F00","width":3.0},"geometry":{"type":"LineString","coordinates":[[-4.04765,5.48733],[-4.0501365,5.49455354]]}},{"type":"Feature","properties":{"name":"FO_014_BONOUA_YAOU_NQ-BONOUA_YAOU","description":"FiberEXISTANT_ET561 BONOUA_YAOU_NQ-ET431 BONOUA_YAOU","link_type":"FO","geometry_type":"LineString","vendor":"","folder":"LIEN FO2023 / EXISTANT","color":"#FF7F00","width":3.0},"geometry":{"type":"LineString","coordinates":[[-3.613627,5.243047],[-3.63506,5.24156]]}},{"type":"Feature","properties":{"name":"FO_015_ABATTA_BCEAO-ABATA","description":"FiberEXISTANT_ET324 ABATTA_BCEAO-AC716 ABATA","link_type":"FO","geometry_type":"LineString","vendor":"","folder":"LIEN FO2023 / EXISTANT","color":"#FF7F00","width":3.0},"geometry":{"type":"LineString","coordinates":[[-3.91498,5.345567],[-3.92,5.34645]]}},{"type":"Feature","properties":{"name":"FO_016_2PLTX_STARTEN-ANGRE_CIT","description":"FiberEXISTANT_ET021 2PLTX_STARTEN-ET084 ANGRE_CIT","link_type":"FO","geometry_type":"LineString","vendor":"","folder":"LIEN FO2023 / EXISTANT","color":"#FF7F00","width":3.0},"geometry":{"type":"LineString","coordinates":[[-3.99203,5.388663],[-3.9875555,5.38752778]]}},{"type":"Feature","properties":{"name":"FO_017_OHIENNE-POLICE","description":"FiberEXISTANT_ET066 OHIENNE-AC068 POLICE","link_type":"FO","geometry_type":"LineString","vendor":"","folder":"LIEN FO2023 / EXISTANT","color":"#FF7F00","width":3.0},"geometry":{"type":"LineString","coordinates":[[-3.9896666,5.35858333],[-3.9906139,5.35527831]]}},{"type":"Feature","properties":{"name":"FO_018_ORLD_PARTNER-BEVERLY","description":"FiberEXISTANT_AC635 ORLD_PARTNER-AC065 BEVERLY","link_type":"FO","geometry_type":"LineString","vendor":"","folder":"LIEN FO2023 / EXISTANT","color":"#FF7F00","width":3.0},"geometry":{"type":"LineString","coordinates":[[-3.946853,5.337302],[-3.9450847,5.33166965]]}},{"type":"Feature","properties":{"name":"FO_019_BLONDY-ANONO","description":"FiberEXISTANT_AC913 BLONDY-AC067 ANONO","link_type":"FO","geometry_type":"LineString","vendor":"","folder":"LIEN FO2023 / EXISTANT","color":"#FF7F00","width":3.0},"geometry":{"type":"LineString","coordinates":[[-3.972504,5.35342],[-3.9762727,5.34880687]]}},{"type":"Feature","properties":{"name":"FO_020_SIB_RIV3-ARDOISE","description":"FiberEXISTANT_ET027 SIB_RIV3-AC064 ARDOISE","link_type":"FO","geometry_type":"LineString","vendor":"","folder":"LIEN FO2023 / EXISTANT","color":"#FF7F00","width":3.0},"geometry":{"type":"LineString","coordinates":[[-3.959666,5.354689],[-3.954969,5.35088465]]}},{"type":"Feature","properties":{"name":"FO_021_DJOMI-OSCAR","description":"FiberEXISTANT_AC100 DJOMI-AC631 OSCAR","link_type":"FO","geometry_type":"LineString","vendor":"","folder":"LIEN FO2023 / EXISTANT","color":"#FF7F00","width":3.0},"geometry":{"type":"LineString","coordinates":[[-3.9988993,5.39456606],[-3.99305,5.39282]]}},{"type":"Feature","properties":{"name":"FO_022_GOBELET_VILLAGE-ATTOBAN","description":"FiberEXISTANT_AC725 GOBELET_VILLAGE-AC081 ATTOBAN","link_type":"FO","geometry_type":"LineString","vendor":"","folder":"LIEN FO2023 / EXISTANT","color":"#FF7F00","width":3.0},"geometry":{"type":"LineString","coordinates":[[-3.9844496,5.36619676],[-3.97829,5.36289]]}},{"type":"Feature","properties":{"name":"FO_023_ABINADER-DIVIN_AMOUR","description":"FiberEXISTANT_AC634 ABINADER-AC358 DIVIN_AMOUR","link_type":"FO","geometry_type":"LineString","vendor":"","folder":"LIEN FO2023 / EXISTANT","color":"#FF7F00","width":3.0},"geometry":{"type":"LineString","coordinates":[[-3.94979,5.37431],[-3.9511086,5.38136423]]}},{"type":"Feature","properties":{"name":"FO_024_GOLF_ELYAS-ANONO","description":"FiberEXISTANT_AC914 GOLF_ELYAS-AC067 ANONO","link_type":"FO","geometry_type":"LineString","vendor":"","folder":"LIEN FO2023 / EXISTANT","color":"#FF7F00","width":3.0},"geometry":{"type":"LineString","coordinates":[[-3.97716,5.34107],[-3.9762727,5.34880687]]}},{"type":"Feature","properties":{"name":"FO_025_LTA-2PLTX_SNEDAI","description":"FiberEXISTANT_AC099 LTA-ET511 2PLTX_SNEDAI","link_type":"FO","geometry_type":"LineString","vendor":"","folder":"LIEN FO2023 / EXISTANT","color":"#FF7F00","width":3.0},"geometry":{"type":"LineString","coordinates":[[-4.0048182,5.35505618],[-3.99694,5.35592]]}},{"type":"Feature","properties":{"name":"FO_026_MBADON_EXTENSION-BEVERLY","description":"FiberEXISTANT_ET061 MBADON_EXTENSION-AC065 BEVERLY","link_type":"FO","geometry_type":"LineString","vendor":"","folder":"LIEN FO2023 / EXISTANT","color":"#FF7F00","width":3.0},"geometry":{"type":"LineString","coordinates":[[-3.937894,5.335348],[-3.9450847,5.33166965]]}},{"type":"Feature","properties":{"name":"FO_027_COLOMBIE-PALLIER","description":"FiberEXISTANT_AC620 COLOMBIE-AC630 PALLIER","link_type":"FO","geometry_type":"LineString","vendor":"","folder":"LIEN FO2023 / EXISTANT","color":"#FF7F00","width":3.0},"geometry":{"type":"LineString","coordinates":[[-4.00423,5.37547],[-4.01305,5.37765]]}},{"type":"Feature","properties":{"name":"FO_028_MBADON-BEVERLY","description":"FiberEXISTANT_AC921 MBADON-AC065 BEVERLY","link_type":"FO","geometry_type":"LineString","vendor":"","folder":"LIEN FO2023 / EXISTANT","color":"#FF7F00","width":3.0},"geometry":{"type":"LineString","coordinates":[[-3.93715,5.32663],[-3.9450847,5.33166965]]}},{"type":"Feature","properties":{"name":"FO_029_MARC_SIDECI-COLOMBE","description":"FiberEXISTANT_AC399 MARC_SIDECI-AC025 COLOMBE","link_type":"FO","geometry_type":"LineString","vendor":"","folder":"LIEN FO2023 / EXISTANT","color":"#FF7F00","width":3.0},"geometry":{"type":"LineString","coordinates":[[-3.9699539,5.29592028],[-3.965031,5.29858728]]}},{"type":"Feature","properties":{"name":"FO_030_MARC_HIBISCUS-DHL","description":"FiberEXISTANT_ET015 MARC_HIBISCUS-AC105 DHL","link_type":"FO","geometry_type":"LineString","vendor":"","folder":"LIEN FO2023 / EXISTANT","color":"#FF7F00","width":3.0},"geometry":{"type":"LineString","coordinates":[[-3.980458,5.298757],[-3.9788136,5.29495659]]}},{"type":"Feature","properties":{"name":"FO_031_MISSION_LIBANAISE-INSP","description":"FiberEXISTANT_AC337 MISSION_LIBANAISE-AC095 INSP","link_type":"FO","geometry_type":"LineString","vendor":"","folder":"LIEN FO2023 / EXISTANT","color":"#FF7F00","width":3.0},"geometry":{"type":"LineString","coordinates":[[-4.02357,5.34025],[-4.0282023,5.33983972]]}},{"type":"Feature","properties":{"name":"FO_032_GUICHANROLAIN-YOP_AMZA","description":"FiberEXISTANT_AC316 GUICHANROLAIN-AC997 YOP_AMZA","link_type":"FO","geometry_type":"LineString","vendor":"","folder":"LIEN FO2023 / EXISTANT","color":"#FF7F00","width":3.0},"geometry":{"type":"LineString","coordinates":[[-4.0946203,5.35028033],[-4.0942,5.3471]]}},{"type":"Feature","properties":{"name":"FO_033_GESCO_FOURIERE-YATSEKOI","description":"FiberEXISTANT_AC727 GESCO_FOURIERE-AC671 YATSEKOI","link_type":"FO","geometry_type":"LineString","vendor":"","folder":"LIEN FO2023 / EXISTANT","color":"#FF7F00","width":3.0},"geometry":{"type":"LineString","coordinates":[[-4.1002222,5.36775],[-4.097,5.37117]]}},{"type":"Feature","properties":{"name":"FO_034_UNIAX-ZI_SOTRA","description":"FiberEXISTANT_AC043 UNIAX-AC675 ZI_SOTRA","link_type":"FO","geometry_type":"LineString","vendor":"","folder":"LIEN FO2023 / EXISTANT","color":"#FF7F00","width":3.0},"geometry":{"type":"LineString","coordinates":[[-4.08045,5.3639],[-4.07507,5.36579]]}},{"type":"Feature","properties":{"name":"FO_035_DORIAN-CAMP_MILITAIRE","description":"FiberEXISTANT_AC707 DORIAN-ET088 CAMP_MILITAIRE","link_type":"FO","geometry_type":"LineString","vendor":"","folder":"LIEN FO2023 / EXISTANT","color":"#FF7F00","width":3.0},"geometry":{"type":"LineString","coordinates":[[-4.0656427,5.31838451],[-4.059722,5.31778]]}},{"type":"Feature","properties":{"name":"FO_036_CAMP_MILITAIRE-KOEIT","description":"FiberEXISTANT_ET088 CAMP_MILITAIRE-AC624 KOEIT","link_type":"FO","geometry_type":"LineString","vendor":"","folder":"LIEN FO2023 / EXISTANT","color":"#FF7F00","width":3.0},"geometry":{"type":"LineString","coordinates":[[-4.059722,5.31778],[-4.05351,5.3209]]}},{"type":"Feature","properties":{"name":"FO_037_YATSEKOI-BIC","description":"FiberEXISTANT_AC671 YATSEKOI-AC045 BIC","link_type":"FO","geometry_type":"LineString","vendor":"","folder":"LIEN FO2023 / EXISTANT","color":"#FF7F00","width":3.0},"geometry":{"type":"LineString","coordinates":[[-4.097,5.37117],[-4.0893288,5.36877753]]}},{"type":"Feature","properties":{"name":"FO_038_CNPS_9TRANCHE-NEUVIEME_TRANCHE","description":"FiberEXISTANT_ET022 CNPS_9TRANCHE-AC656 NEUVIEME_TRANCHE","link_type":"FO","geometry_type":"LineString","vendor":"","folder":"LIEN FO2023 / EXISTANT","color":"#FF7F00","width":3.0},"geometry":{"type":"LineString","coordinates":[[-3.9744,5.3808],[-3.97665,5.3875]]}},{"type":"Feature","properties":{"name":"FO_039_AKEIKOI_GUEHABLE-MATERNITE","description":"FiberEXISTANT_ET418 AKEIKOI_GUEHABLE-AC374 MATERNITE","link_type":"FO","geometry_type":"LineString","vendor":"","folder":"LIEN FO2023 / EXISTANT","color":"#FF7F00","width":3.0},"geometry":{"type":"LineString","coordinates":[[-3.99973,5.454668],[-4.0072329,5.44567534]]}},{"type":"Feature","properties":{"name":"FO_040_ARTISANAL-COCOTERAIE","description":"FiberEXISTANT_AC693 ARTISANAL-ET346 COCOTERAIE","link_type":"FO","geometry_type":"LineString","vendor":"","folder":"LIEN FO2023 / EXISTANT","color":"#FF7F00","width":3.0},"geometry":{"type":"LineString","coordinates":[[-3.7601,5.20969],[-3.775192,5.214664]]}},{"type":"Feature","properties":{"name":"FO_041_DAL_KENEDY-DAL_KHALIL","description":"FiberEXISTANT_AC134 DAL_KENEDY-AC138 DAL_KHALIL","link_type":"FO","geometry_type":"LineString","vendor":"","folder":"LIEN FO2023 / EXISTANT","color":"#FF7F00","width":3.0},"geometry":{"type":"LineString","coordinates":[[-6.4711,6.8886],[-6.4529,6.9056]]}},{"type":"Feature","properties":{"name":"FO_042_DAL_BAPTISTE-DAL_BSC","description":"FiberEXISTANT_AC136 DAL_BAPTISTE-AC904 DAL_BSC","link_type":"FO","geometry_type":"LineString","vendor":"","folder":"LIEN FO2023 / EXISTANT","color":"#FF7F00","width":3.0},"geometry":{"type":"LineString","coordinates":[[-6.4371,6.8705],[-6.429886,6.880981]]}},{"type":"Feature","properties":{"name":"FO_043_BKE_AIR_FRANCE-BKE_RUE_19","description":"FiberEXISTANT_AC234 BKE_AIR_FRANCE-AC601 BKE_RUE_19","link_type":"FO","geometry_type":"LineString","vendor":"","folder":"LIEN FO2023 / EXISTANT","color":"#FF7F00","width":3.0},"geometry":{"type":"LineString","coordinates":[[-5.0176,7.6683],[-5.0191,7.6817]]}},{"type":"Feature","properties":{"name":"FO_044_BKE_BROUKRO_EXT-BKE_POINT_CARRE","description":"FiberEXISTANT_AC606 BKE_BROUKRO_EXT-AC602 BKE_POINT_CARRE","link_type":"FO","geometry_type":"LineString","vendor":"","folder":"LIEN FO2023 / EXISTANT","color":"#FF7F00","width":3.0},"geometry":{"type":"LineString","coordinates":[[-5.0536,7.6738],[-5.0404,7.6816]]}},{"type":"Feature","properties":{"name":"FO_045_BKE_ODIENEKOURANI-BKE_DJEZOU","description":"FiberEXISTANT_AC435 BKE_ODIENEKOURANI-AC240 BKE_DJEZOU","link_type":"FO","geometry_type":"LineString","vendor":"","folder":"LIEN FO2023 / EXISTANT","color":"#FF7F00","width":3.0},"geometry":{"type":"LineString","coordinates":[[-5.0629,7.6999],[-5.0544,7.7058]]}},{"type":"Feature","properties":{"name":"FO_046_BKE_ODIENEKOURANI-BKE_UNIVERSITE","description":"FiberEXISTANT_AC435 BKE_ODIENEKOURANI-AC597 BKE_UNIVERSITE","link_type":"FO","geometry_type":"LineString","vendor":"","folder":"LIEN FO2023 / EXISTANT","color":"#FF7F00","width":3.0},"geometry":{"type":"LineString","coordinates":[[-5.0629,7.6999],[-5.0667,7.687]]}},{"type":"Feature","properties":{"name":"FO_047_BKE_ROUTE_ZONE-BKE_DJEZOU","description":"FiberEXISTANT_AC598 BKE_ROUTE_ZONE-AC240 BKE_DJEZOU","link_type":"FO","geometry_type":"LineString","vendor":"","folder":"LIEN FO2023 / EXISTANT","color":"#FF7F00","width":3.0},"geometry":{"type":"LineString","coordinates":[[-5.0526,7.7178],[-5.0544,7.7058]]}},{"type":"Feature","properties":{"name":"FO_048_BKE_GONFREVIL-BKE_ROUTE_ZONE","description":"FiberEXISTANT_AC242 BKE_GONFREVIL-AC598 BKE_ROUTE_ZONE","link_type":"FO","geometry_type":"LineString","vendor":"","folder":"LIEN FO2023 / EXISTANT","color":"#FF7F00","width":3.0},"geometry":{"type":"LineString","coordinates":[[-5.0545,7.7328],[-5.0526,7.7178]]}},{"type":"Feature","properties":{"name":"FO_049_BKE_CAMP_MIL-BKE_BELVIL2","description":"FiberEXISTANT_AC608 BKE_CAMP_MIL-AC238 BKE_BELVIL2","link_type":"FO","geometry_type":"LineString","vendor":"","folder":"LIEN FO2023 / EXISTANT","color":"#FF7F00","width":3.0},"geometry":{"type":"LineString","coordinates":[[-5.0207,7.7008],[-5.0074,7.7001]]}},{"type":"Feature","properties":{"name":"FO_050_BKE_DJAMOUROU-BKE_CAMP_MIL","description":"FiberEXISTANT_AC239 BKE_DJAMOUROU-AC608 BKE_CAMP_MIL","link_type":"FO","geometry_type":"LineString","vendor":"","folder":"LIEN FO2023 / EXISTANT","color":"#FF7F00","width":3.0},"geometry":{"type":"LineString","coordinates":[[-5.0275,7.7072],[-5.0207,7.7008]]}},{"type":"Feature","properties":{"name":"FO_051_BKE_CARREFOUR_ATTO-BKE_DJAMOUROU","description":"FiberEXISTANT_AC603 BKE_CARREFOUR_ATTO-AC239 BKE_DJAMOUROU","link_type":"FO","geometry_type":"LineString","vendor":"","folder":"LIEN FO2023 / EXISTANT","color":"#FF7F00","width":3.0},"geometry":{"type":"LineString","coordinates":[[-5.0327,7.7149],[-5.0275,7.7072]]}},{"type":"Feature","properties":{"name":"FO_052_MEAGUI_KABORE-MEAGUI_CIT","description":"FiberEXISTANT_ET516 MEAGUI_KABORE-AC268 MEAGUI_CIT","link_type":"FO","geometry_type":"LineString","vendor":"","folder":"LIEN FO2023 / EXISTANT","color":"#FF7F00","width":3.0},"geometry":{"type":"LineString","coordinates":[[-6.555722,5.408719],[-6.5664,5.4005]]}},{"type":"Feature","properties":{"name":"FO_053_DAL_GBEULYVILLE-DAL_KENEDY","description":"FiberEXISTANT_ET572 DAL_GBEULYVILLE-AC134 DAL_KENEDY","link_type":"FO","geometry_type":"LineString","vendor":"","folder":"LIEN FO2023 / EXISTANT","color":"#FF7F00","width":3.0},"geometry":{"type":"LineString","coordinates":[[-6.45781,6.8784062],[-6.4711,6.8886]]}},{"type":"Feature","properties":{"name":"FO_054_DIMBOKRO_ZONE_ECO-DIMBOKRO","description":"FiberEXISTANT_ET575 DIMBOKRO_ZONE_ECO-AC188 DIMBOKRO","link_type":"FO","geometry_type":"LineString","vendor":"","folder":"LIEN FO2023 / EXISTANT","color":"#FF7F00","width":3.0},"geometry":{"type":"LineString","coordinates":[[-4.695278,6.661167],[-4.7061,6.6489]]}},{"type":"Feature","properties":{"name":"FO_055_GAGNOA_DELBO-GAGNOA_SOKOURADJAN","description":"FiberEXISTANT_ET579 GAGNOA_DELBO-AC147 GAGNOA_SOKOURADJAN","link_type":"FO","geometry_type":"LineString","vendor":"","folder":"LIEN FO2023 / EXISTANT","color":"#FF7F00","width":3.0},"geometry":{"type":"LineString","coordinates":[[-5.97981,6.14959],[-5.9642,6.1466]]}},{"type":"Feature","properties":{"name":"FO_056_GD_LAHOU_SATDE-GD_LAHOU","description":"FiberEXISTANT_ET583 GD_LAHOU_SATDE-AC163 GD_LAHOU","link_type":"FO","geometry_type":"LineString","vendor":"","folder":"LIEN FO2023 / EXISTANT","color":"#FF7F00","width":3.0},"geometry":{"type":"LineString","coordinates":[[-4.991205,5.244357],[-5.0072633,5.25685571]]}},{"type":"Feature","properties":{"name":"FO_057_PRUNELLE_JACQUEVIL-JACQUEVIL","description":"FiberEXISTANT_ET584 PRUNELLE_JACQUEVIL-AC211 JACQUEVIL","link_type":"FO","geometry_type":"LineString","vendor":"","folder":"LIEN FO2023 / EXISTANT","color":"#FF7F00","width":3.0},"geometry":{"type":"LineString","coordinates":[[-4.394191,5.208768],[-4.4105634,5.20138823]]}},{"type":"Feature","properties":{"name":"FO_058_ABADJIN_KOUTE-KM17","description":"FiberEXISTANT_ET054 ABADJIN_KOUTE-AC324 KM17","link_type":"FO","geometry_type":"LineString","vendor":"","folder":"LIEN FO2023 / EXISTANT","color":"#FF7F00","width":3.0},"geometry":{"type":"LineString","coordinates":[[-4.14176,5.326556],[-4.1324267,5.33789266]]}},{"type":"Feature","properties":{"name":"FO_059_ABOBO_ANONKOUA SUD-AKEKOI","description":"FiberEXISTANT_ET670 ABOBO_ANONKOUA SUD-AC375 AKEKOI","link_type":"FO","geometry_type":"LineString","vendor":"","folder":"LIEN FO2023 / EXISTANT","color":"#FF7F00","width":3.0},"geometry":{"type":"LineString","coordinates":[[-4.045115,5.424916],[-4.046012,5.43244876]]}},{"type":"Feature","properties":{"name":"FO_060_BINGES_AKWE_DJEMIN-ADJAME_BINGES","description":"FiberEXISTANT_ET495 BINGES_AKWE_DJEMIN-ET028 ADJAME_BINGES","link_type":"FO","geometry_type":"LineString","vendor":"","folder":"LIEN FO2023 / EXISTANT","color":"#FF7F00","width":3.0},"geometry":{"type":"LineString","coordinates":[[-3.860967,5.342567],[-3.8729,5.3479]]}},{"type":"Feature","properties":{"name":"FO_061_BONDOUKOU_ABEMA-BALZAC","description":"FiberEXISTANT_ET557 BONDOUKOU_ABEMA-AC730 BALZAC","link_type":"FO","geometry_type":"LineString","vendor":"","folder":"LIEN FO2023 / EXISTANT","color":"#FF7F00","width":3.0},"geometry":{"type":"LineString","coordinates":[[-2.798139,8.055374],[-2.8077,8.05407]]}},{"type":"Feature","properties":{"name":"FO_062_BINGES_HME-BLANCHON","description":"FiberEXISTANT_ET696 BINGES_HME-AC351 BLANCHON","link_type":"FO","geometry_type":"LineString","vendor":"","folder":"LIEN FO2023 / EXISTANT","color":"#FF7F00","width":3.0},"geometry":{"type":"LineString","coordinates":[[-3.882417,5.361667],[-3.8808326,5.35806018]]}},{"type":"Feature","properties":{"name":"FO_063_FERKE_LANVIARA-FERKE_RESIDENTIEL","description":"FiberEXISTANT_ET577 FERKE_LANVIARA-AC936 FERKE_RESIDENTIEL","link_type":"FO","geometry_type":"LineString","vendor":"","folder":"LIEN FO2023 / EXISTANT","color":"#FF7F00","width":3.0},"geometry":{"type":"LineString","coordinates":[[-5.209248,9.59386],[-5.20901,9.57878]]}},{"type":"Feature","properties":{"name":"FO_064_ANYAMA_STADE-ANYAMA_HOTEL_HOTES","description":"FiberEXISTANT_ET462 ANYAMA_STADE-ET412 ANYAMA_HOTEL_HOTES","link_type":"FO","geometry_type":"LineString","vendor":"","folder":"LIEN FO2023 / EXISTANT","color":"#FF7F00","width":3.0},"geometry":{"type":"LineString","coordinates":[[-4.076675,5.477903],[-4.062781,5.487857]]}},{"type":"Feature","properties":{"name":"FO_065_SP_LYCEE_ALGADJI-SAN_PEDRO_CIT","description":"FiberEXISTANT_ET677 SP_LYCEE_ALGADJI-AC154 SAN_PEDRO_CIT","link_type":"FO","geometry_type":"LineString","vendor":"","folder":"LIEN FO2023 / EXISTANT","color":"#FF7F00","width":3.0},"geometry":{"type":"LineString","coordinates":[[-6.632942,4.737295],[-6.6233738,4.7387082]]}},{"type":"Feature","properties":{"name":"FO_066_ADJAME_ROXY-BANFORA","description":"FiberEXISTANT_ET413 ADJAME_ROXY-AC013 BANFORA","link_type":"FO","geometry_type":"LineString","vendor":"","folder":"LIEN FO2023 / EXISTANT","color":"#FF7F00","width":3.0},"geometry":{"type":"LineString","coordinates":[[-4.02575,5.349096],[-4.0223859,5.34786339]]}},{"type":"Feature","properties":{"name":"FO_067_TANDA_CHATEAU-TANDA","description":"FiberEXISTANT_ET601 TANDA_CHATEAU-AC181 TANDA","link_type":"FO","geometry_type":"LineString","vendor":"","folder":"LIEN FO2023 / EXISTANT","color":"#FF7F00","width":3.0},"geometry":{"type":"LineString","coordinates":[[-3.166713,7.80769],[-3.1708065,7.79610626]]}},{"type":"Feature","properties":{"name":"FO_068_AUBERGE_BONNE_ETOILE-BONDOUKOU","description":"FiberEXISTANT_ET681 AUBERGE_BONNE_ETOILE-AC182 BONDOUKOU","link_type":"FO","geometry_type":"LineString","vendor":"","folder":"LIEN FO2023 / EXISTANT","color":"#FF7F00","width":3.0},"geometry":{"type":"LineString","coordinates":[[-2.812584,8.019622],[-2.8063904,8.03166948]]}},{"type":"Feature","properties":{"name":"FO_069_SP_BELLEVILLE-TANRY","description":"FiberEXISTANT_ET596 SP_BELLEVILLE-AC157 TANRY","link_type":"FO","geometry_type":"LineString","vendor":"","folder":"LIEN FO2023 / EXISTANT","color":"#FF7F00","width":3.0},"geometry":{"type":"LineString","coordinates":[[-6.6875533,4.77524],[-6.6698,4.7736]]}},{"type":"Feature","properties":{"name":"FO_070_BINGES_BREGBO-BINGES_AKWE_DJEMIN","description":"FiberEXISTANT_ET485 BINGES_BREGBO-ET495 BINGES_AKWE_DJEMIN","link_type":"FO","geometry_type":"LineString","vendor":"","folder":"LIEN FO2023 / EXISTANT","color":"#FF7F00","width":3.0},"geometry":{"type":"LineString","coordinates":[[-3.8274,5.306141],[-3.860967,5.342567]]}},{"type":"Feature","properties":{"name":"FO_071_ANYAMA_MANGUIER-ANYAMA","description":"FiberEXISTANT_ET434 ANYAMA_MANGUIER-AC085 ANYAMA","link_type":"FO","geometry_type":"LineString","vendor":"","folder":"LIEN FO2023 / EXISTANT","color":"#FF7F00","width":3.0},"geometry":{"type":"LineString","coordinates":[[-4.042514,5.478491],[-4.0548144,5.47527046]]}},{"type":"Feature","properties":{"name":"FO_072_PHAMARCIE_IROKO-COLOMBE","description":"FiberEXISTANT_ET678 PHAMARCIE_IROKO-AC025 COLOMBE","link_type":"FO","geometry_type":"LineString","vendor":"","folder":"LIEN FO2023 / EXISTANT","color":"#FF7F00","width":3.0},"geometry":{"type":"LineString","coordinates":[[-3.96448,5.2944],[-3.965031,5.29858728]]}},{"type":"Feature","properties":{"name":"FO_073_ADZOPE_OCANARI-ADZOPE","description":"FiberEXISTANT_ET548 ADZOPE_OCANARI-AC171 ADZOPE","link_type":"FO","geometry_type":"LineString","vendor":"","folder":"LIEN FO2023 / EXISTANT","color":"#FF7F00","width":3.0},"geometry":{"type":"LineString","coordinates":[[-3.85063,6.10822],[-3.8604889,6.0991788]]}},{"type":"Feature","properties":{"name":"FO_074_MODESTE_LYS DE MARIE-ESCALE","description":"FiberEXISTANT_ET580 MODESTE_LYS DE MARIE-AC106 ESCALE","link_type":"FO","geometry_type":"LineString","vendor":"","folder":"LIEN FO2023 / EXISTANT","color":"#FF7F00","width":3.0},"geometry":{"type":"LineString","coordinates":[[-3.81678,5.229537],[-3.8431795,5.22394929]]}},{"type":"Feature","properties":{"name":"FO_075_KATIOLA_MANGOROSSO-KATIOLA","description":"FiberEXISTANT_ET585 KATIOLA_MANGOROSSO-AC245 KATIOLA","link_type":"FO","geometry_type":"LineString","vendor":"","folder":"LIEN FO2023 / EXISTANT","color":"#FF7F00","width":3.0},"geometry":{"type":"LineString","coordinates":[[-5.092605,8.150128],[-5.0871,8.1349]]}},{"type":"Feature","properties":{"name":"FO_076_KOR_TCHEKELEZO_EXT-KOR_CIT","description":"FiberEXISTANT_ET587 KOR_TCHEKELEZO_EXT-AC246 KOR_CIT","link_type":"FO","geometry_type":"LineString","vendor":"","folder":"LIEN FO2023 / EXISTANT","color":"#FF7F00","width":3.0},"geometry":{"type":"LineString","coordinates":[[-5.59602,9.4443],[-5.63136,9.45497]]}},{"type":"Feature","properties":{"name":"FO_077_KOR_DELAFOSSE-KOR_CIT","description":"FiberEXISTANT_ET588 KOR_DELAFOSSE-AC246 KOR_CIT","link_type":"FO","geometry_type":"LineString","vendor":"","folder":"LIEN FO2023 / EXISTANT","color":"#FF7F00","width":3.0},"geometry":{"type":"LineString","coordinates":[[-5.63928,9.46776],[-5.63136,9.45497]]}},{"type":"Feature","properties":{"name":"FO_078_BKE_SOCOPAO-BKE_NGATTAKRO","description":"FiberEXISTANT_ET566 BKE_SOCOPAO-AC244 BKE_NGATTAKRO","link_type":"FO","geometry_type":"LineString","vendor":"","folder":"LIEN FO2023 / EXISTANT","color":"#FF7F00","width":3.0},"geometry":{"type":"LineString","coordinates":[[-5.009451,7.647755],[-5.0254,7.6503]]}},{"type":"Feature","properties":{"name":"FO_079_NIAKARA_CHATEAU-NIAKARA","description":"FiberEXISTANT_ET594 NIAKARA_CHATEAU-AC309 NIAKARA","link_type":"FO","geometry_type":"LineString","vendor":"","folder":"LIEN FO2023 / EXISTANT","color":"#FF7F00","width":3.0},"geometry":{"type":"LineString","coordinates":[[-5.2969,8.65718],[-5.27643,8.6555]]}},{"type":"Feature","properties":{"name":"FO_080_KOR_COCODY-KOR_LYC_SAKANOKO","description":"FiberEXISTANT_ET589 KOR_COCODY-AC248 KOR_LYC_SAKANOKO","link_type":"FO","geometry_type":"LineString","vendor":"","folder":"LIEN FO2023 / EXISTANT","color":"#FF7F00","width":3.0},"geometry":{"type":"LineString","coordinates":[[-5.65934,9.47625],[-5.6581,9.4547]]}},{"type":"Feature","properties":{"name":"FO_081_BINGES-BLANCHON","description":"FiberEXISTANT_AC015 BINGES-AC351 BLANCHON","link_type":"FO","geometry_type":"LineString","vendor":"","folder":"LIEN FO2023 / EXISTANT","color":"#FF7F00","width":3.0},"geometry":{"type":"LineString","coordinates":[[-3.890418,5.358779],[-3.8808326,5.35806018]]}},{"type":"Feature","properties":{"name":"FO_082_NDOTRE_TRAINOU-KABAKRO","description":"FiberEXISTANT_ET302 NDOTRE_TRAINOU-AC690 KABAKRO","link_type":"FO","geometry_type":"LineString","vendor":"","folder":"LIEN FO2023 / EXISTANT","color":"#FF7F00","width":3.0},"geometry":{"type":"LineString","coordinates":[[-4.10061,5.44987],[-4.0837,5.44961]]}},{"type":"Feature","properties":{"name":"FO_083_CITE_BNETD-MISSION_EPHRATA","description":"FiberEXISTANT_ET685 CITE_BNETD-AC719 MISSION_EPHRATA","link_type":"FO","geometry_type":"LineString","vendor":"","folder":"LIEN FO2023 / EXISTANT","color":"#FF7F00","width":3.0},"geometry":{"type":"LineString","coordinates":[[-3.932483,5.378063],[-3.9339,5.38186]]}},{"type":"Feature","properties":{"name":"FO_084_PORT-BOUET-ADJOUFFOU_LYCEE","description":"FiberEXISTANT_ET535 PORT-BOUET-ET380 ADJOUFFOU_LYCEE","link_type":"FO","geometry_type":"LineString","vendor":"","folder":"LIEN FO2023 / EXISTANT","color":"#FF7F00","width":3.0},"geometry":{"type":"LineString","coordinates":[[-3.9003689,5.2561307],[-3.89998,5.24797]]}},{"type":"Feature","properties":{"name":"FO_085_YOPOUGON-BILAL","description":"FiberEXISTANT_ET542 YOPOUGON-AC111 BILAL","link_type":"FO","geometry_type":"LineString","vendor":"","folder":"LIEN FO2023 / EXISTANT","color":"#FF7F00","width":3.0},"geometry":{"type":"LineString","coordinates":[[-4.092252,5.353336],[-4.0875223,5.34742572]]}},{"type":"Feature","properties":{"name":"FO_086_BOUAKE-BKE_UNIVERSITE","description":"FiberEXISTANT_ET567 BOUAKE-AC597 BKE_UNIVERSITE","link_type":"FO","geometry_type":"LineString","vendor":"","folder":"LIEN FO2023 / EXISTANT","color":"#FF7F00","width":3.0},"geometry":{"type":"LineString","coordinates":[[-5.076323,7.678125],[-5.0667,7.687]]}},{"type":"Feature","properties":{"name":"FO_087_BOUAKE-BKE_OLIENOU","description":"FiberEXISTANT_ET569 BOUAKE-AC431 BKE_OLIENOU","link_type":"FO","geometry_type":"LineString","vendor":"","folder":"LIEN FO2023 / EXISTANT","color":"#FF7F00","width":3.0},"geometry":{"type":"LineString","coordinates":[[-4.982304,7.684736],[-4.9904,7.6962]]}},{"type":"Feature","properties":{"name":"FO_088_KORHOGO-KORHOGO_FHB","description":"FiberEXISTANT_ET590 KORHOGO-AC247 KORHOGO_FHB","link_type":"FO","geometry_type":"LineString","vendor":"","folder":"LIEN FO2023 / EXISTANT","color":"#FF7F00","width":3.0},"geometry":{"type":"LineString","coordinates":[[-5.630782,9.422276],[-5.62479,9.41894]]}},{"type":"Feature","properties":{"name":"FO_089_NDOTRE_CASSE-CARR_NDOTRE","description":"FiberEXISTANT_ET671 NDOTRE_CASSE-AC924 CARR_NDOTRE","link_type":"FO","geometry_type":"LineString","vendor":"","folder":"LIEN FO2023 / EXISTANT","color":"#FF7F00","width":3.0},"geometry":{"type":"LineString","coordinates":[[-4.078275,5.430474],[-4.076261,5.434343]]}},{"type":"Feature","properties":{"name":"FO_090_PORT-BOUET-WEST AFRICA","description":"FiberEXISTANT_ET675 PORT-BOUET-AC815 WEST AFRICA","link_type":"FO","geometry_type":"LineString","vendor":"","folder":"LIEN FO2023 / EXISTANT","color":"#FF7F00","width":3.0},"geometry":{"type":"LineString","coordinates":[[-3.892304,5.239222],[-3.89565,5.243384]]}},{"type":"Feature","properties":{"name":"FO_091_ANANI_CARR_MOTARD-QUARTIER_ELEPHANT","description":"FiberEXISTANT_ET676 ANANI_CARR_MOTARD-AC715 QUARTIER_ELEPHANT","link_type":"FO","geometry_type":"LineString","vendor":"","folder":"LIEN FO2023 / EXISTANT","color":"#FF7F00","width":3.0},"geometry":{"type":"LineString","coordinates":[[-3.881149,5.244177],[-3.88829,5.24234]]}},{"type":"Feature","properties":{"name":"FO_092_MARCORY-MARC_ANADER","description":"FiberEXISTANT_ET532 MARCORY-AC002 MARC_ANADER","link_type":"FO","geometry_type":"LineString","vendor":"","folder":"LIEN FO2023 / EXISTANT","color":"#FF7F00","width":3.0},"geometry":{"type":"LineString","coordinates":[[-3.98691,5.2968],[-3.991722,5.29211395]]}},{"type":"Feature","properties":{"name":"FO_093_New Port-Bouet-PORT-BOUET","description":"FiberEXISTANT_ET694 New Port-Bouet-ET535 PORT-BOUET","link_type":"FO","geometry_type":"LineString","vendor":"","folder":"LIEN FO2023 / EXISTANT","color":"#FF7F00","width":3.0},"geometry":{"type":"LineString","coordinates":[[-3.908007,5.264084],[-3.9003689,5.2561307]]}},{"type":"Feature","properties":{"name":"FO_094_DJIBI_1-LOREADE","description":"FiberEXISTANT_ET026 DJIBI_1-AC364 LOREADE","link_type":"FO","geometry_type":"LineString","vendor":"","folder":"LIEN FO2023 / EXISTANT","color":"#FF7F00","width":3.0},"geometry":{"type":"LineString","coordinates":[[-3.9843,5.4012],[-3.9840031,5.3972225]]}},{"type":"Feature","properties":{"name":"FO_095_ABOBO_GARE-AMAKEBOU","description":"FiberEXISTANT_AC385 ABOBO_GARE-AC056 AMAKEBOU","link_type":"FO","geometry_type":"LineString","vendor":"","folder":"LIEN FO2023 / EXISTANT","color":"#FF7F00","width":3.0},"geometry":{"type":"LineString","coordinates":[[-4.01278,5.41633277],[-4.0151085,5.42171975]]}},{"type":"Feature","properties":{"name":"FO_096_SAGBE-21RRDT","description":"FiberEXISTANT_AC051 SAGBE-AC386 21RRDT","link_type":"FO","geometry_type":"LineString","vendor":"","folder":"LIEN FO2023 / EXISTANT","color":"#FF7F00","width":3.0},"geometry":{"type":"LineString","coordinates":[[-4.0308882,5.41833735],[-4.024681,5.41965038]]}},{"type":"Feature","properties":{"name":"FO_097_KANO-FOYER_PROT","description":"FiberEXISTANT_AC006 KANO-AC391 FOYER_PROT","link_type":"FO","geometry_type":"LineString","vendor":"","folder":"LIEN FO2023 / EXISTANT","color":"#FF7F00","width":3.0},"geometry":{"type":"LineString","coordinates":[[-4.0092481,5.29904138],[-4.0087371,5.30114068]]}},{"type":"Feature","properties":{"name":"FO_098_CARR_NDOTRE-KABAKRO","description":"FiberEXISTANT_AC924 CARR_NDOTRE-AC690 KABAKRO","link_type":"FO","geometry_type":"LineString","vendor":"","folder":"LIEN FO2023 / EXISTANT","color":"#FF7F00","width":3.0},"geometry":{"type":"LineString","coordinates":[[-4.076261,5.434343],[-4.0837,5.44961]]}},{"type":"Feature","properties":{"name":"FO_099_DEPOT-ST_MATHIEU","description":"FiberEXISTANT_AC052 DEPOT-AC686 ST_MATHIEU","link_type":"FO","geometry_type":"LineString","vendor":"","folder":"LIEN FO2023 / EXISTANT","color":"#FF7F00","width":3.0},"geometry":{"type":"LineString","coordinates":[[-4.0335126,5.43833147],[-4.0333,5.43055]]}},{"type":"Feature","properties":{"name":"FO_100_CSP-CAMPUS","description":"FiberEXISTANT_AC641 CSP-AC102 CAMPUS","link_type":"FO","geometry_type":"LineString","vendor":"","folder":"LIEN FO2023 / EXISTANT","color":"#FF7F00","width":3.0},"geometry":{"type":"LineString","coordinates":[[-3.99149,5.34724],[-3.9883719,5.34156942]]}},{"type":"Feature","properties":{"name":"FO_101_2PLTX_KAVOKIVA-ENA","description":"FiberEXISTANT_AC998 2PLTX_KAVOKIVA-AC355 ENA","link_type":"FO","geometry_type":"LineString","vendor":"","folder":"LIEN FO2023 / EXISTANT","color":"#FF7F00","width":3.0},"geometry":{"type":"LineString","coordinates":[[-4.0027,5.3629],[-3.9979713,5.36227637]]}},{"type":"Feature","properties":{"name":"FO_102_DOKUI-PHRCIE_DOKUI","description":"FiberEXISTANT_AC107 DOKUI-AC987 PHRCIE_DOKUI","link_type":"FO","geometry_type":"LineString","vendor":"","folder":"LIEN FO2023 / EXISTANT","color":"#FF7F00","width":3.0},"geometry":{"type":"LineString","coordinates":[[-4.0042701,5.40059032],[-4.0049,5.4051]]}},{"type":"Feature","properties":{"name":"FO_103_ADJOUFFOU_CARTON-ASECNA","description":"FiberEXISTANT_ET329 ADJOUFFOU_CARTON-AC029 ASECNA","link_type":"FO","geometry_type":"LineString","vendor":"","folder":"LIEN FO2023 / EXISTANT","color":"#FF7F00","width":3.0},"geometry":{"type":"LineString","coordinates":[[-3.92012,5.2499],[-3.9359727,5.25535895]]}},{"type":"Feature","properties":{"name":"FO_104_FILTISAC-COCO_SERVICE","description":"FiberEXISTANT_AC059 FILTISAC-AC650 COCO_SERVICE","link_type":"FO","geometry_type":"LineString","vendor":"","folder":"LIEN FO2023 / EXISTANT","color":"#FF7F00","width":3.0},"geometry":{"type":"LineString","coordinates":[[-4.0200464,5.3953631],[-4.0102,5.39532]]}},{"type":"Feature","properties":{"name":"FO_105_ADJAME_UTB-BANFORA","description":"FiberEXISTANT_ET402 ADJAME_UTB-AC013 BANFORA","link_type":"FO","geometry_type":"LineString","vendor":"","folder":"LIEN FO2023 / EXISTANT","color":"#FF7F00","width":3.0},"geometry":{"type":"LineString","coordinates":[[-4.0215,5.351294],[-4.0223859,5.34786339]]}},{"type":"Feature","properties":{"name":"FO_106_ANOKOI_GARE-CITE_SIR","description":"FiberEXISTANT_ET417 ANOKOI_GARE-AC646 CITE_SIR","link_type":"FO","geometry_type":"LineString","vendor":"","folder":"LIEN FO2023 / EXISTANT","color":"#FF7F00","width":3.0},"geometry":{"type":"LineString","coordinates":[[-3.925366,5.385383],[-3.92994,5.39175]]}},{"type":"Feature","properties":{"name":"FO_107_BONOUA_CHATEAU-BONOUA_CELESTE","description":"FiberEXISTANT_ET560 BONOUA_CHATEAU-AC955 BONOUA_CELESTE","link_type":"FO","geometry_type":"LineString","vendor":"","folder":"LIEN FO2023 / EXISTANT","color":"#FF7F00","width":3.0},"geometry":{"type":"LineString","coordinates":[[-3.589581,5.28553],[-3.58662,5.27187]]}},{"type":"Feature","properties":{"name":"FO_108_BOUAFLE_BLAMA-BOUAFLE","description":"FiberEXISTANT_ET563 BOUAFLE_BLAMA-AC131 BOUAFLE","link_type":"FO","geometry_type":"LineString","vendor":"","folder":"LIEN FO2023 / EXISTANT","color":"#FF7F00","width":3.0},"geometry":{"type":"LineString","coordinates":[[-5.75767,6.99948],[-5.7488,6.9882]]}},{"type":"Feature","properties":{"name":"FO_109_ANYAMA_RENFO8-PK18_SICOGI","description":"FiberEXISTANT_ET342 ANYAMA_RENFO8-AC638 PK18_SICOGI","link_type":"FO","geometry_type":"LineString","vendor":"","folder":"LIEN FO2023 / EXISTANT","color":"#FF7F00","width":3.0},"geometry":{"type":"LineString","coordinates":[[-4.024987,5.46506],[-4.04935,5.45777]]}},{"type":"Feature","properties":{"name":"FO_110_ADJAME_NADI-ATTECOUBE","description":"FiberEXISTANT_ET365 ADJAME_NADI-AC014 ATTECOUBE","link_type":"FO","geometry_type":"LineString","vendor":"","folder":"LIEN FO2023 / EXISTANT","color":"#FF7F00","width":3.0},"geometry":{"type":"LineString","coordinates":[[-4.036608,5.347758],[-4.0346383,5.35161463]]}},{"type":"Feature","properties":{"name":"FO_111_YOP_CITE_NESTLE-KOEIT","description":"FiberEXISTANT_ET540 YOP_CITE_NESTLE-AC624 KOEIT","link_type":"FO","geometry_type":"LineString","vendor":"","folder":"LIEN FO2023 / EXISTANT","color":"#FF7F00","width":3.0},"geometry":{"type":"LineString","coordinates":[[-4.056313,5.31072],[-4.05351,5.3209]]}},{"type":"Feature","properties":{"name":"FO_112_YOPOUGON-DORIAN","description":"FiberEXISTANT_ET539 YOPOUGON-AC707 DORIAN","link_type":"FO","geometry_type":"LineString","vendor":"","folder":"LIEN FO2023 / EXISTANT","color":"#FF7F00","width":3.0},"geometry":{"type":"LineString","coordinates":[[-4.06477,5.32447],[-4.0656427,5.31838451]]}},{"type":"Feature","properties":{"name":"FO_113_PORT-BOUET-ADJOUFOU","description":"FiberEXISTANT_ET533 PORT-BOUET-AC030 ADJOUFOU","link_type":"FO","geometry_type":"LineString","vendor":"","folder":"LIEN FO2023 / EXISTANT","color":"#FF7F00","width":3.0},"geometry":{"type":"LineString","coordinates":[[-3.9125254,5.2482626],[-3.9183603,5.2437256]]}},{"type":"Feature","properties":{"name":"FO_114_SAN_PEDRO_CIT-SEWEKE","description":"FiberEXISTANT_AC154 SAN_PEDRO_CIT-AC153 SEWEKE","link_type":"FO","geometry_type":"LineString","vendor":"","folder":"LIEN FO2023 / EXISTANT","color":"#FF7F00","width":3.0},"geometry":{"type":"LineString","coordinates":[[-6.6233738,4.7387082],[-6.6456,4.7625]]}},{"type":"Feature","properties":{"name":"FO_115_KOUM_GRD_CARR-KOUM_SICOGI","description":"FiberEXISTANT_AC918 KOUM_GRD_CARR-AC026 KOUM_SICOGI","link_type":"FO","geometry_type":"LineString","vendor":"","folder":"LIEN FO2023 / EXISTANT","color":"#FF7F00","width":3.0},"geometry":{"type":"LineString","coordinates":[[-3.97008,5.28685],[-3.9655302,5.28294723]]}},{"type":"Feature","properties":{"name":"FO_116_VRIDI-GESTOCI","description":"FiberEXISTANT_AC005 VRIDI-AC094 GESTOCI","link_type":"FO","geometry_type":"LineString","vendor":"","folder":"LIEN FO2023 / EXISTANT","color":"#FF7F00","width":3.0},"geometry":{"type":"LineString","coordinates":[[-4.0048056,5.25809208],[-3.9985356,5.26438856]]}},{"type":"Feature","properties":{"name":"FO_117_SELMER-ASSONVON_VILLAGE","description":"FiberEXISTANT_AC038 SELMER-ET074 ASSONVON_VILLAGE","link_type":"FO","geometry_type":"LineString","vendor":"","folder":"LIEN FO2023 / EXISTANT","color":"#FF7F00","width":3.0},"geometry":{"type":"LineString","coordinates":[[-4.0634679,5.33933646],[-4.0686361,5.33606666]]}},{"type":"Feature","properties":{"name":"FO_118_UNIV_ABOBO_ADJAME-MACACI","description":"FiberEXISTANT_AC920 UNIV_ABOBO_ADJAME-AC060 MACACI","link_type":"FO","geometry_type":"LineString","vendor":"","folder":"LIEN FO2023 / EXISTANT","color":"#FF7F00","width":3.0},"geometry":{"type":"LineString","coordinates":[[-4.019877,5.385559],[-4.0246769,5.374226]]}},{"type":"Feature","properties":{"name":"FO_119_ASSOMPTION-SELMER","description":"FiberEXISTANT_ET017 ASSOMPTION-AC038 SELMER","link_type":"FO","geometry_type":"LineString","vendor":"","folder":"LIEN FO2023 / EXISTANT","color":"#FF7F00","width":3.0},"geometry":{"type":"LineString","coordinates":[[-4.0587277,5.33838888],[-4.0634679,5.33933646]]}},{"type":"Feature","properties":{"name":"FO_120_FILTISAC-UNIV_ABOBO_ADJAME","description":"FiberEXISTANT_AC059 FILTISAC-AC920 UNIV_ABOBO_ADJAME","link_type":"FO","geometry_type":"LineString","vendor":"","folder":"LIEN FO2023 / EXISTANT","color":"#FF7F00","width":3.0},"geometry":{"type":"LineString","coordinates":[[-4.0200464,5.3953631],[-4.019877,5.385559]]}},{"type":"Feature","properties":{"name":"FO_121_AKANE-BILAL","description":"FiberEXISTANT_AC041 AKANE-AC111 BILAL","link_type":"FO","geometry_type":"LineString","vendor":"","folder":"LIEN FO2023 / EXISTANT","color":"#FF7F00","width":3.0},"geometry":{"type":"LineString","coordinates":[[-4.0882514,5.34127389],[-4.0875223,5.34742572]]}},{"type":"Feature","properties":{"name":"FO_122_PORT-CITE_PORT","description":"FiberEXISTANT_AC387 PORT-AC001 CITE_PORT","link_type":"FO","geometry_type":"LineString","vendor":"","folder":"LIEN FO2023 / EXISTANT","color":"#FF7F00","width":3.0},"geometry":{"type":"LineString","coordinates":[[-4.019896,5.304605],[-4.00509,5.2877]]}},{"type":"Feature","properties":{"name":"FO_123_SELMER_POINTY-YOP_MAIRIE","description":"FiberEXISTANT_ET426 SELMER_POINTY-AC709 YOP_MAIRIE","link_type":"FO","geometry_type":"LineString","vendor":"","folder":"LIEN FO2023 / EXISTANT","color":"#FF7F00","width":3.0},"geometry":{"type":"LineString","coordinates":[[-4.07135,5.34528],[-4.0671739,5.34289375]]}},{"type":"Feature","properties":{"name":"FO_124_ANOKOI-STE_RITA","description":"FiberEXISTANT_AC084 ANOKOI-ET060 STE_RITA","link_type":"FO","geometry_type":"LineString","vendor":"","folder":"LIEN FO2023 / EXISTANT","color":"#FF7F00","width":3.0},"geometry":{"type":"LineString","coordinates":[[-4.0532639,5.44022389],[-4.06028,5.43472]]}},{"type":"Feature","properties":{"name":"FO_125_YOP_MAIRIE-BIRANGO","description":"FiberEXISTANT_AC709 YOP_MAIRIE-AC322 BIRANGO","link_type":"FO","geometry_type":"LineString","vendor":"","folder":"LIEN FO2023 / EXISTANT","color":"#FF7F00","width":3.0},"geometry":{"type":"LineString","coordinates":[[-4.0671739,5.34289375],[-4.06672,5.34782386]]}},{"type":"Feature","properties":{"name":"FO_126_ANOKOI-AKEKOI","description":"FiberEXISTANT_AC084 ANOKOI-AC375 AKEKOI","link_type":"FO","geometry_type":"LineString","vendor":"","folder":"LIEN FO2023 / EXISTANT","color":"#FF7F00","width":3.0},"geometry":{"type":"LineString","coordinates":[[-4.0532639,5.44022389],[-4.046012,5.43244876]]}},{"type":"Feature","properties":{"name":"FO_127_YOP_CITE_ADO-MACA","description":"FiberEXISTANT_ET334 YOP_CITE_ADO-AC312 MACA","link_type":"FO","geometry_type":"LineString","vendor":"","folder":"LIEN FO2023 / EXISTANT","color":"#FF7F00","width":3.0},"geometry":{"type":"LineString","coordinates":[[-4.086313,5.403428],[-4.08042,5.39177]]}},{"type":"Feature","properties":{"name":"FO_128_SELMER_POINTY-PMI","description":"FiberEXISTANT_ET426 SELMER_POINTY-AC320 PMI","link_type":"FO","geometry_type":"LineString","vendor":"","folder":"LIEN FO2023 / EXISTANT","color":"#FF7F00","width":3.0},"geometry":{"type":"LineString","coordinates":[[-4.07135,5.34528],[-4.07993,5.34365]]}},{"type":"Feature","properties":{"name":"FO_129_MACA-SONITRA","description":"FiberEXISTANT_AC312 MACA-AC046 SONITRA","link_type":"FO","geometry_type":"LineString","vendor":"","folder":"LIEN FO2023 / EXISTANT","color":"#FF7F00","width":3.0},"geometry":{"type":"LineString","coordinates":[[-4.08042,5.39177],[-4.0834019,5.38022085]]}},{"type":"Feature","properties":{"name":"FO_130_LAVAGE-PMI","description":"FiberEXISTANT_AC321 LAVAGE-AC320 PMI","link_type":"FO","geometry_type":"LineString","vendor":"","folder":"LIEN FO2023 / EXISTANT","color":"#FF7F00","width":3.0},"geometry":{"type":"LineString","coordinates":[[-4.07339,5.3392],[-4.07993,5.34365]]}},{"type":"Feature","properties":{"name":"FO_131_GALAXY-PALAIS_CULTURE","description":"FiberEXISTANT_AC003 GALAXY-ET077 PALAIS_CULTURE","link_type":"FO","geometry_type":"LineString","vendor":"","folder":"LIEN FO2023 / EXISTANT","color":"#FF7F00","width":3.0},"geometry":{"type":"LineString","coordinates":[[-4.0102192,5.30806685],[-4.012218,5.310614]]}},{"type":"Feature","properties":{"name":"FO_132_LAVAGE-ASSONVON_VILLAGE","description":"FiberEXISTANT_AC321 LAVAGE-ET074 ASSONVON_VILLAGE","link_type":"FO","geometry_type":"LineString","vendor":"","folder":"LIEN FO2023 / EXISTANT","color":"#FF7F00","width":3.0},"geometry":{"type":"LineString","coordinates":[[-4.07339,5.3392],[-4.0686361,5.33606666]]}},{"type":"Feature","properties":{"name":"FO_133_GRACES-PREMIER_PONT","description":"FiberEXISTANT_AC076 GRACES-AC678 PREMIER_PONT","link_type":"FO","geometry_type":"LineString","vendor":"","folder":"LIEN FO2023 / EXISTANT","color":"#FF7F00","width":3.0},"geometry":{"type":"LineString","coordinates":[[-4.00676,5.36905],[-4.0673,5.36192]]}},{"type":"Feature","properties":{"name":"FO_134_AKEKOI-PK18_SICOGI","description":"FiberEXISTANT_AC375 AKEKOI-AC638 PK18_SICOGI","link_type":"FO","geometry_type":"LineString","vendor":"","folder":"LIEN FO2023 / EXISTANT","color":"#FF7F00","width":3.0},"geometry":{"type":"LineString","coordinates":[[-4.046012,5.43244876],[-4.04935,5.45777]]}},{"type":"Feature","properties":{"name":"FO_135_ARRAS-VIGA","description":"FiberEXISTANT_AC004 ARRAS-AC410 VIGA","link_type":"FO","geometry_type":"LineString","vendor":"","folder":"LIEN FO2023 / EXISTANT","color":"#FF7F00","width":3.0},"geometry":{"type":"LineString","coordinates":[[-4.0018525,5.30143227],[-3.9955245,5.31122033]]}},{"type":"Feature","properties":{"name":"FO_136_CITE_MBADON-AMBASSADE_USA","description":"FiberEXISTANT_ET311 CITE_MBADON-AC722 AMBASSADE_USA","link_type":"FO","geometry_type":"LineString","vendor":"","folder":"LIEN FO2023 / EXISTANT","color":"#FF7F00","width":3.0},"geometry":{"type":"LineString","coordinates":[[-3.97349,5.34001],[-3.969105,5.33589258]]}},{"type":"Feature","properties":{"name":"FO_137_ARRAS-GARE_DE_BASSAM","description":"FiberEXISTANT_AC004 ARRAS-ET079 GARE_DE_BASSAM","link_type":"FO","geometry_type":"LineString","vendor":"","folder":"LIEN FO2023 / EXISTANT","color":"#FF7F00","width":3.0},"geometry":{"type":"LineString","coordinates":[[-4.0018525,5.30143227],[-4.004139,5.298611]]}},{"type":"Feature","properties":{"name":"FO_138_CITE_GESTOCI-ARCADES","description":"FiberEXISTANT_AC911 CITE_GESTOCI-AC368 ARCADES","link_type":"FO","geometry_type":"LineString","vendor":"","folder":"LIEN FO2023 / EXISTANT","color":"#FF7F00","width":3.0},"geometry":{"type":"LineString","coordinates":[[-3.96093,5.40513],[-3.9763109,5.40681378]]}},{"type":"Feature","properties":{"name":"FO_139_KOUM_SICOGI-PTI_MARCHE","description":"FiberEXISTANT_AC026 KOUM_SICOGI-AC416 PTI_MARCHE","link_type":"FO","geometry_type":"LineString","vendor":"","folder":"LIEN FO2023 / EXISTANT","color":"#FF7F00","width":3.0},"geometry":{"type":"LineString","coordinates":[[-3.9655302,5.28294723],[-3.9591711,5.2845762]]}},{"type":"Feature","properties":{"name":"FO_140_CITE_GESTOCI-DJOROBITE","description":"FiberEXISTANT_AC911 CITE_GESTOCI-AC912 DJOROBITE","link_type":"FO","geometry_type":"LineString","vendor":"","folder":"LIEN FO2023 / EXISTANT","color":"#FF7F00","width":3.0},"geometry":{"type":"LineString","coordinates":[[-3.96093,5.40513],[-3.956972,5.397278]]}},{"type":"Feature","properties":{"name":"FO_141_STE_RITA-YOP_CITE_ADO","description":"FiberEXISTANT_ET060 STE_RITA-ET334 YOP_CITE_ADO","link_type":"FO","geometry_type":"LineString","vendor":"","folder":"LIEN FO2023 / EXISTANT","color":"#FF7F00","width":3.0},"geometry":{"type":"LineString","coordinates":[[-4.06028,5.43472],[-4.086313,5.403428]]}},{"type":"Feature","properties":{"name":"FO_142_DJOROBITE_2-CITE_GESTOCI","description":"FiberEXISTANT_ET319 DJOROBITE_2-AC911 CITE_GESTOCI","link_type":"FO","geometry_type":"LineString","vendor":"","folder":"LIEN FO2023 / EXISTANT","color":"#FF7F00","width":3.0},"geometry":{"type":"LineString","coordinates":[[-3.94953,5.40558],[-3.96093,5.40513]]}},{"type":"Feature","properties":{"name":"FO_143_ANONO_EGLISE-ANONO_ANTENNE","description":"FiberEXISTANT_AC346 ANONO_EGLISE-ET073 ANONO_ANTENNE","link_type":"FO","geometry_type":"LineString","vendor":"","folder":"LIEN FO2023 / EXISTANT","color":"#FF7F00","width":3.0},"geometry":{"type":"LineString","coordinates":[[-3.9710761,5.34408446],[-3.970667,5.348217]]}},{"type":"Feature","properties":{"name":"FO_144_PUMA_ENERGY-VRIDI","description":"FiberEXISTANT_ET387 PUMA_ENERGY-AC005 VRIDI","link_type":"FO","geometry_type":"LineString","vendor":"","folder":"LIEN FO2023 / EXISTANT","color":"#FF7F00","width":3.0},"geometry":{"type":"LineString","coordinates":[[-4.012323,5.265649],[-4.0048056,5.25809208]]}},{"type":"Feature","properties":{"name":"FO_145_CITE_MBADON-ANONO_EGLISE","description":"FiberEXISTANT_ET311 CITE_MBADON-AC346 ANONO_EGLISE","link_type":"FO","geometry_type":"LineString","vendor":"","folder":"LIEN FO2023 / EXISTANT","color":"#FF7F00","width":3.0},"geometry":{"type":"LineString","coordinates":[[-3.97349,5.34001],[-3.9710761,5.34408446]]}},{"type":"Feature","properties":{"name":"FO_146_PUMA_ENERGY-SIMAT","description":"FiberEXISTANT_ET387 PUMA_ENERGY-AC409 SIMAT","link_type":"FO","geometry_type":"LineString","vendor":"","folder":"LIEN FO2023 / EXISTANT","color":"#FF7F00","width":3.0},"geometry":{"type":"LineString","coordinates":[[-4.012323,5.265649],[-4.0095318,5.26807031]]}},{"type":"Feature","properties":{"name":"FO_147_ANONO_ANTENNE-ANONO","description":"FiberEXISTANT_ET073 ANONO_ANTENNE-AC067 ANONO","link_type":"FO","geometry_type":"LineString","vendor":"","folder":"LIEN FO2023 / EXISTANT","color":"#FF7F00","width":3.0},"geometry":{"type":"LineString","coordinates":[[-3.970667,5.348217],[-3.9762727,5.34880687]]}},{"type":"Feature","properties":{"name":"FO_148_NEON-ABOBO_BAOULE","description":"FiberEXISTANT_AC055 NEON-AC728 ABOBO_BAOULE","link_type":"FO","geometry_type":"LineString","vendor":"","folder":"LIEN FO2023 / EXISTANT","color":"#FF7F00","width":3.0},"geometry":{"type":"LineString","coordinates":[[-3.9929761,5.41507211],[-3.9939888,5.42171864]]}},{"type":"Feature","properties":{"name":"FO_149_DJOROBITE-ROSIER_4","description":"FiberEXISTANT_AC912 DJOROBITE-AC632 ROSIER_4","link_type":"FO","geometry_type":"LineString","vendor":"","folder":"LIEN FO2023 / EXISTANT","color":"#FF7F00","width":3.0},"geometry":{"type":"LineString","coordinates":[[-3.956972,5.397278],[-3.96071,5.38479]]}},{"type":"Feature","properties":{"name":"FO_150_CITE_SIR-MISSION_EPHRATA","description":"FiberEXISTANT_AC646 CITE_SIR-AC719 MISSION_EPHRATA","link_type":"FO","geometry_type":"LineString","vendor":"","folder":"LIEN FO2023 / EXISTANT","color":"#FF7F00","width":3.0},"geometry":{"type":"LineString","coordinates":[[-3.92994,5.39175],[-3.9339,5.38186]]}},{"type":"Feature","properties":{"name":"FO_151_PALAIS_CULTURE-TREICHENTER","description":"FiberEXISTANT_ET077 PALAIS_CULTURE-AC388 TREICHENTER","link_type":"FO","geometry_type":"LineString","vendor":"","folder":"LIEN FO2023 / EXISTANT","color":"#FF7F00","width":3.0},"geometry":{"type":"LineString","coordinates":[[-4.012218,5.310614],[-4.0156175,5.30929718]]}},{"type":"Feature","properties":{"name":"FO_152_PRODOMO-KOUM_CELESTE","description":"FiberEXISTANT_AC027 PRODOMO-AC402 KOUM_CELESTE","link_type":"FO","geometry_type":"LineString","vendor":"","folder":"LIEN FO2023 / EXISTANT","color":"#FF7F00","width":3.0},"geometry":{"type":"LineString","coordinates":[[-3.9471921,5.30522696],[-3.9495571,5.29985947]]}},{"type":"Feature","properties":{"name":"FO_153_LOKO-MARC_POSTE","description":"FiberEXISTANT_AC653 LOKO-AC394 MARC_POSTE","link_type":"FO","geometry_type":"LineString","vendor":"","folder":"LIEN FO2023 / EXISTANT","color":"#FF7F00","width":3.0},"geometry":{"type":"LineString","coordinates":[[-3.98616,5.31072],[-3.986529,5.30638654]]}},{"type":"Feature","properties":{"name":"FO_154_FANON-KOUM_CELESTE","description":"FiberEXISTANT_AC024 FANON-AC402 KOUM_CELESTE","link_type":"FO","geometry_type":"LineString","vendor":"","folder":"LIEN FO2023 / EXISTANT","color":"#FF7F00","width":3.0},"geometry":{"type":"LineString","coordinates":[[-3.9527754,5.29771983],[-3.9495571,5.29985947]]}},{"type":"Feature","properties":{"name":"FO_155_MASSARANA-MARC_GROUP","description":"FiberEXISTANT_AC011 MASSARANA-AC395 MARC_GROUP","link_type":"FO","geometry_type":"LineString","vendor":"","folder":"LIEN FO2023 / EXISTANT","color":"#FF7F00","width":3.0},"geometry":{"type":"LineString","coordinates":[[-3.9850852,5.30072654],[-3.980275,5.30228889]]}},{"type":"Feature","properties":{"name":"FO_156_NIFA-BIETRY","description":"FiberEXISTANT_AC021 NIFA-AC417 BIETRY","link_type":"FO","geometry_type":"LineString","vendor":"","folder":"LIEN FO2023 / EXISTANT","color":"#FF7F00","width":3.0},"geometry":{"type":"LineString","coordinates":[[-3.9760585,5.27577598],[-3.9745196,5.27842865]]}},{"type":"Feature","properties":{"name":"FO_157_LUBAF-CITE_VERTE","description":"FiberEXISTANT_AC048 LUBAF-AC991 CITE_VERTE","link_type":"FO","geometry_type":"LineString","vendor":"","folder":"LIEN FO2023 / EXISTANT","color":"#FF7F00","width":3.0},"geometry":{"type":"LineString","coordinates":[[-4.1049465,5.33152989],[-4.1148,5.3298]]}},{"type":"Feature","properties":{"name":"FO_158_PTI_MARCHE-AJAVON","description":"FiberEXISTANT_AC416 PTI_MARCHE-AC023 AJAVON","link_type":"FO","geometry_type":"LineString","vendor":"","folder":"LIEN FO2023 / EXISTANT","color":"#FF7F00","width":3.0},"geometry":{"type":"LineString","coordinates":[[-3.9591711,5.2845762],[-3.9584727,5.28816826]]}},{"type":"Feature","properties":{"name":"FO_159_YOP_ANADOR-LUBAF","description":"FiberEXISTANT_AC994 YOP_ANADOR-AC048 LUBAF","link_type":"FO","geometry_type":"LineString","vendor":"","folder":"LIEN FO2023 / EXISTANT","color":"#FF7F00","width":3.0},"geometry":{"type":"LineString","coordinates":[[-4.101,5.3356],[-4.1049465,5.33152989]]}},{"type":"Feature","properties":{"name":"FO_160_MARC_AVICENNE-VIGA","description":"FiberEXISTANT_AC917 MARC_AVICENNE-AC410 VIGA","link_type":"FO","geometry_type":"LineString","vendor":"","folder":"LIEN FO2023 / EXISTANT","color":"#FF7F00","width":3.0},"geometry":{"type":"LineString","coordinates":[[-3.99642,5.31668],[-3.9955245,5.31122033]]}},{"type":"Feature","properties":{"name":"FO_161_MACA-SONITRA","description":"FiberEXISTANT_AC312 MACA-AC046 SONITRA","link_type":"FO","geometry_type":"LineString","vendor":"","folder":"LIEN FO2023 / EXISTANT","color":"#FF7F00","width":3.0},"geometry":{"type":"LineString","coordinates":[[-4.08042,5.39177],[-4.0834019,5.38022085]]}},{"type":"Feature","properties":{"name":"FO_162_BIRANGO-ST_LOUIS","description":"FiberEXISTANT_AC322 BIRANGO-AC676 ST_LOUIS","link_type":"FO","geometry_type":"LineString","vendor":"","folder":"LIEN FO2023 / EXISTANT","color":"#FF7F00","width":3.0},"geometry":{"type":"LineString","coordinates":[[-4.06672,5.34782386],[-4.05843,5.34572]]}},{"type":"Feature","properties":{"name":"FO_163_STE_RITA-AKEKOI","description":"FiberEXISTANT_ET060 STE_RITA-AC375 AKEKOI","link_type":"FO","geometry_type":"LineString","vendor":"","folder":"LIEN FO2023 / EXISTANT","color":"#FF7F00","width":3.0},"geometry":{"type":"LineString","coordinates":[[-4.06028,5.43472],[-4.046012,5.43244876]]}},{"type":"Feature","properties":{"name":"FO_164_CITE_GESTOCI-CITE_DON_MELO","description":"FiberEXISTANT_AC911 CITE_GESTOCI-AC684 CITE_DON_MELO","link_type":"FO","geometry_type":"LineString","vendor":"","folder":"LIEN FO2023 / EXISTANT","color":"#FF7F00","width":3.0},"geometry":{"type":"LineString","coordinates":[[-3.96093,5.40513],[-3.974,5.40947]]}},{"type":"Feature","properties":{"name":"FO_165_UNIV_ABOBO_ADJAME-MACACI","description":"FiberEXISTANT_AC920 UNIV_ABOBO_ADJAME-AC060 MACACI","link_type":"FO","geometry_type":"LineString","vendor":"","folder":"LIEN FO2023 / EXISTANT","color":"#FF7F00","width":3.0},"geometry":{"type":"LineString","coordinates":[[-4.019877,5.385559],[-4.0246769,5.374226]]}},{"type":"Feature","properties":{"name":"FO_166_AKEKOI-AGRIPAK","description":"FiberEXISTANT_AC375 AKEKOI-AC681 AGRIPAK","link_type":"FO","geometry_type":"LineString","vendor":"","folder":"LIEN FO2023 / EXISTANT","color":"#FF7F00","width":3.0},"geometry":{"type":"LineString","coordinates":[[-4.046012,5.43244876],[-4.042861,5.443639]]}},{"type":"Feature","properties":{"name":"FO_167_ANOKOI-AGRIPAK","description":"FiberEXISTANT_AC084 ANOKOI-AC681 AGRIPAK","link_type":"FO","geometry_type":"LineString","vendor":"","folder":"LIEN FO2023 / EXISTANT","color":"#FF7F00","width":3.0},"geometry":{"type":"LineString","coordinates":[[-4.0532639,5.44022389],[-4.042861,5.443639]]}},{"type":"Feature","properties":{"name":"FO_168_CITE_SIR-MISSION_EPHRATA","description":"FiberEXISTANT_AC646 CITE_SIR-AC719 MISSION_EPHRATA","link_type":"FO","geometry_type":"LineString","vendor":"","folder":"LIEN FO2023 / EXISTANT","color":"#FF7F00","width":3.0},"geometry":{"type":"LineString","coordinates":[[-3.92994,5.39175],[-3.9339,5.38186]]}},{"type":"Feature","properties":{"name":"FO_169_DJOROBITE-CITE_GESTOCI","description":"FiberEXISTANT_AC912 DJOROBITE-AC911 CITE_GESTOCI","link_type":"FO","geometry_type":"LineString","vendor":"","folder":"LIEN FO2023 / EXISTANT","color":"#FF7F00","width":3.0},"geometry":{"type":"LineString","coordinates":[[-3.956972,5.397278],[-3.96093,5.40513]]}},{"type":"Feature","properties":{"name":"FO_170_CITE_CIE-ARDOISE","description":"FiberEXISTANT_AC721 CITE_CIE-AC064 ARDOISE","link_type":"FO","geometry_type":"LineString","vendor":"","folder":"LIEN FO2023 / EXISTANT","color":"#FF7F00","width":3.0},"geometry":{"type":"LineString","coordinates":[[-3.9536725,5.35868371],[-3.954969,5.35088465]]}},{"type":"Feature","properties":{"name":"FO_171_PORT-SITARAIL","description":"FiberEXISTANT_AC387 PORT-AC009 SITARAIL","link_type":"FO","geometry_type":"LineString","vendor":"","folder":"LIEN FO2023 / EXISTANT","color":"#FF7F00","width":3.0},"geometry":{"type":"LineString","coordinates":[[-4.019896,5.304605],[-4.0132587,5.30156746]]}},{"type":"Feature","properties":{"name":"FO_172_NEON-ABOBO_BAOULE","description":"FiberEXISTANT_AC055 NEON-AC728 ABOBO_BAOULE","link_type":"FO","geometry_type":"LineString","vendor":"","folder":"LIEN FO2023 / EXISTANT","color":"#FF7F00","width":3.0},"geometry":{"type":"LineString","coordinates":[[-3.9929761,5.41507211],[-3.9939888,5.42171864]]}},{"type":"Feature","properties":{"name":"FO_173_PTI_MARCHE-KOUM_SICOGI","description":"FiberEXISTANT_AC416 PTI_MARCHE-AC026 KOUM_SICOGI","link_type":"FO","geometry_type":"LineString","vendor":"","folder":"LIEN FO2023 / EXISTANT","color":"#FF7F00","width":3.0},"geometry":{"type":"LineString","coordinates":[[-3.9591711,5.2845762],[-3.9655302,5.28294723]]}},{"type":"Feature","properties":{"name":"FO_174_KOUM_SICOGI-KOUM_GRD_CARR","description":"FiberEXISTANT_AC026 KOUM_SICOGI-AC918 KOUM_GRD_CARR","link_type":"FO","geometry_type":"LineString","vendor":"","folder":"LIEN FO2023 / EXISTANT","color":"#FF7F00","width":3.0},"geometry":{"type":"LineString","coordinates":[[-3.9655302,5.28294723],[-3.97008,5.28685]]}},{"type":"Feature","properties":{"name":"FO_175_ECG_BIETRY-MARC_ANADER","description":"FiberEXISTANT_ET082 ECG_BIETRY-AC002 MARC_ANADER","link_type":"FO","geometry_type":"LineString","vendor":"","folder":"LIEN FO2023 / EXISTANT","color":"#FF7F00","width":3.0},"geometry":{"type":"LineString","coordinates":[[-3.985931,5.292939],[-3.991722,5.29211395]]}},{"type":"Feature","properties":{"name":"FO_176_FANON-NOVELEC","description":"FiberEXISTANT_AC024 FANON-AC616 NOVELEC","link_type":"FO","geometry_type":"LineString","vendor":"","folder":"LIEN FO2023 / EXISTANT","color":"#FF7F00","width":3.0},"geometry":{"type":"LineString","coordinates":[[-3.9527754,5.29771983],[-3.9506,5.29237]]}},{"type":"Feature","properties":{"name":"FO_177_CITE_MBADON-AMBASSADE_USA","description":"FiberEXISTANT_ET311 CITE_MBADON-AC722 AMBASSADE_USA","link_type":"FO","geometry_type":"LineString","vendor":"","folder":"LIEN FO2023 / EXISTANT","color":"#FF7F00","width":3.0},"geometry":{"type":"LineString","coordinates":[[-3.97349,5.34001],[-3.969105,5.33589258]]}},{"type":"Feature","properties":{"name":"FO_178_SODIREP-DHL","description":"FiberEXISTANT_AC012 SODIREP-AC105 DHL","link_type":"FO","geometry_type":"LineString","vendor":"","folder":"LIEN FO2023 / EXISTANT","color":"#FF7F00","width":3.0},"geometry":{"type":"LineString","coordinates":[[-3.9802216,5.28939155],[-3.9788136,5.29495659]]}},{"type":"Feature","properties":{"name":"FO_179_SITARAIL-GARE_DE_BASSAM","description":"FiberEXISTANT_AC009 SITARAIL-ET079 GARE_DE_BASSAM","link_type":"FO","geometry_type":"LineString","vendor":"","folder":"LIEN FO2023 / EXISTANT","color":"#FF7F00","width":3.0},"geometry":{"type":"LineString","coordinates":[[-4.0132587,5.30156746],[-4.004139,5.298611]]}},{"type":"Feature","properties":{"name":"FO_180_GALAXY-SITARAIL","description":"FiberEXISTANT_AC003 GALAXY-AC009 SITARAIL","link_type":"FO","geometry_type":"LineString","vendor":"","folder":"LIEN FO2023 / EXISTANT","color":"#FF7F00","width":3.0},"geometry":{"type":"LineString","coordinates":[[-4.0102192,5.30806685],[-4.0132587,5.30156746]]}},{"type":"Feature","properties":{"name":"FO_181_BANFORA-INSP","description":"FiberEXISTANT_AC013 BANFORA-AC095 INSP","link_type":"FO","geometry_type":"LineString","vendor":"","folder":"LIEN FO2023 / EXISTANT","color":"#FF7F00","width":3.0},"geometry":{"type":"LineString","coordinates":[[-4.0223859,5.34786339],[-4.0282023,5.33983972]]}},{"type":"Feature","properties":{"name":"FO_182_ATTECOUBE-BANFORA","description":"FiberEXISTANT_AC014 ATTECOUBE-AC013 BANFORA","link_type":"FO","geometry_type":"LineString","vendor":"","folder":"LIEN FO2023 / EXISTANT","color":"#FF7F00","width":3.0},"geometry":{"type":"LineString","coordinates":[[-4.0346383,5.35161463],[-4.0223859,5.34786339]]}},{"type":"Feature","properties":{"name":"FO_183_BINGES-PARIS_VILLAGE","description":"FiberEXISTANT_AC015 BINGES-AC692 PARIS_VILLAGE","link_type":"FO","geometry_type":"LineString","vendor":"","folder":"LIEN FO2023 / EXISTANT","color":"#FF7F00","width":3.0},"geometry":{"type":"LineString","coordinates":[[-3.890418,5.358779],[-3.9052,5.3602]]}},{"type":"Feature","properties":{"name":"FO_184_ACACIAS-COBACI","description":"FiberEXISTANT_AC016 ACACIAS-AC017 COBACI","link_type":"FO","geometry_type":"LineString","vendor":"","folder":"LIEN FO2023 / EXISTANT","color":"#FF7F00","width":3.0},"geometry":{"type":"LineString","coordinates":[[-4.0204993,5.32569697],[-4.0145682,5.31881438]]}},{"type":"Feature","properties":{"name":"FO_185_ACACIAS-ST_JEAN","description":"FiberEXISTANT_AC016 ACACIAS-AC078 ST_JEAN","link_type":"FO","geometry_type":"LineString","vendor":"","folder":"LIEN FO2023 / EXISTANT","color":"#FF7F00","width":3.0},"geometry":{"type":"LineString","coordinates":[[-4.0204993,5.32569697],[-4.0047082,5.33743641]]}},{"type":"Feature","properties":{"name":"FO_186_ACACIAS-BBTHEQUE","description":"FiberEXISTANT_AC016 ACACIAS-AC101 BBTHEQUE","link_type":"FO","geometry_type":"LineString","vendor":"","folder":"LIEN FO2023 / EXISTANT","color":"#FF7F00","width":3.0},"geometry":{"type":"LineString","coordinates":[[-4.0204993,5.32569697],[-4.024056,5.335197]]}},{"type":"Feature","properties":{"name":"FO_187_ACACIAS-KM","description":"FiberEXISTANT_AC016 ACACIAS-AC104 KM","link_type":"FO","geometry_type":"LineString","vendor":"","folder":"LIEN FO2023 / EXISTANT","color":"#FF7F00","width":3.0},"geometry":{"type":"LineString","coordinates":[[-4.0204993,5.32569697],[-4.017947,5.32114245]]}},{"type":"Feature","properties":{"name":"FO_188_COBACI-KHARRAT","description":"FiberEXISTANT_AC017 COBACI-AC214 KHARRAT","link_type":"FO","geometry_type":"LineString","vendor":"","folder":"LIEN FO2023 / EXISTANT","color":"#FF7F00","width":3.0},"geometry":{"type":"LineString","coordinates":[[-4.0145682,5.31881438],[-4.0145128,5.31804564]]}},{"type":"Feature","properties":{"name":"FO_189_COBACI-BRIDGE_BANK","description":"FiberEXISTANT_AC017 COBACI-AC663 BRIDGE_BANK","link_type":"FO","geometry_type":"LineString","vendor":"","folder":"LIEN FO2023 / EXISTANT","color":"#FF7F00","width":3.0},"geometry":{"type":"LineString","coordinates":[[-4.0145682,5.31881438],[-4.012028,5.319111]]}},{"type":"Feature","properties":{"name":"FO_190_TENDENCE-DHL","description":"FiberEXISTANT_AC020 TENDENCE-AC105 DHL","link_type":"FO","geometry_type":"LineString","vendor":"","folder":"LIEN FO2023 / EXISTANT","color":"#FF7F00","width":3.0},"geometry":{"type":"LineString","coordinates":[[-3.9720041,5.29130399],[-3.9788136,5.29495659]]}},{"type":"Feature","properties":{"name":"FO_191_PAA-GESTOCI","description":"FiberEXISTANT_AC022 PAA-AC094 GESTOCI","link_type":"FO","geometry_type":"LineString","vendor":"","folder":"LIEN FO2023 / EXISTANT","color":"#FF7F00","width":3.0},"geometry":{"type":"LineString","coordinates":[[-3.9865089,5.25946903],[-3.9985356,5.26438856]]}},{"type":"Feature","properties":{"name":"FO_192_COLOMBE-KOUM_HOTEL_ALLIANCE","description":"FiberEXISTANT_AC025 COLOMBE-ET016 KOUM_HOTEL_ALLIANCE","link_type":"FO","geometry_type":"LineString","vendor":"","folder":"LIEN FO2023 / EXISTANT","color":"#FF7F00","width":3.0},"geometry":{"type":"LineString","coordinates":[[-3.965031,5.29858728],[-3.9571,5.2935]]}},{"type":"Feature","properties":{"name":"FO_193_PRODOMO-ANOUMABO","description":"FiberEXISTANT_AC027 PRODOMO-AC622 ANOUMABO","link_type":"FO","geometry_type":"LineString","vendor":"","folder":"LIEN FO2023 / EXISTANT","color":"#FF7F00","width":3.0},"geometry":{"type":"LineString","coordinates":[[-3.9471921,5.30522696],[-3.965611,5.307372]]}},{"type":"Feature","properties":{"name":"FO_194_PRODOMO-ECG_BIETRY","description":"FiberEXISTANT_AC027 PRODOMO-ET082 ECG_BIETRY","link_type":"FO","geometry_type":"LineString","vendor":"","folder":"LIEN FO2023 / EXISTANT","color":"#FF7F00","width":3.0},"geometry":{"type":"LineString","coordinates":[[-3.9471921,5.30522696],[-3.985931,5.292939]]}},{"type":"Feature","properties":{"name":"FO_195_PBOUET-PAA","description":"FiberEXISTANT_AC028 PBOUET-AC022 PAA","link_type":"FO","geometry_type":"LineString","vendor":"","folder":"LIEN FO2023 / EXISTANT","color":"#FF7F00","width":3.0},"geometry":{"type":"LineString","coordinates":[[-3.9656459,5.25857003],[-3.9865089,5.25946903]]}},{"type":"Feature","properties":{"name":"FO_196_PBOUET-BIETRY","description":"FiberEXISTANT_AC028 PBOUET-AC417 BIETRY","link_type":"FO","geometry_type":"LineString","vendor":"","folder":"LIEN FO2023 / EXISTANT","color":"#FF7F00","width":3.0},"geometry":{"type":"LineString","coordinates":[[-3.9656459,5.25857003],[-3.9745196,5.27842865]]}},{"type":"Feature","properties":{"name":"FO_197_ASECNA-PRODOMO","description":"FiberEXISTANT_AC029 ASECNA-AC027 PRODOMO","link_type":"FO","geometry_type":"LineString","vendor":"","folder":"LIEN FO2023 / EXISTANT","color":"#FF7F00","width":3.0},"geometry":{"type":"LineString","coordinates":[[-3.9359727,5.25535895],[-3.9471921,5.30522696]]}},{"type":"Feature","properties":{"name":"FO_198_ADJOUFOU-GESTOCI","description":"FiberEXISTANT_AC030 ADJOUFOU-AC094 GESTOCI","link_type":"FO","geometry_type":"LineString","vendor":"","folder":"LIEN FO2023 / EXISTANT","color":"#FF7F00","width":3.0},"geometry":{"type":"LineString","coordinates":[[-3.9183603,5.2437256],[-3.9985356,5.26438856]]}},{"type":"Feature","properties":{"name":"FO_199_LOCODJRO-JERUSALEM","description":"FiberEXISTANT_AC034 LOCODJRO-AC033 JERUSALEM","link_type":"FO","geometry_type":"LineString","vendor":"","folder":"LIEN FO2023 / EXISTANT","color":"#FF7F00","width":3.0},"geometry":{"type":"LineString","coordinates":[[-4.0359145,5.31624627],[-4.0438071,5.31967008]]}},{"type":"Feature","properties":{"name":"FO_200_SINGA-TT_ROUGE","description":"FiberEXISTANT_AC035 SINGA-AC036 TT_ROUGE","link_type":"FO","geometry_type":"LineString","vendor":"","folder":"LIEN FO2023 / EXISTANT","color":"#FF7F00","width":3.0},"geometry":{"type":"LineString","coordinates":[[-4.0602803,5.32236451],[-4.049387,5.33210657]]}},{"type":"Feature","properties":{"name":"FO_201_TT_ROUGE-JERUSALEM","description":"FiberEXISTANT_AC036 TT_ROUGE-AC033 JERUSALEM","link_type":"FO","geometry_type":"LineString","vendor":"","folder":"LIEN FO2023 / EXISTANT","color":"#FF7F00","width":3.0},"geometry":{"type":"LineString","coordinates":[[-4.049387,5.33210657],[-4.0438071,5.31967008]]}},{"type":"Feature","properties":{"name":"FO_202_TT_ROUGE-BSC_YOP","description":"FiberEXISTANT_AC036 TT_ROUGE-AC613 BSC_YOP","link_type":"FO","geometry_type":"LineString","vendor":"","folder":"LIEN FO2023 / EXISTANT","color":"#FF7F00","width":3.0},"geometry":{"type":"LineString","coordinates":[[-4.049387,5.33210657],[-4.05034,5.34686]]}},{"type":"Feature","properties":{"name":"FO_203_CARNOT-ORNELLA","description":"FiberEXISTANT_AC039 CARNOT-AC049 ORNELLA","link_type":"FO","geometry_type":"LineString","vendor":"","folder":"LIEN FO2023 / EXISTANT","color":"#FF7F00","width":3.0},"geometry":{"type":"LineString","coordinates":[[-4.1045579,5.3211109],[-4.0912814,5.31966928]]}},{"type":"Feature","properties":{"name":"FO_204_GAKOUKA-SINGA","description":"FiberEXISTANT_AC040 GAKOUKA-AC035 SINGA","link_type":"FO","geometry_type":"LineString","vendor":"","folder":"LIEN FO2023 / EXISTANT","color":"#FF7F00","width":3.0},"geometry":{"type":"LineString","coordinates":[[-4.0747518,5.33116732],[-4.0602803,5.32236451]]}},{"type":"Feature","properties":{"name":"FO_205_GAKOUKA-SOGEPHIA_SOLIDE","description":"FiberEXISTANT_AC040 GAKOUKA-AC666 SOGEPHIA_SOLIDE","link_type":"FO","geometry_type":"LineString","vendor":"","folder":"LIEN FO2023 / EXISTANT","color":"#FF7F00","width":3.0},"geometry":{"type":"LineString","coordinates":[[-4.0747518,5.33116732],[-4.08168,5.33818]]}},{"type":"Feature","properties":{"name":"FO_206_MAROC-MARCHE_MAROC","description":"FiberEXISTANT_AC042 MAROC-AC664 MARCHE_MAROC","link_type":"FO","geometry_type":"LineString","vendor":"","folder":"LIEN FO2023 / EXISTANT","color":"#FF7F00","width":3.0},"geometry":{"type":"LineString","coordinates":[[-4.1003377,5.34805409],[-4.10514,5.33892]]}},{"type":"Feature","properties":{"name":"FO_207_BIC-SONITRA","description":"FiberEXISTANT_AC045 BIC-AC046 SONITRA","link_type":"FO","geometry_type":"LineString","vendor":"","folder":"LIEN FO2023 / EXISTANT","color":"#FF7F00","width":3.0},"geometry":{"type":"LineString","coordinates":[[-4.0893288,5.36877753],[-4.0834019,5.38022085]]}},{"type":"Feature","properties":{"name":"FO_208_BIC-BATIM2","description":"FiberEXISTANT_AC045 BIC-AC110 BATIM2","link_type":"FO","geometry_type":"LineString","vendor":"","folder":"LIEN FO2023 / EXISTANT","color":"#FF7F00","width":3.0},"geometry":{"type":"LineString","coordinates":[[-4.0893288,5.36877753],[-4.0905507,5.3606259]]}},{"type":"Feature","properties":{"name":"FO_209_BIC-BSC_YOP","description":"FiberEXISTANT_AC045 BIC-AC613 BSC_YOP","link_type":"FO","geometry_type":"LineString","vendor":"","folder":"LIEN FO2023 / EXISTANT","color":"#FF7F00","width":3.0},"geometry":{"type":"LineString","coordinates":[[-4.0893288,5.36877753],[-4.05034,5.34686]]}},{"type":"Feature","properties":{"name":"FO_210_BIC-PK18_SICOGI","description":"FiberEXISTANT_AC045 BIC-AC638 PK18_SICOGI","link_type":"FO","geometry_type":"LineString","vendor":"","folder":"LIEN FO2023 / EXISTANT","color":"#FF7F00","width":3.0},"geometry":{"type":"LineString","coordinates":[[-4.0893288,5.36877753],[-4.04935,5.45777]]}},{"type":"Feature","properties":{"name":"FO_211_BIC-CARR_ANTENNE","description":"FiberEXISTANT_AC045 BIC-AC644 CARR_ANTENNE","link_type":"FO","geometry_type":"LineString","vendor":"","folder":"LIEN FO2023 / EXISTANT","color":"#FF7F00","width":3.0},"geometry":{"type":"LineString","coordinates":[[-4.0893288,5.36877753],[-4.0975,5.33279]]}},{"type":"Feature","properties":{"name":"FO_212_SONITRA-YOP_ZI","description":"FiberEXISTANT_AC046 SONITRA-AC313 YOP_ZI","link_type":"FO","geometry_type":"LineString","vendor":"","folder":"LIEN FO2023 / EXISTANT","color":"#FF7F00","width":3.0},"geometry":{"type":"LineString","coordinates":[[-4.0834019,5.38022085],[-4.0765573,5.37286135]]}},{"type":"Feature","properties":{"name":"FO_213_ORNELLA-ACADJOBA","description":"FiberEXISTANT_AC049 ORNELLA-AC113 ACADJOBA","link_type":"FO","geometry_type":"LineString","vendor":"","folder":"LIEN FO2023 / EXISTANT","color":"#FF7F00","width":3.0},"geometry":{"type":"LineString","coordinates":[[-4.0912814,5.31966928],[-4.0811282,5.32399256]]}},{"type":"Feature","properties":{"name":"FO_214_STE_FOI-BAD","description":"FiberEXISTANT_AC053 STE_FOI-AC108 BAD","link_type":"FO","geometry_type":"LineString","vendor":"","folder":"LIEN FO2023 / EXISTANT","color":"#FF7F00","width":3.0},"geometry":{"type":"LineString","coordinates":[[-4.0223624,5.44697947],[-4.0232862,5.42746769]]}},{"type":"Feature","properties":{"name":"FO_215_ANADOR-ABOBO_RTI","description":"FiberEXISTANT_AC058 ANADOR-AC614 ABOBO_RTI","link_type":"FO","geometry_type":"LineString","vendor":"","folder":"LIEN FO2023 / EXISTANT","color":"#FF7F00","width":3.0},"geometry":{"type":"LineString","coordinates":[[-4.0172489,5.41175751],[-4.02261,5.41716]]}},{"type":"Feature","properties":{"name":"FO_216_MACACI-LATIN","description":"FiberEXISTANT_AC060 MACACI-AC332 LATIN","link_type":"FO","geometry_type":"LineString","vendor":"","folder":"LIEN FO2023 / EXISTANT","color":"#FF7F00","width":3.0},"geometry":{"type":"LineString","coordinates":[[-4.0246769,5.374226],[-4.0197,5.3599]]}},{"type":"Feature","properties":{"name":"FO_217_DJIBI-STAR_2","description":"FiberEXISTANT_AC061 DJIBI-AC365 STAR_2","link_type":"FO","geometry_type":"LineString","vendor":"","folder":"LIEN FO2023 / EXISTANT","color":"#FF7F00","width":3.0},"geometry":{"type":"LineString","coordinates":[[-3.9786228,5.40206133],[-3.9875344,5.40432629]]}},{"type":"Feature","properties":{"name":"FO_218_DJIBI-ARCADES","description":"FiberEXISTANT_AC061 DJIBI-AC368 ARCADES","link_type":"FO","geometry_type":"LineString","vendor":"","folder":"LIEN FO2023 / EXISTANT","color":"#FF7F00","width":3.0},"geometry":{"type":"LineString","coordinates":[[-3.9786228,5.40206133],[-3.9763109,5.40681378]]}},{"type":"Feature","properties":{"name":"FO_219_ROSIER-ROSIER_4","description":"FiberEXISTANT_AC062 ROSIER-AC632 ROSIER_4","link_type":"FO","geometry_type":"LineString","vendor":"","folder":"LIEN FO2023 / EXISTANT","color":"#FF7F00","width":3.0},"geometry":{"type":"LineString","coordinates":[[-3.9671664,5.38285856],[-3.96071,5.38479]]}},{"type":"Feature","properties":{"name":"FO_220_ROSIER-NEUVIEME_TRANCHE","description":"FiberEXISTANT_AC062 ROSIER-AC656 NEUVIEME_TRANCHE","link_type":"FO","geometry_type":"LineString","vendor":"","folder":"LIEN FO2023 / EXISTANT","color":"#FF7F00","width":3.0},"geometry":{"type":"LineString","coordinates":[[-3.9671664,5.38285856],[-3.97665,5.3875]]}},{"type":"Feature","properties":{"name":"FO_221_ARDOISE-MSC","description":"FiberEXISTANT_AC064 ARDOISE-AC089 MSC","link_type":"FO","geometry_type":"LineString","vendor":"","folder":"LIEN FO2023 / EXISTANT","color":"#FF7F00","width":3.0},"geometry":{"type":"LineString","coordinates":[[-3.954969,5.35088465],[-3.955807,5.342143]]}},{"type":"Feature","properties":{"name":"FO_222_BEVERLY-GOLF_CLUB","description":"FiberEXISTANT_AC065 BEVERLY-AC621 GOLF_CLUB","link_type":"FO","geometry_type":"LineString","vendor":"","folder":"LIEN FO2023 / EXISTANT","color":"#FF7F00","width":3.0},"geometry":{"type":"LineString","coordinates":[[-3.9450847,5.33166965],[-3.96047,5.33671]]}},{"type":"Feature","properties":{"name":"FO_223_BEDE-AMBASSADE_USA","description":"FiberEXISTANT_AC066 BEDE-AC722 AMBASSADE_USA","link_type":"FO","geometry_type":"LineString","vendor":"","folder":"LIEN FO2023 / EXISTANT","color":"#FF7F00","width":3.0},"geometry":{"type":"LineString","coordinates":[[-3.9792161,5.33832781],[-3.969105,5.33589258]]}},{"type":"Feature","properties":{"name":"FO_224_ANONO-ANDRE_MALRAUD","description":"FiberEXISTANT_AC067 ANONO-AC356 ANDRE_MALRAUD","link_type":"FO","geometry_type":"LineString","vendor":"","folder":"LIEN FO2023 / EXISTANT","color":"#FF7F00","width":3.0},"geometry":{"type":"LineString","coordinates":[[-3.9762727,5.34880687],[-3.9782327,5.35558766]]}},{"type":"Feature","properties":{"name":"FO_225_POLICE-GOBELET","description":"FiberEXISTANT_AC068 POLICE-AC073 GOBELET","link_type":"FO","geometry_type":"LineString","vendor":"","folder":"LIEN FO2023 / EXISTANT","color":"#FF7F00","width":3.0},"geometry":{"type":"LineString","coordinates":[[-3.9906139,5.35527831],[-3.98539,5.37296105]]}},{"type":"Feature","properties":{"name":"FO_226_POLICE-INSAC","description":"FiberEXISTANT_AC068 POLICE-AC344 INSAC","link_type":"FO","geometry_type":"LineString","vendor":"","folder":"LIEN FO2023 / EXISTANT","color":"#FF7F00","width":3.0},"geometry":{"type":"LineString","coordinates":[[-3.9906139,5.35527831],[-3.9969025,5.34877368]]}},{"type":"Feature","properties":{"name":"FO_227_POLICE-ENA","description":"FiberEXISTANT_AC068 POLICE-AC355 ENA","link_type":"FO","geometry_type":"LineString","vendor":"","folder":"LIEN FO2023 / EXISTANT","color":"#FF7F00","width":3.0},"geometry":{"type":"LineString","coordinates":[[-3.9906139,5.35527831],[-3.9979713,5.36227637]]}},{"type":"Feature","properties":{"name":"FO_228_CHALET-SOLEIL","description":"FiberEXISTANT_AC071 CHALET-AC363 SOLEIL","link_type":"FO","geometry_type":"LineString","vendor":"","folder":"LIEN FO2023 / EXISTANT","color":"#FF7F00","width":3.0},"geometry":{"type":"LineString","coordinates":[[-3.9833018,5.38763573],[-3.977344,5.395479]]}},{"type":"Feature","properties":{"name":"FO_229_GOBELET-ROSIER","description":"FiberEXISTANT_AC073 GOBELET-AC062 ROSIER","link_type":"FO","geometry_type":"LineString","vendor":"","folder":"LIEN FO2023 / EXISTANT","color":"#FF7F00","width":3.0},"geometry":{"type":"LineString","coordinates":[[-3.98539,5.37296105],[-3.9671664,5.38285856]]}},{"type":"Feature","properties":{"name":"FO_230_GOBELET-CHALET","description":"FiberEXISTANT_AC073 GOBELET-AC071 CHALET","link_type":"FO","geometry_type":"LineString","vendor":"","folder":"LIEN FO2023 / EXISTANT","color":"#FF7F00","width":3.0},"geometry":{"type":"LineString","coordinates":[[-3.98539,5.37296105],[-3.9833018,5.38763573]]}},{"type":"Feature","properties":{"name":"FO_231_BLANCHON-BINGES_MBSC","description":"FiberEXISTANT_AC351 BLANCHON-AC229 BINGES_MBSC","link_type":"FO","geometry_type":"LineString","vendor":"","folder":"LIEN FO2023 / EXISTANT","color":"#FF7F00","width":3.0},"geometry":{"type":"LineString","coordinates":[[-3.8808326,5.35806018],[-3.864898,5.375701]]}},{"type":"Feature","properties":{"name":"FO_232_SOCOCE-GOBELET","description":"FiberEXISTANT_AC075 SOCOCE-AC073 GOBELET","link_type":"FO","geometry_type":"LineString","vendor":"","folder":"LIEN FO2023 / EXISTANT","color":"#FF7F00","width":3.0},"geometry":{"type":"LineString","coordinates":[[-3.9972825,5.37162115],[-3.98539,5.37296105]]}},{"type":"Feature","properties":{"name":"FO_233_SOCOCE-TANON_NAMANKO","description":"FiberEXISTANT_AC075 SOCOCE-AC361 TANON_NAMANKO","link_type":"FO","geometry_type":"LineString","vendor":"","folder":"LIEN FO2023 / EXISTANT","color":"#FF7F00","width":3.0},"geometry":{"type":"LineString","coordinates":[[-3.9972825,5.37162115],[-3.9930562,5.37552651]]}},{"type":"Feature","properties":{"name":"FO_234_GRACES-SOCOCE","description":"FiberEXISTANT_AC076 GRACES-AC075 SOCOCE","link_type":"FO","geometry_type":"LineString","vendor":"","folder":"LIEN FO2023 / EXISTANT","color":"#FF7F00","width":3.0},"geometry":{"type":"LineString","coordinates":[[-4.00676,5.36905],[-3.9972825,5.37162115]]}},{"type":"Feature","properties":{"name":"FO_235_STE_MARIE-ST_JEAN","description":"FiberEXISTANT_AC077 STE_MARIE-AC078 ST_JEAN","link_type":"FO","geometry_type":"LineString","vendor":"","folder":"LIEN FO2023 / EXISTANT","color":"#FF7F00","width":3.0},"geometry":{"type":"LineString","coordinates":[[-3.9969984,5.33548616],[-4.0047082,5.33743641]]}},{"type":"Feature","properties":{"name":"FO_236_ST_JEAN-LEPIC","description":"FiberEXISTANT_AC078 ST_JEAN-AC079 LEPIC","link_type":"FO","geometry_type":"LineString","vendor":"","folder":"LIEN FO2023 / EXISTANT","color":"#FF7F00","width":3.0},"geometry":{"type":"LineString","coordinates":[[-4.0047082,5.33743641],[-4.0106758,5.34450896]]}},{"type":"Feature","properties":{"name":"FO_237_ST_JEAN-MSC","description":"FiberEXISTANT_AC078 ST_JEAN-AC089 MSC","link_type":"FO","geometry_type":"LineString","vendor":"","folder":"LIEN FO2023 / EXISTANT","color":"#FF7F00","width":3.0},"geometry":{"type":"LineString","coordinates":[[-4.0047082,5.33743641],[-3.955807,5.342143]]}},{"type":"Feature","properties":{"name":"FO_238_LEPIC-INDENIE","description":"FiberEXISTANT_AC079 LEPIC-AC018 INDENIE","link_type":"FO","geometry_type":"LineString","vendor":"","folder":"LIEN FO2023 / EXISTANT","color":"#FF7F00","width":3.0},"geometry":{"type":"LineString","coordinates":[[-4.0106758,5.34450896],[-4.020458,5.336212]]}},{"type":"Feature","properties":{"name":"FO_239_LEPIC-IVOIRE","description":"FiberEXISTANT_AC079 LEPIC-AC227 IVOIRE","link_type":"FO","geometry_type":"LineString","vendor":"","folder":"LIEN FO2023 / EXISTANT","color":"#FF7F00","width":3.0},"geometry":{"type":"LineString","coordinates":[[-4.0106758,5.34450896],[-4.006694,5.329583]]}},{"type":"Feature","properties":{"name":"FO_240_LEPIC-LATIN","description":"FiberEXISTANT_AC079 LEPIC-AC332 LATIN","link_type":"FO","geometry_type":"LineString","vendor":"","folder":"LIEN FO2023 / EXISTANT","color":"#FF7F00","width":3.0},"geometry":{"type":"LineString","coordinates":[[-4.0106758,5.34450896],[-4.0197,5.3599]]}},{"type":"Feature","properties":{"name":"FO_241_SABLE-ST_LOUIS","description":"FiberEXISTANT_AC080 SABLE-AC676 ST_LOUIS","link_type":"FO","geometry_type":"LineString","vendor":"","folder":"LIEN FO2023 / EXISTANT","color":"#FF7F00","width":3.0},"geometry":{"type":"LineString","coordinates":[[-4.0648,5.35466],[-4.05843,5.34572]]}},{"type":"Feature","properties":{"name":"FO_242_ATTOBAN-GOBELET","description":"FiberEXISTANT_AC081 ATTOBAN-AC073 GOBELET","link_type":"FO","geometry_type":"LineString","vendor":"","folder":"LIEN FO2023 / EXISTANT","color":"#FF7F00","width":3.0},"geometry":{"type":"LineString","coordinates":[[-3.97829,5.36289],[-3.98539,5.37296105]]}},{"type":"Feature","properties":{"name":"FO_243_EGLISE-AZAGUIE","description":"FiberEXISTANT_AC086 EGLISE-AC191 AZAGUIE","link_type":"FO","geometry_type":"LineString","vendor":"","folder":"LIEN FO2023 / EXISTANT","color":"#FF7F00","width":3.0},"geometry":{"type":"LineString","coordinates":[[-4.0501365,5.49455354],[-4.0690037,5.64055906]]}},{"type":"Feature","properties":{"name":"FO_244_ODDOS-RAGGI","description":"FiberEXISTANT_AC087 ODDOS-AC461 RAGGI","link_type":"FO","geometry_type":"LineString","vendor":"","folder":"LIEN FO2023 / EXISTANT","color":"#FF7F00","width":3.0},"geometry":{"type":"LineString","coordinates":[[-3.7371475,5.20743846],[-3.7288,5.19427]]}},{"type":"Feature","properties":{"name":"FO_245_CAFOP-ARTISANAL","description":"FiberEXISTANT_AC088 CAFOP-AC693 ARTISANAL","link_type":"FO","geometry_type":"LineString","vendor":"","folder":"LIEN FO2023 / EXISTANT","color":"#FF7F00","width":3.0},"geometry":{"type":"LineString","coordinates":[[-3.7420314,5.21722934],[-3.7601,5.20969]]}},{"type":"Feature","properties":{"name":"FO_246_MSC-FACE_DT","description":"FiberEXISTANT_AC089 MSC-AC348 FACE_DT","link_type":"FO","geometry_type":"LineString","vendor":"","folder":"LIEN FO2023 / EXISTANT","color":"#FF7F00","width":3.0},"geometry":{"type":"LineString","coordinates":[[-3.955807,5.342143],[-3.9613319,5.34545659]]}},{"type":"Feature","properties":{"name":"FO_247_MSC-BSC_YOP","description":"FiberEXISTANT_AC089 MSC-AC613 BSC_YOP","link_type":"FO","geometry_type":"LineString","vendor":"","folder":"LIEN FO2023 / EXISTANT","color":"#FF7F00","width":3.0},"geometry":{"type":"LineString","coordinates":[[-3.955807,5.342143],[-4.05034,5.34686]]}},{"type":"Feature","properties":{"name":"FO_248_MSC-CITE_ATCI","description":"FiberEXISTANT_AC089 MSC-AC615 CITE_ATCI","link_type":"FO","geometry_type":"LineString","vendor":"","folder":"LIEN FO2023 / EXISTANT","color":"#FF7F00","width":3.0},"geometry":{"type":"LineString","coordinates":[[-3.955807,5.342143],[-3.94394,5.35904]]}},{"type":"Feature","properties":{"name":"FO_249_ECOBANK-ACACIAS","description":"FiberEXISTANT_AC090 ECOBANK-AC016 ACACIAS","link_type":"FO","geometry_type":"LineString","vendor":"","folder":"LIEN FO2023 / EXISTANT","color":"#FF7F00","width":3.0},"geometry":{"type":"LineString","coordinates":[[-4.0177989,5.32433563],[-4.0204993,5.32569697]]}},{"type":"Feature","properties":{"name":"FO_250_GESTOCI-KM4","description":"FiberEXISTANT_AC094 GESTOCI-AC098 KM4","link_type":"FO","geometry_type":"LineString","vendor":"","folder":"LIEN FO2023 / EXISTANT","color":"#FF7F00","width":3.0},"geometry":{"type":"LineString","coordinates":[[-3.9985356,5.26438856],[-3.9989677,5.2919395]]}},{"type":"Feature","properties":{"name":"FO_251_INSP-BBTHEQUE","description":"FiberEXISTANT_AC095 INSP-AC101 BBTHEQUE","link_type":"FO","geometry_type":"LineString","vendor":"","folder":"LIEN FO2023 / EXISTANT","color":"#FF7F00","width":3.0},"geometry":{"type":"LineString","coordinates":[[-4.0282023,5.33983972],[-4.024056,5.335197]]}},{"type":"Feature","properties":{"name":"FO_252_FEKESSE-MISSION_EPHRATA","description":"FiberEXISTANT_AC096 FEKESSE-AC719 MISSION_EPHRATA","link_type":"FO","geometry_type":"LineString","vendor":"","folder":"LIEN FO2023 / EXISTANT","color":"#FF7F00","width":3.0},"geometry":{"type":"LineString","coordinates":[[-3.9105025,5.37380098],[-3.9339,5.38186]]}},{"type":"Feature","properties":{"name":"FO_253_PHOENIX-BILAL","description":"FiberEXISTANT_AC097 PHOENIX-AC111 BILAL","link_type":"FO","geometry_type":"LineString","vendor":"","folder":"LIEN FO2023 / EXISTANT","color":"#FF7F00","width":3.0},"geometry":{"type":"LineString","coordinates":[[-4.0758911,5.34800702],[-4.0875223,5.34742572]]}},{"type":"Feature","properties":{"name":"FO_254_PHOENIX-PMI","description":"FiberEXISTANT_AC097 PHOENIX-AC320 PMI","link_type":"FO","geometry_type":"LineString","vendor":"","folder":"LIEN FO2023 / EXISTANT","color":"#FF7F00","width":3.0},"geometry":{"type":"LineString","coordinates":[[-4.0758911,5.34800702],[-4.07993,5.34365]]}},{"type":"Feature","properties":{"name":"FO_255_KM4-MARC_ANADER","description":"FiberEXISTANT_AC098 KM4-AC002 MARC_ANADER","link_type":"FO","geometry_type":"LineString","vendor":"","folder":"LIEN FO2023 / EXISTANT","color":"#FF7F00","width":3.0},"geometry":{"type":"LineString","coordinates":[[-3.9989677,5.2919395],[-3.991722,5.29211395]]}},{"type":"Feature","properties":{"name":"FO_256_BBTHEQUE-INDENIE","description":"FiberEXISTANT_AC101 BBTHEQUE-AC018 INDENIE","link_type":"FO","geometry_type":"LineString","vendor":"","folder":"LIEN FO2023 / EXISTANT","color":"#FF7F00","width":3.0},"geometry":{"type":"LineString","coordinates":[[-4.024056,5.335197],[-4.020458,5.336212]]}},{"type":"Feature","properties":{"name":"FO_257_BBTHEQUE-IMBLE_HEVEA","description":"FiberEXISTANT_AC101 BBTHEQUE-AC915 IMBLE_HEVEA","link_type":"FO","geometry_type":"LineString","vendor":"","folder":"LIEN FO2023 / EXISTANT","color":"#FF7F00","width":3.0},"geometry":{"type":"LineString","coordinates":[[-4.024056,5.335197],[-4.02294,5.32863]]}},{"type":"Feature","properties":{"name":"FO_258_CAMPUS-BEDE","description":"FiberEXISTANT_AC102 CAMPUS-AC066 BEDE","link_type":"FO","geometry_type":"LineString","vendor":"","folder":"LIEN FO2023 / EXISTANT","color":"#FF7F00","width":3.0},"geometry":{"type":"LineString","coordinates":[[-3.9883719,5.34156942],[-3.9792161,5.33832781]]}},{"type":"Feature","properties":{"name":"FO_259_KM-VERDIER","description":"FiberEXISTANT_AC104 KM-AC091 VERDIER","link_type":"FO","geometry_type":"LineString","vendor":"","folder":"LIEN FO2023 / EXISTANT","color":"#FF7F00","width":3.0},"geometry":{"type":"LineString","coordinates":[[-4.017947,5.32114245],[-4.0179783,5.31821178]]}},{"type":"Feature","properties":{"name":"FO_260_KM-STADE","description":"FiberEXISTANT_AC104 KM-AC339 STADE","link_type":"FO","geometry_type":"LineString","vendor":"","folder":"LIEN FO2023 / EXISTANT","color":"#FF7F00","width":3.0},"geometry":{"type":"LineString","coordinates":[[-4.017947,5.32114245],[-4.0197262,5.32749823]]}},{"type":"Feature","properties":{"name":"FO_261_KM-BSC_YOP","description":"FiberEXISTANT_AC104 KM-AC613 BSC_YOP","link_type":"FO","geometry_type":"LineString","vendor":"","folder":"LIEN FO2023 / EXISTANT","color":"#FF7F00","width":3.0},"geometry":{"type":"LineString","coordinates":[[-4.017947,5.32114245],[-4.05034,5.34686]]}},{"type":"Feature","properties":{"name":"FO_262_DHL-ECG_BIETRY","description":"FiberEXISTANT_AC105 DHL-ET082 ECG_BIETRY","link_type":"FO","geometry_type":"LineString","vendor":"","folder":"LIEN FO2023 / EXISTANT","color":"#FF7F00","width":3.0},"geometry":{"type":"LineString","coordinates":[[-3.9788136,5.29495659],[-3.985931,5.292939]]}},{"type":"Feature","properties":{"name":"FO_263_BAD-PHARM_KENEDY","description":"FiberEXISTANT_AC108 BAD-AC384 PHARM_KENEDY","link_type":"FO","geometry_type":"LineString","vendor":"","folder":"LIEN FO2023 / EXISTANT","color":"#FF7F00","width":3.0},"geometry":{"type":"LineString","coordinates":[[-4.0232862,5.42746769],[-4.0035982,5.42005656]]}},{"type":"Feature","properties":{"name":"FO_264_BATIM2-CARREFOUR_CHU","description":"FiberEXISTANT_AC110 BATIM2-AC703 CARREFOUR_CHU","link_type":"FO","geometry_type":"LineString","vendor":"","folder":"LIEN FO2023 / EXISTANT","color":"#FF7F00","width":3.0},"geometry":{"type":"LineString","coordinates":[[-4.0905507,5.3606259],[-4.0803948,5.35860881]]}},{"type":"Feature","properties":{"name":"FO_265_ACADJOBA-GAKOUKA","description":"FiberEXISTANT_AC113 ACADJOBA-AC040 GAKOUKA","link_type":"FO","geometry_type":"LineString","vendor":"","folder":"LIEN FO2023 / EXISTANT","color":"#FF7F00","width":3.0},"geometry":{"type":"LineString","coordinates":[[-4.0811282,5.32399256],[-4.0747518,5.33116732]]}},{"type":"Feature","properties":{"name":"FO_266_BONOUMIN-RD_POINT_PALMERAIE","description":"FiberEXISTANT_AC114 BONOUMIN-AC357 RD_POINT_PALMERAIE","link_type":"FO","geometry_type":"LineString","vendor":"","folder":"LIEN FO2023 / EXISTANT","color":"#FF7F00","width":3.0},"geometry":{"type":"LineString","coordinates":[[-3.966316,5.35863674],[-3.9602525,5.36505937]]}},{"type":"Feature","properties":{"name":"FO_267_TOUMODI-NZIANOUA","description":"FiberEXISTANT_AC115 TOUMODI-AC525 NZIANOUA","link_type":"FO","geometry_type":"LineString","vendor":"","folder":"LIEN FO2023 / EXISTANT","color":"#FF7F00","width":3.0},"geometry":{"type":"LineString","coordinates":[[-5.0193,6.5581],[-4.823203,6.023421]]}},{"type":"Feature","properties":{"name":"FO_268_TOUMODI-YAM_BSC","description":"FiberEXISTANT_AC115 TOUMODI-AC611 YAM_BSC","link_type":"FO","geometry_type":"LineString","vendor":"","folder":"LIEN FO2023 / EXISTANT","color":"#FF7F00","width":3.0},"geometry":{"type":"LineString","coordinates":[[-5.0193,6.5581],[-5.2427,6.7939]]}},{"type":"Feature","properties":{"name":"FO_269_YAM_SINZIBO-YAM_ENSTP","description":"FiberEXISTANT_AC119 YAM_SINZIBO-AC117 YAM_ENSTP","link_type":"FO","geometry_type":"LineString","vendor":"","folder":"LIEN FO2023 / EXISTANT","color":"#FF7F00","width":3.0},"geometry":{"type":"LineString","coordinates":[[-5.2503,6.8532],[-5.2397,6.8701]]}},{"type":"Feature","properties":{"name":"FO_270_YAM_MOROFE-LOLOBO","description":"FiberEXISTANT_AC120 YAM_MOROFE-AC275 LOLOBO","link_type":"FO","geometry_type":"LineString","vendor":"","folder":"LIEN FO2023 / EXISTANT","color":"#FF7F00","width":3.0},"geometry":{"type":"LineString","coordinates":[[-5.291,6.8453],[-5.2683,6.955]]}},{"type":"Feature","properties":{"name":"FO_271_YAM_MAMI_ADJOUA-YAM_SINZIBO","description":"FiberEXISTANT_AC121 YAM_MAMI_ADJOUA-AC119 YAM_SINZIBO","link_type":"FO","geometry_type":"LineString","vendor":"","folder":"LIEN FO2023 / EXISTANT","color":"#FF7F00","width":3.0},"geometry":{"type":"LineString","coordinates":[[-5.2705,6.8315],[-5.2503,6.8532]]}},{"type":"Feature","properties":{"name":"FO_272_YAM_MAMI_ADJOUA-YAM_MOROFE","description":"FiberEXISTANT_AC121 YAM_MAMI_ADJOUA-AC120 YAM_MOROFE","link_type":"FO","geometry_type":"LineString","vendor":"","folder":"LIEN FO2023 / EXISTANT","color":"#FF7F00","width":3.0},"geometry":{"type":"LineString","coordinates":[[-5.2705,6.8315],[-5.291,6.8453]]}},{"type":"Feature","properties":{"name":"FO_273_YAM_MAMI_ADJOUA-YAM_BSC","description":"FiberEXISTANT_AC121 YAM_MAMI_ADJOUA-AC611 YAM_BSC","link_type":"FO","geometry_type":"LineString","vendor":"","folder":"LIEN FO2023 / EXISTANT","color":"#FF7F00","width":3.0},"geometry":{"type":"LineString","coordinates":[[-5.2705,6.8315],[-5.2427,6.7939]]}},{"type":"Feature","properties":{"name":"FO_274_YAM_DAUPHIN-YAM_BASILIQUE","description":"FiberEXISTANT_AC122 YAM_DAUPHIN-AC123 YAM_BASILIQUE","link_type":"FO","geometry_type":"LineString","vendor":"","folder":"LIEN FO2023 / EXISTANT","color":"#FF7F00","width":3.0},"geometry":{"type":"LineString","coordinates":[[-5.276,6.8201],[-5.2913,6.8185]]}},{"type":"Feature","properties":{"name":"FO_275_YAM_BASILIQUE-YAM_DIOULAKRO","description":"FiberEXISTANT_AC123 YAM_BASILIQUE-AC124 YAM_DIOULAKRO","link_type":"FO","geometry_type":"LineString","vendor":"","folder":"LIEN FO2023 / EXISTANT","color":"#FF7F00","width":3.0},"geometry":{"type":"LineString","coordinates":[[-5.2913,6.8185],[-5.2744,6.8022]]}},{"type":"Feature","properties":{"name":"FO_276_YAM_DIOULAKRO-YAM_FONDATION","description":"FiberEXISTANT_AC124 YAM_DIOULAKRO-AC126 YAM_FONDATION","link_type":"FO","geometry_type":"LineString","vendor":"","folder":"LIEN FO2023 / EXISTANT","color":"#FF7F00","width":3.0},"geometry":{"type":"LineString","coordinates":[[-5.2744,6.8022],[-5.2616,6.7921]]}},{"type":"Feature","properties":{"name":"FO_277_YAM_FONDATION-YAM_BSC","description":"FiberEXISTANT_AC126 YAM_FONDATION-AC611 YAM_BSC","link_type":"FO","geometry_type":"LineString","vendor":"","folder":"LIEN FO2023 / EXISTANT","color":"#FF7F00","width":3.0},"geometry":{"type":"LineString","coordinates":[[-5.2616,6.7921],[-5.2427,6.7939]]}},{"type":"Feature","properties":{"name":"FO_278_YAM_MOFAITAI-YAM_DAUPHIN","description":"FiberEXISTANT_AC128 YAM_MOFAITAI-AC122 YAM_DAUPHIN","link_type":"FO","geometry_type":"LineString","vendor":"","folder":"LIEN FO2023 / EXISTANT","color":"#FF7F00","width":3.0},"geometry":{"type":"LineString","coordinates":[[-5.266,6.8111],[-5.276,6.8201]]}},{"type":"Feature","properties":{"name":"FO_279_YAM_220_LGTS-YAM_MOFAITAI","description":"FiberEXISTANT_AC129 YAM_220_LGTS-AC128 YAM_MOFAITAI","link_type":"FO","geometry_type":"LineString","vendor":"","folder":"LIEN FO2023 / EXISTANT","color":"#FF7F00","width":3.0},"geometry":{"type":"LineString","coordinates":[[-5.2554,6.8208],[-5.266,6.8111]]}},{"type":"Feature","properties":{"name":"FO_280_YAM_220_LGTS-YAM_BSC","description":"FiberEXISTANT_AC129 YAM_220_LGTS-AC611 YAM_BSC","link_type":"FO","geometry_type":"LineString","vendor":"","folder":"LIEN FO2023 / EXISTANT","color":"#FF7F00","width":3.0},"geometry":{"type":"LineString","coordinates":[[-5.2554,6.8208],[-5.2427,6.7939]]}},{"type":"Feature","properties":{"name":"FO_281_BOUAFLE-GONATE","description":"FiberEXISTANT_AC131 BOUAFLE-AC490 GONATE","link_type":"FO","geometry_type":"LineString","vendor":"","folder":"LIEN FO2023 / EXISTANT","color":"#FF7F00","width":3.0},"geometry":{"type":"LineString","coordinates":[[-5.7488,6.9882],[-6.2417,6.9093]]}},{"type":"Feature","properties":{"name":"FO_282_BOUAFLE-YAM_BSC","description":"FiberEXISTANT_AC131 BOUAFLE-AC611 YAM_BSC","link_type":"FO","geometry_type":"LineString","vendor":"","folder":"LIEN FO2023 / EXISTANT","color":"#FF7F00","width":3.0},"geometry":{"type":"LineString","coordinates":[[-5.7488,6.9882],[-5.2427,6.7939]]}},{"type":"Feature","properties":{"name":"FO_283_DAL_KHALIL-DAL_BSC","description":"FiberEXISTANT_AC138 DAL_KHALIL-AC904 DAL_BSC","link_type":"FO","geometry_type":"LineString","vendor":"","folder":"LIEN FO2023 / EXISTANT","color":"#FF7F00","width":3.0},"geometry":{"type":"LineString","coordinates":[[-6.4529,6.9056],[-6.429886,6.880981]]}},{"type":"Feature","properties":{"name":"FO_284_ISSIA-DAL_KHALIL","description":"FiberEXISTANT_AC140 ISSIA-AC138 DAL_KHALIL","link_type":"FO","geometry_type":"LineString","vendor":"","folder":"LIEN FO2023 / EXISTANT","color":"#FF7F00","width":3.0},"geometry":{"type":"LineString","coordinates":[[-6.5893,6.4896],[-6.4529,6.9056]]}},{"type":"Feature","properties":{"name":"FO_285_GAGNOA_CIB-DAGOUAHIO","description":"FiberEXISTANT_AC142 GAGNOA_CIB-AC264 DAGOUAHIO","link_type":"FO","geometry_type":"LineString","vendor":"","folder":"LIEN FO2023 / EXISTANT","color":"#FF7F00","width":3.0},"geometry":{"type":"LineString","coordinates":[[-5.9864,6.1149],[-6.2478,5.995]]}},{"type":"Feature","properties":{"name":"FO_286_GAGNOA_GARAGE-GAGNOA_CIB","description":"FiberEXISTANT_AC143 GAGNOA_GARAGE-AC142 GAGNOA_CIB","link_type":"FO","geometry_type":"LineString","vendor":"","folder":"LIEN FO2023 / EXISTANT","color":"#FF7F00","width":3.0},"geometry":{"type":"LineString","coordinates":[[-5.963,6.1279],[-5.9864,6.1149]]}},{"type":"Feature","properties":{"name":"FO_287_GAGNOA_NV_QUARTIER-GAGNOA_CIT","description":"FiberEXISTANT_AC146 GAGNOA_NV_QUARTIER-AC144 GAGNOA_CIT","link_type":"FO","geometry_type":"LineString","vendor":"","folder":"LIEN FO2023 / EXISTANT","color":"#FF7F00","width":3.0},"geometry":{"type":"LineString","coordinates":[[-5.946,6.154],[-5.943,6.1297]]}},{"type":"Feature","properties":{"name":"FO_288_GAGNOA_NV_QUARTIER-GAGNOA_SOKOURADJAN","description":"FiberEXISTANT_AC146 GAGNOA_NV_QUARTIER-AC147 GAGNOA_SOKOURADJAN","link_type":"FO","geometry_type":"LineString","vendor":"","folder":"LIEN FO2023 / EXISTANT","color":"#FF7F00","width":3.0},"geometry":{"type":"LineString","coordinates":[[-5.946,6.154],[-5.9642,6.1466]]}},{"type":"Feature","properties":{"name":"FO_289_GAGNOA_SOKOURADJAN-GAGNOA_GARAGE","description":"FiberEXISTANT_AC147 GAGNOA_SOKOURADJAN-AC143 GAGNOA_GARAGE","link_type":"FO","geometry_type":"LineString","vendor":"","folder":"LIEN FO2023 / EXISTANT","color":"#FF7F00","width":3.0},"geometry":{"type":"LineString","coordinates":[[-5.9642,6.1466],[-5.963,6.1279]]}},{"type":"Feature","properties":{"name":"FO_290_YABAYO-ISSIA","description":"FiberEXISTANT_AC148 YABAYO-AC140 ISSIA","link_type":"FO","geometry_type":"LineString","vendor":"","folder":"LIEN FO2023 / EXISTANT","color":"#FF7F00","width":3.0},"geometry":{"type":"LineString","coordinates":[[-6.601,5.9524],[-6.5893,6.4896]]}},{"type":"Feature","properties":{"name":"FO_291_SOUBRE-MEAGUI_CIT","description":"FiberEXISTANT_AC149 SOUBRE-AC268 MEAGUI_CIT","link_type":"FO","geometry_type":"LineString","vendor":"","folder":"LIEN FO2023 / EXISTANT","color":"#FF7F00","width":3.0},"geometry":{"type":"LineString","coordinates":[[-6.5955,5.7844],[-6.5664,5.4005]]}},{"type":"Feature","properties":{"name":"FO_292_SASSANDRA-SEWEKE","description":"FiberEXISTANT_AC161 SASSANDRA-AC153 SEWEKE","link_type":"FO","geometry_type":"LineString","vendor":"","folder":"LIEN FO2023 / EXISTANT","color":"#FF7F00","width":3.0},"geometry":{"type":"LineString","coordinates":[[-6.0925794,4.95379642],[-6.6456,4.7625]]}},{"type":"Feature","properties":{"name":"FO_293_FRESCO-DASSIOKO_CIT","description":"FiberEXISTANT_AC162 FRESCO-AC270 DASSIOKO_CIT","link_type":"FO","geometry_type":"LineString","vendor":"","folder":"LIEN FO2023 / EXISTANT","color":"#FF7F00","width":3.0},"geometry":{"type":"LineString","coordinates":[[-5.5859504,5.10314843],[-5.8395802,5.11499759]]}},{"type":"Feature","properties":{"name":"FO_294_FRESCO-YOCOBOUE","description":"FiberEXISTANT_AC162 FRESCO-AC529 YOCOBOUE","link_type":"FO","geometry_type":"LineString","vendor":"","folder":"LIEN FO2023 / EXISTANT","color":"#FF7F00","width":3.0},"geometry":{"type":"LineString","coordinates":[[-5.5859504,5.10314843],[-5.10925,5.27539]]}},{"type":"Feature","properties":{"name":"FO_295_DABOU-TOUPAH_CIT","description":"FiberEXISTANT_AC164 DABOU-AC271 TOUPAH_CIT","link_type":"FO","geometry_type":"LineString","vendor":"","folder":"LIEN FO2023 / EXISTANT","color":"#FF7F00","width":3.0},"geometry":{"type":"LineString","coordinates":[[-4.3775,5.323],[-4.5612763,5.31200235]]}},{"type":"Feature","properties":{"name":"FO_296_SONGON_AGBAN-BSC_YOP","description":"FiberEXISTANT_AC527 SONGON_AGBAN-AC613 BSC_YOP","link_type":"FO","geometry_type":"LineString","vendor":"","folder":"LIEN FO2023 / EXISTANT","color":"#FF7F00","width":3.0},"geometry":{"type":"LineString","coordinates":[[-4.182219,5.33733759],[-4.05034,5.34686]]}},{"type":"Feature","properties":{"name":"FO_297_DABOU-SONGON_AGBAN","description":"FiberEXISTANT_AC164 DABOU-AC527 SONGON_AGBAN","link_type":"FO","geometry_type":"LineString","vendor":"","folder":"LIEN FO2023 / EXISTANT","color":"#FF7F00","width":3.0},"geometry":{"type":"LineString","coordinates":[[-4.3775,5.323],[-4.182219,5.33733759]]}},{"type":"Feature","properties":{"name":"FO_298_BONOUA-BONOUA_CELESTE","description":"FiberEXISTANT_AC165 BONOUA-AC955 BONOUA_CELESTE","link_type":"FO","geometry_type":"LineString","vendor":"","folder":"LIEN FO2023 / EXISTANT","color":"#FF7F00","width":3.0},"geometry":{"type":"LineString","coordinates":[[-3.596196,5.264682],[-3.58662,5.27187]]}},{"type":"Feature","properties":{"name":"FO_299_ASSINIE-MAFIA","description":"FiberEXISTANT_AC168 ASSINIE-AC167 MAFIA","link_type":"FO","geometry_type":"LineString","vendor":"","folder":"LIEN FO2023 / EXISTANT","color":"#FF7F00","width":3.0},"geometry":{"type":"LineString","coordinates":[[-3.40678,5.15454],[-3.28925,5.13826]]}},{"type":"Feature","properties":{"name":"FO_300_ADZOPE-MASSIMBA","description":"FiberEXISTANT_AC171 ADZOPE-AC172 MASSIMBA","link_type":"FO","geometry_type":"LineString","vendor":"","folder":"LIEN FO2023 / EXISTANT","color":"#FF7F00","width":3.0},"geometry":{"type":"LineString","coordinates":[[-3.8604889,6.0991788],[-3.8685735,6.11406337]]}},{"type":"Feature","properties":{"name":"FO_301_ADZOPE-AKOUPE","description":"FiberEXISTANT_AC171 ADZOPE-AC173 AKOUPE","link_type":"FO","geometry_type":"LineString","vendor":"","folder":"LIEN FO2023 / EXISTANT","color":"#FF7F00","width":3.0},"geometry":{"type":"LineString","coordinates":[[-3.8604889,6.0991788],[-3.8856593,6.38121188]]}},{"type":"Feature","properties":{"name":"FO_302_AKOUPE-BEKOUEFIN","description":"FiberEXISTANT_AC173 AKOUPE-AC279 BEKOUEFIN","link_type":"FO","geometry_type":"LineString","vendor":"","folder":"LIEN FO2023 / EXISTANT","color":"#FF7F00","width":3.0},"geometry":{"type":"LineString","coordinates":[[-3.8856593,6.38121188],[-3.8431145,6.4769997]]}},{"type":"Feature","properties":{"name":"FO_303_LOBIKRO-CHATEAU","description":"FiberEXISTANT_AC176 LOBIKRO-AC175 CHATEAU","link_type":"FO","geometry_type":"LineString","vendor":"","folder":"LIEN FO2023 / EXISTANT","color":"#FF7F00","width":3.0},"geometry":{"type":"LineString","coordinates":[[-3.5061712,6.74194552],[-3.4983295,6.72748042]]}},{"type":"Feature","properties":{"name":"FO_304_LOBIKRO-AGNIBILEKRO","description":"FiberEXISTANT_AC176 LOBIKRO-AC180 AGNIBILEKRO","link_type":"FO","geometry_type":"LineString","vendor":"","folder":"LIEN FO2023 / EXISTANT","color":"#FF7F00","width":3.0},"geometry":{"type":"LineString","coordinates":[[-3.5061712,6.74194552],[-3.202748,7.139421]]}},{"type":"Feature","properties":{"name":"FO_305_LOBIKRO-BEKOUEFIN","description":"FiberEXISTANT_AC176 LOBIKRO-AC279 BEKOUEFIN","link_type":"FO","geometry_type":"LineString","vendor":"","folder":"LIEN FO2023 / EXISTANT","color":"#FF7F00","width":3.0},"geometry":{"type":"LineString","coordinates":[[-3.5061712,6.74194552],[-3.8431145,6.4769997]]}},{"type":"Feature","properties":{"name":"FO_306_AZAGUIE-ADZOPE","description":"FiberEXISTANT_AC191 AZAGUIE-AC171 ADZOPE","link_type":"FO","geometry_type":"LineString","vendor":"","folder":"LIEN FO2023 / EXISTANT","color":"#FF7F00","width":3.0},"geometry":{"type":"LineString","coordinates":[[-4.0690037,5.64055906],[-3.8604889,6.0991788]]}},{"type":"Feature","properties":{"name":"FO_307_AZAGUIE-PETIT_YAPO","description":"FiberEXISTANT_AC191 AZAGUIE-AC755 PETIT_YAPO","link_type":"FO","geometry_type":"LineString","vendor":"","folder":"LIEN FO2023 / EXISTANT","color":"#FF7F00","width":3.0},"geometry":{"type":"LineString","coordinates":[[-4.0690037,5.64055906],[-4.143,5.80293]]}},{"type":"Feature","properties":{"name":"FO_308_BODO-NDOUCI","description":"FiberEXISTANT_AC285 BODO-AC195 NDOUCI","link_type":"FO","geometry_type":"LineString","vendor":"","folder":"LIEN FO2023 / EXISTANT","color":"#FF7F00","width":3.0},"geometry":{"type":"LineString","coordinates":[[-4.6846,5.90570355],[-4.7546914,5.8588924]]}},{"type":"Feature","properties":{"name":"FO_309_BODO-ABOUDE_KOUASSIKRO","description":"FiberEXISTANT_AC285 BODO-ET105 ABOUDE_KOUASSIKRO","link_type":"FO","geometry_type":"LineString","vendor":"","folder":"LIEN FO2023 / EXISTANT","color":"#FF7F00","width":3.0},"geometry":{"type":"LineString","coordinates":[[-4.6846,5.90570355],[-4.551056,5.895472]]}},{"type":"Feature","properties":{"name":"FO_310_ABOUDE_KOUASSIKRO-OFFOMPO","description":"FiberEXISTANT_ET105 ABOUDE_KOUASSIKRO-ET169 OFFOMPO","link_type":"FO","geometry_type":"LineString","vendor":"","folder":"LIEN FO2023 / EXISTANT","color":"#FF7F00","width":3.0},"geometry":{"type":"LineString","coordinates":[[-4.551056,5.895472],[-4.459806,5.96075]]}},{"type":"Feature","properties":{"name":"FO_311_OFFOMPO-OFFA","description":"FiberEXISTANT_ET169 OFFOMPO-ET137 OFFA","link_type":"FO","geometry_type":"LineString","vendor":"","folder":"LIEN FO2023 / EXISTANT","color":"#FF7F00","width":3.0},"geometry":{"type":"LineString","coordinates":[[-4.459806,5.96075],[-4.363774,5.934664]]}},{"type":"Feature","properties":{"name":"FO_312_OFFA-AGBOVILLE","description":"FiberEXISTANT_ET137 OFFA-AC192 AGBOVILLE","link_type":"FO","geometry_type":"LineString","vendor":"","folder":"LIEN FO2023 / EXISTANT","color":"#FF7F00","width":3.0},"geometry":{"type":"LineString","coordinates":[[-4.363774,5.934664],[-4.21551,5.927626]]}},{"type":"Feature","properties":{"name":"FO_313_AGBOVILLE_SAPH-OFFA","description":"FiberEXISTANT_AC531 AGBOVILLE_SAPH-ET137 OFFA","link_type":"FO","geometry_type":"LineString","vendor":"","folder":"LIEN FO2023 / EXISTANT","color":"#FF7F00","width":3.0},"geometry":{"type":"LineString","coordinates":[[-4.3331976,5.94150358],[-4.363774,5.934664]]}},{"type":"Feature","properties":{"name":"FO_314_LYCEE-AGBOVILLE","description":"FiberEXISTANT_AC193 LYCEE-AC192 AGBOVILLE","link_type":"FO","geometry_type":"LineString","vendor":"","folder":"LIEN FO2023 / EXISTANT","color":"#FF7F00","width":3.0},"geometry":{"type":"LineString","coordinates":[[-4.1973,5.9351],[-4.21551,5.927626]]}},{"type":"Feature","properties":{"name":"FO_315_ATTINGUIE_ZONE-BSC_YOP","description":"FiberEXISTANT_ET444 ATTINGUIE_ZONE-AC613 BSC_YOP","link_type":"FO","geometry_type":"LineString","vendor":"","folder":"LIEN FO2023 / EXISTANT","color":"#FF7F00","width":3.0},"geometry":{"type":"LineString","coordinates":[[-4.158681,5.4140906],[-4.05034,5.34686]]}},{"type":"Feature","properties":{"name":"FO_316_ATTINGUIE-ATTINGUIE_ZONE","description":"FiberEXISTANT_AC225 ATTINGUIE-ET444 ATTINGUIE_ZONE","link_type":"FO","geometry_type":"LineString","vendor":"","folder":"LIEN FO2023 / EXISTANT","color":"#FF7F00","width":3.0},"geometry":{"type":"LineString","coordinates":[[-4.1833363,5.46214189],[-4.158681,5.4140906]]}},{"type":"Feature","properties":{"name":"FO_317_SIKENSI-ELIBOU","description":"FiberEXISTANT_AC194 SIKENSI-AC223 ELIBOU","link_type":"FO","geometry_type":"LineString","vendor":"","folder":"LIEN FO2023 / EXISTANT","color":"#FF7F00","width":3.0},"geometry":{"type":"LineString","coordinates":[[-4.5727,5.665117],[-4.5058902,5.68891476]]}},{"type":"Feature","properties":{"name":"FO_318_NDOUCI-SIKENSI","description":"FiberEXISTANT_AC195 NDOUCI-AC194 SIKENSI","link_type":"FO","geometry_type":"LineString","vendor":"","folder":"LIEN FO2023 / EXISTANT","color":"#FF7F00","width":3.0},"geometry":{"type":"LineString","coordinates":[[-4.7546914,5.8588924],[-4.5727,5.665117]]}},{"type":"Feature","properties":{"name":"FO_319_TIASSALE-NDOUCI","description":"FiberEXISTANT_AC196 TIASSALE-AC195 NDOUCI","link_type":"FO","geometry_type":"LineString","vendor":"","folder":"LIEN FO2023 / EXISTANT","color":"#FF7F00","width":3.0},"geometry":{"type":"LineString","coordinates":[[-4.8163116,5.89360675],[-4.7546914,5.8588924]]}},{"type":"Feature","properties":{"name":"FO_320_TIASSALE-HERMANKONO","description":"FiberEXISTANT_AC196 TIASSALE-AC263 HERMANKONO","link_type":"FO","geometry_type":"LineString","vendor":"","folder":"LIEN FO2023 / EXISTANT","color":"#FF7F00","width":3.0},"geometry":{"type":"LineString","coordinates":[[-4.8163116,5.89360675],[-5.0088906,5.9272195]]}},{"type":"Feature","properties":{"name":"FO_321_DIVO_CIT-LAKOTA","description":"FiberEXISTANT_AC197 DIVO_CIT-AC199 LAKOTA","link_type":"FO","geometry_type":"LineString","vendor":"","folder":"LIEN FO2023 / EXISTANT","color":"#FF7F00","width":3.0},"geometry":{"type":"LineString","coordinates":[[-5.3543602,5.8400261],[-5.6762203,5.84999882]]}},{"type":"Feature","properties":{"name":"FO_322_DIVO-DIVO_CIT","description":"FiberEXISTANT_AC198 DIVO-AC197 DIVO_CIT","link_type":"FO","geometry_type":"LineString","vendor":"","folder":"LIEN FO2023 / EXISTANT","color":"#FF7F00","width":3.0},"geometry":{"type":"LineString","coordinates":[[-5.357694,5.83219354],[-5.3543602,5.8400261]]}},{"type":"Feature","properties":{"name":"FO_323_LAKOTA-LAKOTA_NE","description":"FiberEXISTANT_AC199 LAKOTA-AC966 LAKOTA_NE","link_type":"FO","geometry_type":"LineString","vendor":"","folder":"LIEN FO2023 / EXISTANT","color":"#FF7F00","width":3.0},"geometry":{"type":"LineString","coordinates":[[-5.6762203,5.84999882],[-5.68625,5.868665]]}},{"type":"Feature","properties":{"name":"FO_324_TIEBISSOU-BKE_ONUCI","description":"FiberEXISTANT_AC210 TIEBISSOU-AC607 BKE_ONUCI","link_type":"FO","geometry_type":"LineString","vendor":"","folder":"LIEN FO2023 / EXISTANT","color":"#FF7F00","width":3.0},"geometry":{"type":"LineString","coordinates":[[-5.2212,7.1568],[-5.0286,7.6611]]}},{"type":"Feature","properties":{"name":"FO_325_ASSOUINDE-ASSINIE","description":"FiberEXISTANT_AC213 ASSOUINDE-AC168 ASSINIE","link_type":"FO","geometry_type":"LineString","vendor":"","folder":"LIEN FO2023 / EXISTANT","color":"#FF7F00","width":3.0},"geometry":{"type":"LineString","coordinates":[[-3.4626709,5.15986325],[-3.40678,5.15454]]}},{"type":"Feature","properties":{"name":"FO_326_DIAWALA-POGO","description":"FiberEXISTANT_AC216 DIAWALA-AC465 POGO","link_type":"FO","geometry_type":"LineString","vendor":"","folder":"LIEN FO2023 / EXISTANT","color":"#FF7F00","width":3.0},"geometry":{"type":"LineString","coordinates":[[-5.4715,10.1106],[-5.6279,10.4343]]}},{"type":"Feature","properties":{"name":"FO_327_ATTINGUIE_ZONE-BIC","description":"FiberEXISTANT_ET444 ATTINGUIE_ZONE-AC045 BIC","link_type":"FO","geometry_type":"LineString","vendor":"","folder":"LIEN FO2023 / EXISTANT","color":"#FF7F00","width":3.0},"geometry":{"type":"LineString","coordinates":[[-4.158681,5.4140906],[-4.0893288,5.36877753]]}},{"type":"Feature","properties":{"name":"FO_328_ELIBOU-ATTINGUIE","description":"FiberEXISTANT_AC223 ELIBOU-AC225 ATTINGUIE","link_type":"FO","geometry_type":"LineString","vendor":"","folder":"LIEN FO2023 / EXISTANT","color":"#FF7F00","width":3.0},"geometry":{"type":"LineString","coordinates":[[-4.5058902,5.68891476],[-4.1833363,5.46214189]]}},{"type":"Feature","properties":{"name":"FO_329_BLOKOSSO-PRESI","description":"FiberEXISTANT_AC226 BLOKOSSO-AC228 PRESI","link_type":"FO","geometry_type":"LineString","vendor":"","folder":"LIEN FO2023 / EXISTANT","color":"#FF7F00","width":3.0},"geometry":{"type":"LineString","coordinates":[[-4.0021308,5.32291409],[-3.9951363,5.32799977]]}},{"type":"Feature","properties":{"name":"FO_330_IVOIRE-BLOKOSSO","description":"FiberEXISTANT_AC227 IVOIRE-AC226 BLOKOSSO","link_type":"FO","geometry_type":"LineString","vendor":"","folder":"LIEN FO2023 / EXISTANT","color":"#FF7F00","width":3.0},"geometry":{"type":"LineString","coordinates":[[-4.006694,5.329583],[-4.0021308,5.32291409]]}},{"type":"Feature","properties":{"name":"FO_331_PRESI-STE_MARIE","description":"FiberEXISTANT_AC228 PRESI-AC077 STE_MARIE","link_type":"FO","geometry_type":"LineString","vendor":"","folder":"LIEN FO2023 / EXISTANT","color":"#FF7F00","width":3.0},"geometry":{"type":"LineString","coordinates":[[-3.9951363,5.32799977],[-3.9969984,5.33548616]]}},{"type":"Feature","properties":{"name":"FO_332_BKE_KENNEDY-BKE_SOKOURA","description":"FiberEXISTANT_AC237 BKE_KENNEDY-AC600 BKE_SOKOURA","link_type":"FO","geometry_type":"LineString","vendor":"","folder":"LIEN FO2023 / EXISTANT","color":"#FF7F00","width":3.0},"geometry":{"type":"LineString","coordinates":[[-5.0055,7.6833],[-5.0179,7.6928]]}},{"type":"Feature","properties":{"name":"FO_333_KATIOLA-FRONAN","description":"FiberEXISTANT_AC245 KATIOLA-AC295 FRONAN","link_type":"FO","geometry_type":"LineString","vendor":"","folder":"LIEN FO2023 / EXISTANT","color":"#FF7F00","width":3.0},"geometry":{"type":"LineString","coordinates":[[-5.0871,8.1349],[-5.12667,8.23081]]}},{"type":"Feature","properties":{"name":"FO_334_KOR_CIT-SINEMATIALI","description":"FiberEXISTANT_AC246 KOR_CIT-AC251 SINEMATIALI","link_type":"FO","geometry_type":"LineString","vendor":"","folder":"LIEN FO2023 / EXISTANT","color":"#FF7F00","width":3.0},"geometry":{"type":"LineString","coordinates":[[-5.63136,9.45497],[-5.4009,9.5721]]}},{"type":"Feature","properties":{"name":"FO_335_KORHOGO_FHB-KOR_CIT","description":"FiberEXISTANT_AC247 KORHOGO_FHB-AC246 KOR_CIT","link_type":"FO","geometry_type":"LineString","vendor":"","folder":"LIEN FO2023 / EXISTANT","color":"#FF7F00","width":3.0},"geometry":{"type":"LineString","coordinates":[[-5.62479,9.41894],[-5.63136,9.45497]]}},{"type":"Feature","properties":{"name":"FO_336_KOR_LYC_SAKANOKO-KOR_CIT","description":"FiberEXISTANT_AC248 KOR_LYC_SAKANOKO-AC246 KOR_CIT","link_type":"FO","geometry_type":"LineString","vendor":"","folder":"LIEN FO2023 / EXISTANT","color":"#FF7F00","width":3.0},"geometry":{"type":"LineString","coordinates":[[-5.6581,9.4547],[-5.63136,9.45497]]}},{"type":"Feature","properties":{"name":"FO_337_KOR_LYC_SAKANOKO-KOR_LYC_MUNICIPAL","description":"FiberEXISTANT_AC248 KOR_LYC_SAKANOKO-AC249 KOR_LYC_MUNICIPAL","link_type":"FO","geometry_type":"LineString","vendor":"","folder":"LIEN FO2023 / EXISTANT","color":"#FF7F00","width":3.0},"geometry":{"type":"LineString","coordinates":[[-5.6581,9.4547],[-5.64321,9.47972]]}},{"type":"Feature","properties":{"name":"FO_338_KOR_LYC_MUNICIPAL-KOR_CIT","description":"FiberEXISTANT_AC249 KOR_LYC_MUNICIPAL-AC246 KOR_CIT","link_type":"FO","geometry_type":"LineString","vendor":"","folder":"LIEN FO2023 / EXISTANT","color":"#FF7F00","width":3.0},"geometry":{"type":"LineString","coordinates":[[-5.64321,9.47972],[-5.63136,9.45497]]}},{"type":"Feature","properties":{"name":"FO_339_KOR_PETIT_PARIS-KOR_CIT","description":"FiberEXISTANT_AC250 KOR_PETIT_PARIS-AC246 KOR_CIT","link_type":"FO","geometry_type":"LineString","vendor":"","folder":"LIEN FO2023 / EXISTANT","color":"#FF7F00","width":3.0},"geometry":{"type":"LineString","coordinates":[[-5.61289,9.46013],[-5.63136,9.45497]]}},{"type":"Feature","properties":{"name":"FO_340_SINEMATIALI-FERKE_RESIDENTIEL","description":"FiberEXISTANT_AC251 SINEMATIALI-AC936 FERKE_RESIDENTIEL","link_type":"FO","geometry_type":"LineString","vendor":"","folder":"LIEN FO2023 / EXISTANT","color":"#FF7F00","width":3.0},"geometry":{"type":"LineString","coordinates":[[-5.4009,9.5721],[-5.20901,9.57878]]}},{"type":"Feature","properties":{"name":"FO_341_FERKESSEDOUGOU-FERKE_RESIDENTIEL","description":"FiberEXISTANT_AC252 FERKESSEDOUGOU-AC936 FERKE_RESIDENTIEL","link_type":"FO","geometry_type":"LineString","vendor":"","folder":"LIEN FO2023 / EXISTANT","color":"#FF7F00","width":3.0},"geometry":{"type":"LineString","coordinates":[[-5.1876,9.5918],[-5.20901,9.57878]]}},{"type":"Feature","properties":{"name":"FO_342_TAFIRE-TIENGARA","description":"FiberEXISTANT_AC253 TAFIRE-AC695 TIENGARA","link_type":"FO","geometry_type":"LineString","vendor":"","folder":"LIEN FO2023 / EXISTANT","color":"#FF7F00","width":3.0},"geometry":{"type":"LineString","coordinates":[[-5.1705,9.0675],[-5.23718,9.39737]]}},{"type":"Feature","properties":{"name":"FO_343_KOUAKRO_CIT-ASSOUINDE","description":"FiberEXISTANT_AC256 KOUAKRO_CIT-AC213 ASSOUINDE","link_type":"FO","geometry_type":"LineString","vendor":"","folder":"LIEN FO2023 / EXISTANT","color":"#FF7F00","width":3.0},"geometry":{"type":"LineString","coordinates":[[-3.4905582,5.28499696],[-3.4626709,5.15986325]]}},{"type":"Feature","properties":{"name":"FO_344_HERMANKONO-DIVO","description":"FiberEXISTANT_AC263 HERMANKONO-AC198 DIVO","link_type":"FO","geometry_type":"LineString","vendor":"","folder":"LIEN FO2023 / EXISTANT","color":"#FF7F00","width":3.0},"geometry":{"type":"LineString","coordinates":[[-5.0088906,5.9272195],[-5.357694,5.83219354]]}},{"type":"Feature","properties":{"name":"FO_345_DAGOUAHIO-YACOLI","description":"FiberEXISTANT_AC264 DAGOUAHIO-AC499 YACOLI","link_type":"FO","geometry_type":"LineString","vendor":"","folder":"LIEN FO2023 / EXISTANT","color":"#FF7F00","width":3.0},"geometry":{"type":"LineString","coordinates":[[-6.2478,5.995],[-6.5116,5.9642]]}},{"type":"Feature","properties":{"name":"FO_346_MEAGUI_CIT-MATHIEUKRO","description":"FiberEXISTANT_AC268 MEAGUI_CIT-AC269 MATHIEUKRO","link_type":"FO","geometry_type":"LineString","vendor":"","folder":"LIEN FO2023 / EXISTANT","color":"#FF7F00","width":3.0},"geometry":{"type":"LineString","coordinates":[[-6.5664,5.4005],[-6.4989455,5.0246144]]}},{"type":"Feature","properties":{"name":"FO_347_MATHIEUKRO-SEWEKE","description":"FiberEXISTANT_AC269 MATHIEUKRO-AC153 SEWEKE","link_type":"FO","geometry_type":"LineString","vendor":"","folder":"LIEN FO2023 / EXISTANT","color":"#FF7F00","width":3.0},"geometry":{"type":"LineString","coordinates":[[-6.4989455,5.0246144],[-6.6456,4.7625]]}},{"type":"Feature","properties":{"name":"FO_348_DASSIOKO_CIT-SASSANDRA","description":"FiberEXISTANT_AC270 DASSIOKO_CIT-AC161 SASSANDRA","link_type":"FO","geometry_type":"LineString","vendor":"","folder":"LIEN FO2023 / EXISTANT","color":"#FF7F00","width":3.0},"geometry":{"type":"LineString","coordinates":[[-5.8395802,5.11499759],[-6.0925794,4.95379642]]}},{"type":"Feature","properties":{"name":"FO_349_IROBO-TOUPAH_CIT","description":"FiberEXISTANT_AC522 IROBO-AC271 TOUPAH_CIT","link_type":"FO","geometry_type":"LineString","vendor":"","folder":"LIEN FO2023 / EXISTANT","color":"#FF7F00","width":3.0},"geometry":{"type":"LineString","coordinates":[[-4.7979963,5.28332763],[-4.5612763,5.31200235]]}},{"type":"Feature","properties":{"name":"FO_350_LOLOBO-TIEBISSOU","description":"FiberEXISTANT_AC275 LOLOBO-AC210 TIEBISSOU","link_type":"FO","geometry_type":"LineString","vendor":"","folder":"LIEN FO2023 / EXISTANT","color":"#FF7F00","width":3.0},"geometry":{"type":"LineString","coordinates":[[-5.2683,6.955],[-5.2212,7.1568]]}},{"type":"Feature","properties":{"name":"FO_351_CNPS-VERDIER","description":"FiberEXISTANT_AC276 CNPS-AC091 VERDIER","link_type":"FO","geometry_type":"LineString","vendor":"","folder":"LIEN FO2023 / EXISTANT","color":"#FF7F00","width":3.0},"geometry":{"type":"LineString","coordinates":[[-4.01719,5.31669],[-4.0179783,5.31821178]]}},{"type":"Feature","properties":{"name":"FO_352_CNPS-KHARRAT","description":"FiberEXISTANT_AC276 CNPS-AC214 KHARRAT","link_type":"FO","geometry_type":"LineString","vendor":"","folder":"LIEN FO2023 / EXISTANT","color":"#FF7F00","width":3.0},"geometry":{"type":"LineString","coordinates":[[-4.01719,5.31669],[-4.0145128,5.31804564]]}},{"type":"Feature","properties":{"name":"FO_353_CNPS-PLTX_SITARAIL","description":"FiberEXISTANT_AC276 CNPS-ET008 PLTX_SITARAIL","link_type":"FO","geometry_type":"LineString","vendor":"","folder":"LIEN FO2023 / EXISTANT","color":"#FF7F00","width":3.0},"geometry":{"type":"LineString","coordinates":[[-4.01719,5.31669],[-4.020098,5.315705]]}},{"type":"Feature","properties":{"name":"FO_354_DIABO-BKE_UNIVERSITE","description":"FiberEXISTANT_AC294 DIABO-AC597 BKE_UNIVERSITE","link_type":"FO","geometry_type":"LineString","vendor":"","folder":"LIEN FO2023 / EXISTANT","color":"#FF7F00","width":3.0},"geometry":{"type":"LineString","coordinates":[[-5.175443,7.787822],[-5.0667,7.687]]}},{"type":"Feature","properties":{"name":"FO_355_FRONAN-NIAKARA","description":"FiberEXISTANT_AC295 FRONAN-AC309 NIAKARA","link_type":"FO","geometry_type":"LineString","vendor":"","folder":"LIEN FO2023 / EXISTANT","color":"#FF7F00","width":3.0},"geometry":{"type":"LineString","coordinates":[[-5.12667,8.23081],[-5.27643,8.6555]]}},{"type":"Feature","properties":{"name":"FO_356_NIAKARA-TAFIRE","description":"FiberEXISTANT_AC309 NIAKARA-AC253 TAFIRE","link_type":"FO","geometry_type":"LineString","vendor":"","folder":"LIEN FO2023 / EXISTANT","color":"#FF7F00","width":3.0},"geometry":{"type":"LineString","coordinates":[[-5.27643,8.6555],[-5.1705,9.0675]]}},{"type":"Feature","properties":{"name":"FO_357_YOP_ZI-PREMIER_PONT","description":"FiberEXISTANT_AC313 YOP_ZI-AC678 PREMIER_PONT","link_type":"FO","geometry_type":"LineString","vendor":"","folder":"LIEN FO2023 / EXISTANT","color":"#FF7F00","width":3.0},"geometry":{"type":"LineString","coordinates":[[-4.0765573,5.37286135],[-4.0673,5.36192]]}},{"type":"Feature","properties":{"name":"FO_358_KM17-LIEVRE_ROUGE","description":"FiberEXISTANT_AC324 KM17-AC665 LIEVRE_ROUGE","link_type":"FO","geometry_type":"LineString","vendor":"","folder":"LIEN FO2023 / EXISTANT","color":"#FF7F00","width":3.0},"geometry":{"type":"LineString","coordinates":[[-4.1324267,5.33789266],[-4.11306,5.3349]]}},{"type":"Feature","properties":{"name":"FO_359_AZITO-ORNELLA","description":"FiberEXISTANT_AC330 AZITO-AC049 ORNELLA","link_type":"FO","geometry_type":"LineString","vendor":"","folder":"LIEN FO2023 / EXISTANT","color":"#FF7F00","width":3.0},"geometry":{"type":"LineString","coordinates":[[-4.0801926,5.3049365],[-4.0912814,5.31966928]]}},{"type":"Feature","properties":{"name":"FO_360_LATIN-ATTECOUBE","description":"FiberEXISTANT_AC332 LATIN-AC014 ATTECOUBE","link_type":"FO","geometry_type":"LineString","vendor":"","folder":"LIEN FO2023 / EXISTANT","color":"#FF7F00","width":3.0},"geometry":{"type":"LineString","coordinates":[[-4.0197,5.3599],[-4.0346383,5.35161463]]}},{"type":"Feature","properties":{"name":"FO_361_SITARAIL_P-CITE_RAN","description":"FiberEXISTANT_AC338 SITARAIL_P-AC340 CITE_RAN","link_type":"FO","geometry_type":"LineString","vendor":"","folder":"LIEN FO2023 / EXISTANT","color":"#FF7F00","width":3.0},"geometry":{"type":"LineString","coordinates":[[-4.0256732,5.3275788],[-4.0239234,5.32264309]]}},{"type":"Feature","properties":{"name":"FO_362_SITARAIL_P-IMBLE_HEVEA","description":"FiberEXISTANT_AC338 SITARAIL_P-AC915 IMBLE_HEVEA","link_type":"FO","geometry_type":"LineString","vendor":"","folder":"LIEN FO2023 / EXISTANT","color":"#FF7F00","width":3.0},"geometry":{"type":"LineString","coordinates":[[-4.0256732,5.3275788],[-4.02294,5.32863]]}},{"type":"Feature","properties":{"name":"FO_363_INSAC-CAMPUS","description":"FiberEXISTANT_AC344 INSAC-AC102 CAMPUS","link_type":"FO","geometry_type":"LineString","vendor":"","folder":"LIEN FO2023 / EXISTANT","color":"#FF7F00","width":3.0},"geometry":{"type":"LineString","coordinates":[[-3.9969025,5.34877368],[-3.9883719,5.34156942]]}},{"type":"Feature","properties":{"name":"FO_364_ALLABRA-BONOUMIN","description":"FiberEXISTANT_AC347 ALLABRA-AC114 BONOUMIN","link_type":"FO","geometry_type":"LineString","vendor":"","folder":"LIEN FO2023 / EXISTANT","color":"#FF7F00","width":3.0},"geometry":{"type":"LineString","coordinates":[[-3.9643558,5.35166594],[-3.966316,5.35863674]]}},{"type":"Feature","properties":{"name":"FO_365_FACE_DT-ALLABRA","description":"FiberEXISTANT_AC348 FACE_DT-AC347 ALLABRA","link_type":"FO","geometry_type":"LineString","vendor":"","folder":"LIEN FO2023 / EXISTANT","color":"#FF7F00","width":3.0},"geometry":{"type":"LineString","coordinates":[[-3.9613319,5.34545659],[-3.9643558,5.35166594]]}},{"type":"Feature","properties":{"name":"FO_366_SOLBENI-BEVERLY","description":"FiberEXISTANT_AC349 SOLBENI-AC065 BEVERLY","link_type":"FO","geometry_type":"LineString","vendor":"","folder":"LIEN FO2023 / EXISTANT","color":"#FF7F00","width":3.0},"geometry":{"type":"LineString","coordinates":[[-3.9581841,5.32917097],[-3.9450847,5.33166965]]}},{"type":"Feature","properties":{"name":"FO_367_ENA-GRACES","description":"FiberEXISTANT_AC355 ENA-AC076 GRACES","link_type":"FO","geometry_type":"LineString","vendor":"","folder":"LIEN FO2023 / EXISTANT","color":"#FF7F00","width":3.0},"geometry":{"type":"LineString","coordinates":[[-3.9979713,5.36227637],[-4.00676,5.36905]]}},{"type":"Feature","properties":{"name":"FO_368_ANDRE_MALRAUD-ATTOBAN","description":"FiberEXISTANT_AC356 ANDRE_MALRAUD-AC081 ATTOBAN","link_type":"FO","geometry_type":"LineString","vendor":"","folder":"LIEN FO2023 / EXISTANT","color":"#FF7F00","width":3.0},"geometry":{"type":"LineString","coordinates":[[-3.9782327,5.35558766],[-3.97829,5.36289]]}},{"type":"Feature","properties":{"name":"FO_369_RD_POINT_PALMERAIE-ARDOISE","description":"FiberEXISTANT_AC357 RD_POINT_PALMERAIE-AC064 ARDOISE","link_type":"FO","geometry_type":"LineString","vendor":"","folder":"LIEN FO2023 / EXISTANT","color":"#FF7F00","width":3.0},"geometry":{"type":"LineString","coordinates":[[-3.9602525,5.36505937],[-3.954969,5.35088465]]}},{"type":"Feature","properties":{"name":"FO_370_RD_POINT_PALMERAIE-AVICENNE","description":"FiberEXISTANT_AC357 RD_POINT_PALMERAIE-AC359 AVICENNE","link_type":"FO","geometry_type":"LineString","vendor":"","folder":"LIEN FO2023 / EXISTANT","color":"#FF7F00","width":3.0},"geometry":{"type":"LineString","coordinates":[[-3.9602525,5.36505937],[-3.9578898,5.37202794]]}},{"type":"Feature","properties":{"name":"FO_371_DIVIN_AMOUR-ROSIER_4","description":"FiberEXISTANT_AC358 DIVIN_AMOUR-AC632 ROSIER_4","link_type":"FO","geometry_type":"LineString","vendor":"","folder":"LIEN FO2023 / EXISTANT","color":"#FF7F00","width":3.0},"geometry":{"type":"LineString","coordinates":[[-3.9511086,5.38136423],[-3.96071,5.38479]]}},{"type":"Feature","properties":{"name":"FO_372_SOLEIL-DJIBI","description":"FiberEXISTANT_AC363 SOLEIL-AC061 DJIBI","link_type":"FO","geometry_type":"LineString","vendor":"","folder":"LIEN FO2023 / EXISTANT","color":"#FF7F00","width":3.0},"geometry":{"type":"LineString","coordinates":[[-3.977344,5.395479],[-3.9786228,5.40206133]]}},{"type":"Feature","properties":{"name":"FO_373_STAR_2-MAHOU","description":"FiberEXISTANT_AC365 STAR_2-AC685 MAHOU","link_type":"FO","geometry_type":"LineString","vendor":"","folder":"LIEN FO2023 / EXISTANT","color":"#FF7F00","width":3.0},"geometry":{"type":"LineString","coordinates":[[-3.9875344,5.40432629],[-3.99729,5.3994]]}},{"type":"Feature","properties":{"name":"FO_374_PAPAYER-AMBASSADE_USA","description":"FiberEXISTANT_AC367 PAPAYER-AC722 AMBASSADE_USA","link_type":"FO","geometry_type":"LineString","vendor":"","folder":"LIEN FO2023 / EXISTANT","color":"#FF7F00","width":3.0},"geometry":{"type":"LineString","coordinates":[[-3.9808596,5.33335937],[-3.969105,5.33589258]]}},{"type":"Feature","properties":{"name":"FO_375_ARCADES-CITE_DON_MELO","description":"FiberEXISTANT_AC368 ARCADES-AC684 CITE_DON_MELO","link_type":"FO","geometry_type":"LineString","vendor":"","folder":"LIEN FO2023 / EXISTANT","color":"#FF7F00","width":3.0},"geometry":{"type":"LineString","coordinates":[[-3.9763109,5.40681378],[-3.974,5.40947]]}},{"type":"Feature","properties":{"name":"FO_376_CAFEIER-ABOBO_LOBAD","description":"FiberEXISTANT_AC370 CAFEIER-ET003 ABOBO_LOBAD","link_type":"FO","geometry_type":"LineString","vendor":"","folder":"LIEN FO2023 / EXISTANT","color":"#FF7F00","width":3.0},"geometry":{"type":"LineString","coordinates":[[-3.98409,5.41273],[-3.9949,5.4101]]}},{"type":"Feature","properties":{"name":"FO_377_PLAQUE-PHARM_KENEDY","description":"FiberEXISTANT_AC379 PLAQUE-AC384 PHARM_KENEDY","link_type":"FO","geometry_type":"LineString","vendor":"","folder":"LIEN FO2023 / EXISTANT","color":"#FF7F00","width":3.0},"geometry":{"type":"LineString","coordinates":[[-4.00573,5.43233],[-4.0035982,5.42005656]]}},{"type":"Feature","properties":{"name":"FO_378_PHARM_KENEDY-ABOBOTE","description":"FiberEXISTANT_AC384 PHARM_KENEDY-AC057 ABOBOTE","link_type":"FO","geometry_type":"LineString","vendor":"","folder":"LIEN FO2023 / EXISTANT","color":"#FF7F00","width":3.0},"geometry":{"type":"LineString","coordinates":[[-4.0035982,5.42005656],[-4.0046572,5.41094636]]}},{"type":"Feature","properties":{"name":"FO_379_MARC_POSTE-VIGA","description":"FiberEXISTANT_AC394 MARC_POSTE-AC410 VIGA","link_type":"FO","geometry_type":"LineString","vendor":"","folder":"LIEN FO2023 / EXISTANT","color":"#FF7F00","width":3.0},"geometry":{"type":"LineString","coordinates":[[-3.986529,5.30638654],[-3.9955245,5.31122033]]}},{"type":"Feature","properties":{"name":"FO_380_MARC_GROUP-ST_THERESE","description":"FiberEXISTANT_AC395 MARC_GROUP-AC008 ST_THERESE","link_type":"FO","geometry_type":"LineString","vendor":"","folder":"LIEN FO2023 / EXISTANT","color":"#FF7F00","width":3.0},"geometry":{"type":"LineString","coordinates":[[-3.980275,5.30228889],[-3.9724401,5.2989194]]}},{"type":"Feature","properties":{"name":"FO_381_MARC_GROUP-MARC_POSTE","description":"FiberEXISTANT_AC395 MARC_GROUP-AC394 MARC_POSTE","link_type":"FO","geometry_type":"LineString","vendor":"","folder":"LIEN FO2023 / EXISTANT","color":"#FF7F00","width":3.0},"geometry":{"type":"LineString","coordinates":[[-3.980275,5.30228889],[-3.986529,5.30638654]]}},{"type":"Feature","properties":{"name":"FO_382_MERCEDES-SODIREP","description":"FiberEXISTANT_AC405 MERCEDES-AC012 SODIREP","link_type":"FO","geometry_type":"LineString","vendor":"","folder":"LIEN FO2023 / EXISTANT","color":"#FF7F00","width":3.0},"geometry":{"type":"LineString","coordinates":[[-3.97651,5.28537],[-3.9802216,5.28939155]]}},{"type":"Feature","properties":{"name":"FO_383_MERCEDES-KOUM_GRD_CARR","description":"FiberEXISTANT_AC405 MERCEDES-AC918 KOUM_GRD_CARR","link_type":"FO","geometry_type":"LineString","vendor":"","folder":"LIEN FO2023 / EXISTANT","color":"#FF7F00","width":3.0},"geometry":{"type":"LineString","coordinates":[[-3.97651,5.28537],[-3.97008,5.28685]]}},{"type":"Feature","properties":{"name":"FO_384_SIMAT-CITE_PORT","description":"FiberEXISTANT_AC409 SIMAT-AC001 CITE_PORT","link_type":"FO","geometry_type":"LineString","vendor":"","folder":"LIEN FO2023 / EXISTANT","color":"#FF7F00","width":3.0},"geometry":{"type":"LineString","coordinates":[[-4.0095318,5.26807031],[-4.00509,5.2877]]}},{"type":"Feature","properties":{"name":"FO_385_SIMAT-GESTOCI","description":"FiberEXISTANT_AC409 SIMAT-AC094 GESTOCI","link_type":"FO","geometry_type":"LineString","vendor":"","folder":"LIEN FO2023 / EXISTANT","color":"#FF7F00","width":3.0},"geometry":{"type":"LineString","coordinates":[[-4.0095318,5.26807031],[-3.9985356,5.26438856]]}},{"type":"Feature","properties":{"name":"FO_386_BIETRY-MERCEDES","description":"FiberEXISTANT_AC417 BIETRY-AC405 MERCEDES","link_type":"FO","geometry_type":"LineString","vendor":"","folder":"LIEN FO2023 / EXISTANT","color":"#FF7F00","width":3.0},"geometry":{"type":"LineString","coordinates":[[-3.9745196,5.27842865],[-3.97651,5.28537]]}},{"type":"Feature","properties":{"name":"FO_387_FERKE2-TAFIRE","description":"FiberEXISTANT_AC437 FERKE2-AC253 TAFIRE","link_type":"FO","geometry_type":"LineString","vendor":"","folder":"LIEN FO2023 / EXISTANT","color":"#FF7F00","width":3.0},"geometry":{"type":"LineString","coordinates":[[-5.2716,9.296],[-5.1705,9.0675]]}},{"type":"Feature","properties":{"name":"FO_388_BOTRO-DIABO","description":"FiberEXISTANT_AC448 BOTRO-AC294 DIABO","link_type":"FO","geometry_type":"LineString","vendor":"","folder":"LIEN FO2023 / EXISTANT","color":"#FF7F00","width":3.0},"geometry":{"type":"LineString","coordinates":[[-5.30758,7.83159],[-5.175443,7.787822]]}},{"type":"Feature","properties":{"name":"FO_389_GONATE-DAL_BSC","description":"FiberEXISTANT_AC490 GONATE-AC904 DAL_BSC","link_type":"FO","geometry_type":"LineString","vendor":"","folder":"LIEN FO2023 / EXISTANT","color":"#FF7F00","width":3.0},"geometry":{"type":"LineString","coordinates":[[-6.2417,6.9093],[-6.429886,6.880981]]}},{"type":"Feature","properties":{"name":"FO_390_YACOLI-YABAYO","description":"FiberEXISTANT_AC499 YACOLI-AC148 YABAYO","link_type":"FO","geometry_type":"LineString","vendor":"","folder":"LIEN FO2023 / EXISTANT","color":"#FF7F00","width":3.0},"geometry":{"type":"LineString","coordinates":[[-6.5116,5.9642],[-6.601,5.9524]]}},{"type":"Feature","properties":{"name":"FO_391_YACOLI-SOUBRE","description":"FiberEXISTANT_AC499 YACOLI-AC149 SOUBRE","link_type":"FO","geometry_type":"LineString","vendor":"","folder":"LIEN FO2023 / EXISTANT","color":"#FF7F00","width":3.0},"geometry":{"type":"LineString","coordinates":[[-6.5116,5.9642],[-6.5955,5.7844]]}},{"type":"Feature","properties":{"name":"FO_392_NZIANOUA-ELIBOU","description":"FiberEXISTANT_AC525 NZIANOUA-AC223 ELIBOU","link_type":"FO","geometry_type":"LineString","vendor":"","folder":"LIEN FO2023 / EXISTANT","color":"#FF7F00","width":3.0},"geometry":{"type":"LineString","coordinates":[[-4.823203,6.023421],[-4.5058902,5.68891476]]}},{"type":"Feature","properties":{"name":"FO_393_YOCOBOUE-GD_LAHOU","description":"FiberEXISTANT_AC529 YOCOBOUE-AC163 GD_LAHOU","link_type":"FO","geometry_type":"LineString","vendor":"","folder":"LIEN FO2023 / EXISTANT","color":"#FF7F00","width":3.0},"geometry":{"type":"LineString","coordinates":[[-5.10925,5.27539],[-5.0072633,5.25685571]]}},{"type":"Feature","properties":{"name":"FO_394_GD_LAHOU-IROBO","description":"FiberEXISTANT_AC163 GD_LAHOU-AC522 IROBO","link_type":"FO","geometry_type":"LineString","vendor":"","folder":"LIEN FO2023 / EXISTANT","color":"#FF7F00","width":3.0},"geometry":{"type":"LineString","coordinates":[[-5.0072633,5.25685571],[-4.7979963,5.28332763]]}},{"type":"Feature","properties":{"name":"FO_395_OUANGOLODOUGOU-DIAWALA","description":"FiberEXISTANT_AC588 OUANGOLODOUGOU-AC216 DIAWALA","link_type":"FO","geometry_type":"LineString","vendor":"","folder":"LIEN FO2023 / EXISTANT","color":"#FF7F00","width":3.0},"geometry":{"type":"LineString","coordinates":[[-5.1587,9.959],[-5.4715,10.1106]]}},{"type":"Feature","properties":{"name":"FO_396_OUANGOLODOUGOU-LALERABA","description":"FiberEXISTANT_AC588 OUANGOLODOUGOU-ET482 LALERABA","link_type":"FO","geometry_type":"LineString","vendor":"","folder":"LIEN FO2023 / EXISTANT","color":"#FF7F00","width":3.0},"geometry":{"type":"LineString","coordinates":[[-5.1587,9.959],[-5.074782,10.159515]]}},{"type":"Feature","properties":{"name":"FO_397_BKE_UNIVERSITE-BKE_POINT_CARRE","description":"FiberEXISTANT_AC597 BKE_UNIVERSITE-AC602 BKE_POINT_CARRE","link_type":"FO","geometry_type":"LineString","vendor":"","folder":"LIEN FO2023 / EXISTANT","color":"#FF7F00","width":3.0},"geometry":{"type":"LineString","coordinates":[[-5.0667,7.687],[-5.0404,7.6816]]}},{"type":"Feature","properties":{"name":"FO_398_BKE_SECRETARIAT_FN-BKE_DJEZOU","description":"FiberEXISTANT_AC599 BKE_SECRETARIAT_FN-AC240 BKE_DJEZOU","link_type":"FO","geometry_type":"LineString","vendor":"","folder":"LIEN FO2023 / EXISTANT","color":"#FF7F00","width":3.0},"geometry":{"type":"LineString","coordinates":[[-5.0412,7.7061],[-5.0544,7.7058]]}},{"type":"Feature","properties":{"name":"FO_399_BKE_SECRETARIAT_FN-BKE_CARREFOUR_ATTO","description":"FiberEXISTANT_AC599 BKE_SECRETARIAT_FN-AC603 BKE_CARREFOUR_ATTO","link_type":"FO","geometry_type":"LineString","vendor":"","folder":"LIEN FO2023 / EXISTANT","color":"#FF7F00","width":3.0},"geometry":{"type":"LineString","coordinates":[[-5.0412,7.7061],[-5.0327,7.7149]]}},{"type":"Feature","properties":{"name":"FO_400_BKE_CARREFOUR_ATTO-BKE_POINT_CARRE","description":"FiberEXISTANT_AC603 BKE_CARREFOUR_ATTO-AC602 BKE_POINT_CARRE","link_type":"FO","geometry_type":"LineString","vendor":"","folder":"LIEN FO2023 / EXISTANT","color":"#FF7F00","width":3.0},"geometry":{"type":"LineString","coordinates":[[-5.0327,7.7149],[-5.0404,7.6816]]}},{"type":"Feature","properties":{"name":"FO_401_BKE_SOKOURA-BKE_BELVIL2","description":"FiberEXISTANT_AC600 BKE_SOKOURA-AC238 BKE_BELVIL2","link_type":"FO","geometry_type":"LineString","vendor":"","folder":"LIEN FO2023 / EXISTANT","color":"#FF7F00","width":3.0},"geometry":{"type":"LineString","coordinates":[[-5.0179,7.6928],[-5.0074,7.7001]]}},{"type":"Feature","properties":{"name":"FO_402_BKE_RUE_19-BKE_KENNEDY","description":"FiberEXISTANT_AC601 BKE_RUE_19-AC237 BKE_KENNEDY","link_type":"FO","geometry_type":"LineString","vendor":"","folder":"LIEN FO2023 / EXISTANT","color":"#FF7F00","width":3.0},"geometry":{"type":"LineString","coordinates":[[-5.0191,7.6817],[-5.0055,7.6833]]}},{"type":"Feature","properties":{"name":"FO_403_BKE_CORRIDOR_ND-KATIOLA","description":"FiberEXISTANT_AC610 BKE_CORRIDOR_ND-AC245 KATIOLA","link_type":"FO","geometry_type":"LineString","vendor":"","folder":"LIEN FO2023 / EXISTANT","color":"#FF7F00","width":3.0},"geometry":{"type":"LineString","coordinates":[[-5.0361,7.7456],[-5.0871,8.1349]]}},{"type":"Feature","properties":{"name":"FO_404_BKE_POINT_CARRE-BKE_RUE_19","description":"FiberEXISTANT_AC602 BKE_POINT_CARRE-AC601 BKE_RUE_19","link_type":"FO","geometry_type":"LineString","vendor":"","folder":"LIEN FO2023 / EXISTANT","color":"#FF7F00","width":3.0},"geometry":{"type":"LineString","coordinates":[[-5.0404,7.6816],[-5.0191,7.6817]]}},{"type":"Feature","properties":{"name":"FO_405_BKE_ONUCI-BKE_POINT_CARRE","description":"FiberEXISTANT_AC607 BKE_ONUCI-AC602 BKE_POINT_CARRE","link_type":"FO","geometry_type":"LineString","vendor":"","folder":"LIEN FO2023 / EXISTANT","color":"#FF7F00","width":3.0},"geometry":{"type":"LineString","coordinates":[[-5.0286,7.6611],[-5.0404,7.6816]]}},{"type":"Feature","properties":{"name":"FO_406_ABOBO_RTI-GOBELET","description":"FiberEXISTANT_AC614 ABOBO_RTI-AC073 GOBELET","link_type":"FO","geometry_type":"LineString","vendor":"","folder":"LIEN FO2023 / EXISTANT","color":"#FF7F00","width":3.0},"geometry":{"type":"LineString","coordinates":[[-4.02261,5.41716],[-3.98539,5.37296105]]}},{"type":"Feature","properties":{"name":"FO_407_ABOBO_RTI-BAD","description":"FiberEXISTANT_AC614 ABOBO_RTI-AC108 BAD","link_type":"FO","geometry_type":"LineString","vendor":"","folder":"LIEN FO2023 / EXISTANT","color":"#FF7F00","width":3.0},"geometry":{"type":"LineString","coordinates":[[-4.02261,5.41716],[-4.0232862,5.42746769]]}},{"type":"Feature","properties":{"name":"FO_408_NOVELEC-ASECNA","description":"FiberEXISTANT_AC616 NOVELEC-AC029 ASECNA","link_type":"FO","geometry_type":"LineString","vendor":"","folder":"LIEN FO2023 / EXISTANT","color":"#FF7F00","width":3.0},"geometry":{"type":"LineString","coordinates":[[-3.9506,5.29237],[-3.9359727,5.25535895]]}},{"type":"Feature","properties":{"name":"FO_409_GOLF_CLUB-MSC","description":"FiberEXISTANT_AC621 GOLF_CLUB-AC089 MSC","link_type":"FO","geometry_type":"LineString","vendor":"","folder":"LIEN FO2023 / EXISTANT","color":"#FF7F00","width":3.0},"geometry":{"type":"LineString","coordinates":[[-3.96047,5.33671],[-3.955807,5.342143]]}},{"type":"Feature","properties":{"name":"FO_410_ANOUMABO-COLOMBE","description":"FiberEXISTANT_AC622 ANOUMABO-AC025 COLOMBE","link_type":"FO","geometry_type":"LineString","vendor":"","folder":"LIEN FO2023 / EXISTANT","color":"#FF7F00","width":3.0},"geometry":{"type":"LineString","coordinates":[[-3.965611,5.307372],[-3.965031,5.29858728]]}},{"type":"Feature","properties":{"name":"FO_411_MICAO-BIC","description":"FiberEXISTANT_AC628 MICAO-AC045 BIC","link_type":"FO","geometry_type":"LineString","vendor":"","folder":"LIEN FO2023 / EXISTANT","color":"#FF7F00","width":3.0},"geometry":{"type":"LineString","coordinates":[[-4.0976,5.37986],[-4.0893288,5.36877753]]}},{"type":"Feature","properties":{"name":"FO_412_PALLIER-SOCOCE","description":"FiberEXISTANT_AC630 PALLIER-AC075 SOCOCE","link_type":"FO","geometry_type":"LineString","vendor":"","folder":"LIEN FO2023 / EXISTANT","color":"#FF7F00","width":3.0},"geometry":{"type":"LineString","coordinates":[[-4.01305,5.37765],[-3.9972825,5.37162115]]}},{"type":"Feature","properties":{"name":"FO_413_OSCAR-BETHANIE","description":"FiberEXISTANT_AC631 OSCAR-AC679 BETHANIE","link_type":"FO","geometry_type":"LineString","vendor":"","folder":"LIEN FO2023 / EXISTANT","color":"#FF7F00","width":3.0},"geometry":{"type":"LineString","coordinates":[[-3.99305,5.39282],[-3.99802,5.389]]}},{"type":"Feature","properties":{"name":"FO_414_ROSIER_4-MSC","description":"FiberEXISTANT_AC632 ROSIER_4-AC089 MSC","link_type":"FO","geometry_type":"LineString","vendor":"","folder":"LIEN FO2023 / EXISTANT","color":"#FF7F00","width":3.0},"geometry":{"type":"LineString","coordinates":[[-3.96071,5.38479],[-3.955807,5.342143]]}},{"type":"Feature","properties":{"name":"FO_415_ORLEON-CARNOT","description":"FiberEXISTANT_AC643 ORLEON-AC039 CARNOT","link_type":"FO","geometry_type":"LineString","vendor":"","folder":"LIEN FO2023 / EXISTANT","color":"#FF7F00","width":3.0},"geometry":{"type":"LineString","coordinates":[[-4.11101,5.32558],[-4.1045579,5.3211109]]}},{"type":"Feature","properties":{"name":"FO_416_CARR_ANTENNE-MARCHE_MAROC","description":"FiberEXISTANT_AC644 CARR_ANTENNE-AC664 MARCHE_MAROC","link_type":"FO","geometry_type":"LineString","vendor":"","folder":"LIEN FO2023 / EXISTANT","color":"#FF7F00","width":3.0},"geometry":{"type":"LineString","coordinates":[[-4.0975,5.33279],[-4.10514,5.33892]]}},{"type":"Feature","properties":{"name":"FO_417_LAURIER_9-BINGES","description":"FiberEXISTANT_AC648 LAURIER_9-AC015 BINGES","link_type":"FO","geometry_type":"LineString","vendor":"","folder":"LIEN FO2023 / EXISTANT","color":"#FF7F00","width":3.0},"geometry":{"type":"LineString","coordinates":[[-3.9303,5.36281],[-3.890418,5.358779]]}},{"type":"Feature","properties":{"name":"FO_418_COCO_SERVICE-ANADOR","description":"FiberEXISTANT_AC650 COCO_SERVICE-AC058 ANADOR","link_type":"FO","geometry_type":"LineString","vendor":"","folder":"LIEN FO2023 / EXISTANT","color":"#FF7F00","width":3.0},"geometry":{"type":"LineString","coordinates":[[-4.0102,5.39532],[-4.0172489,5.41175751]]}},{"type":"Feature","properties":{"name":"FO_419_NEUVIEME_TRANCHE-SOLEIL","description":"FiberEXISTANT_AC656 NEUVIEME_TRANCHE-AC363 SOLEIL","link_type":"FO","geometry_type":"LineString","vendor":"","folder":"LIEN FO2023 / EXISTANT","color":"#FF7F00","width":3.0},"geometry":{"type":"LineString","coordinates":[[-3.97665,5.3875],[-3.977344,5.395479]]}},{"type":"Feature","properties":{"name":"FO_420_LAS_PALMAS-GOBELET","description":"FiberEXISTANT_AC662 LAS_PALMAS-AC073 GOBELET","link_type":"FO","geometry_type":"LineString","vendor":"","folder":"LIEN FO2023 / EXISTANT","color":"#FF7F00","width":3.0},"geometry":{"type":"LineString","coordinates":[[-3.99464,5.38086],[-3.98539,5.37296105]]}},{"type":"Feature","properties":{"name":"FO_421_MARCHE_MAROC-CITE_VERTE","description":"FiberEXISTANT_AC664 MARCHE_MAROC-AC991 CITE_VERTE","link_type":"FO","geometry_type":"LineString","vendor":"","folder":"LIEN FO2023 / EXISTANT","color":"#FF7F00","width":3.0},"geometry":{"type":"LineString","coordinates":[[-4.10514,5.33892],[-4.1148,5.3298]]}},{"type":"Feature","properties":{"name":"FO_422_ST_LOUIS-SELMER","description":"FiberEXISTANT_AC676 ST_LOUIS-AC038 SELMER","link_type":"FO","geometry_type":"LineString","vendor":"","folder":"LIEN FO2023 / EXISTANT","color":"#FF7F00","width":3.0},"geometry":{"type":"LineString","coordinates":[[-4.05843,5.34572],[-4.0634679,5.33933646]]}},{"type":"Feature","properties":{"name":"FO_423_ST_LOUIS-BSC_YOP","description":"FiberEXISTANT_AC676 ST_LOUIS-AC613 BSC_YOP","link_type":"FO","geometry_type":"LineString","vendor":"","folder":"LIEN FO2023 / EXISTANT","color":"#FF7F00","width":3.0},"geometry":{"type":"LineString","coordinates":[[-4.05843,5.34572],[-4.05034,5.34686]]}},{"type":"Feature","properties":{"name":"FO_424_PREMIER_PONT-SABLE","description":"FiberEXISTANT_AC678 PREMIER_PONT-AC080 SABLE","link_type":"FO","geometry_type":"LineString","vendor":"","folder":"LIEN FO2023 / EXISTANT","color":"#FF7F00","width":3.0},"geometry":{"type":"LineString","coordinates":[[-4.0673,5.36192],[-4.0648,5.35466]]}},{"type":"Feature","properties":{"name":"FO_425_BETHANIE-LAS_PALMAS","description":"FiberEXISTANT_AC679 BETHANIE-AC662 LAS_PALMAS","link_type":"FO","geometry_type":"LineString","vendor":"","folder":"LIEN FO2023 / EXISTANT","color":"#FF7F00","width":3.0},"geometry":{"type":"LineString","coordinates":[[-3.99802,5.389],[-3.99464,5.38086]]}},{"type":"Feature","properties":{"name":"FO_426_AGRIPAK-BAD","description":"FiberEXISTANT_AC681 AGRIPAK-AC108 BAD","link_type":"FO","geometry_type":"LineString","vendor":"","folder":"LIEN FO2023 / EXISTANT","color":"#FF7F00","width":3.0},"geometry":{"type":"LineString","coordinates":[[-4.042861,5.443639],[-4.0232862,5.42746769]]}},{"type":"Feature","properties":{"name":"FO_427_AGRIPAK-NDOTRE","description":"FiberEXISTANT_AC681 AGRIPAK-AC372 NDOTRE","link_type":"FO","geometry_type":"LineString","vendor":"","folder":"LIEN FO2023 / EXISTANT","color":"#FF7F00","width":3.0},"geometry":{"type":"LineString","coordinates":[[-4.042861,5.443639],[-4.0620001,5.44502953]]}},{"type":"Feature","properties":{"name":"FO_428_CITE_DON_MELO-ROSIER","description":"FiberEXISTANT_AC684 CITE_DON_MELO-AC062 ROSIER","link_type":"FO","geometry_type":"LineString","vendor":"","folder":"LIEN FO2023 / EXISTANT","color":"#FF7F00","width":3.0},"geometry":{"type":"LineString","coordinates":[[-3.974,5.40947],[-3.9671664,5.38285856]]}},{"type":"Feature","properties":{"name":"FO_429_CITE_DON_MELO-CAFEIER","description":"FiberEXISTANT_AC684 CITE_DON_MELO-AC370 CAFEIER","link_type":"FO","geometry_type":"LineString","vendor":"","folder":"LIEN FO2023 / EXISTANT","color":"#FF7F00","width":3.0},"geometry":{"type":"LineString","coordinates":[[-3.974,5.40947],[-3.98409,5.41273]]}},{"type":"Feature","properties":{"name":"FO_430_MAHOU-OSCAR","description":"FiberEXISTANT_AC685 MAHOU-AC631 OSCAR","link_type":"FO","geometry_type":"LineString","vendor":"","folder":"LIEN FO2023 / EXISTANT","color":"#FF7F00","width":3.0},"geometry":{"type":"LineString","coordinates":[[-3.99729,5.3994],[-3.99305,5.39282]]}},{"type":"Feature","properties":{"name":"FO_431_PARIS_VILLAGE-FEKESSE","description":"FiberEXISTANT_AC692 PARIS_VILLAGE-AC096 FEKESSE","link_type":"FO","geometry_type":"LineString","vendor":"","folder":"LIEN FO2023 / EXISTANT","color":"#FF7F00","width":3.0},"geometry":{"type":"LineString","coordinates":[[-3.9052,5.3602],[-3.9105025,5.37380098]]}},{"type":"Feature","properties":{"name":"FO_432_MOQUEVILLE-CAFOP","description":"FiberEXISTANT_ET180 MOQUEVILLE-AC088 CAFOP","link_type":"FO","geometry_type":"LineString","vendor":"","folder":"LIEN FO2023 / EXISTANT","color":"#FF7F00","width":3.0},"geometry":{"type":"LineString","coordinates":[[-3.765172,5.225132],[-3.7420314,5.21722934]]}},{"type":"Feature","properties":{"name":"FO_433_TIENGARA-FERKE_RESIDENTIEL","description":"FiberEXISTANT_AC695 TIENGARA-AC936 FERKE_RESIDENTIEL","link_type":"FO","geometry_type":"LineString","vendor":"","folder":"LIEN FO2023 / EXISTANT","color":"#FF7F00","width":3.0},"geometry":{"type":"LineString","coordinates":[[-5.23718,9.39737],[-5.20901,9.57878]]}},{"type":"Feature","properties":{"name":"FO_434_CARREFOUR_CHU-PHOENIX","description":"FiberEXISTANT_AC703 CARREFOUR_CHU-AC097 PHOENIX","link_type":"FO","geometry_type":"LineString","vendor":"","folder":"LIEN FO2023 / EXISTANT","color":"#FF7F00","width":3.0},"geometry":{"type":"LineString","coordinates":[[-4.0803948,5.35860881],[-4.0758911,5.34800702]]}},{"type":"Feature","properties":{"name":"FO_435_MISSION_EPHRATA-DIVIN_AMOUR","description":"FiberEXISTANT_AC719 MISSION_EPHRATA-AC358 DIVIN_AMOUR","link_type":"FO","geometry_type":"LineString","vendor":"","folder":"LIEN FO2023 / EXISTANT","color":"#FF7F00","width":3.0},"geometry":{"type":"LineString","coordinates":[[-3.9339,5.38186],[-3.9511086,5.38136423]]}},{"type":"Feature","properties":{"name":"FO_436_CITE_CIE-CITE_ATCI","description":"FiberEXISTANT_AC721 CITE_CIE-AC615 CITE_ATCI","link_type":"FO","geometry_type":"LineString","vendor":"","folder":"LIEN FO2023 / EXISTANT","color":"#FF7F00","width":3.0},"geometry":{"type":"LineString","coordinates":[[-3.9536725,5.35868371],[-3.94394,5.35904]]}},{"type":"Feature","properties":{"name":"FO_437_AMBASSADE_USA-ANONO","description":"FiberEXISTANT_AC722 AMBASSADE_USA-AC067 ANONO","link_type":"FO","geometry_type":"LineString","vendor":"","folder":"LIEN FO2023 / EXISTANT","color":"#FF7F00","width":3.0},"geometry":{"type":"LineString","coordinates":[[-3.969105,5.33589258],[-3.9762727,5.34880687]]}},{"type":"Feature","properties":{"name":"FO_438_AMBASSADE_USA-POLICE","description":"FiberEXISTANT_AC722 AMBASSADE_USA-AC068 POLICE","link_type":"FO","geometry_type":"LineString","vendor":"","folder":"LIEN FO2023 / EXISTANT","color":"#FF7F00","width":3.0},"geometry":{"type":"LineString","coordinates":[[-3.969105,5.33589258],[-3.9906139,5.35527831]]}},{"type":"Feature","properties":{"name":"FO_439_AMBASSADE_USA-MSC","description":"FiberEXISTANT_AC722 AMBASSADE_USA-AC089 MSC","link_type":"FO","geometry_type":"LineString","vendor":"","folder":"LIEN FO2023 / EXISTANT","color":"#FF7F00","width":3.0},"geometry":{"type":"LineString","coordinates":[[-3.969105,5.33589258],[-3.955807,5.342143]]}},{"type":"Feature","properties":{"name":"FO_440_AMBASSADE_USA-SOLBENI","description":"FiberEXISTANT_AC722 AMBASSADE_USA-AC349 SOLBENI","link_type":"FO","geometry_type":"LineString","vendor":"","folder":"LIEN FO2023 / EXISTANT","color":"#FF7F00","width":3.0},"geometry":{"type":"LineString","coordinates":[[-3.969105,5.33589258],[-3.9581841,5.32917097]]}},{"type":"Feature","properties":{"name":"FO_441_ABOBO_BAOULE-CITE_DON_MELO","description":"FiberEXISTANT_AC728 ABOBO_BAOULE-AC684 CITE_DON_MELO","link_type":"FO","geometry_type":"LineString","vendor":"","folder":"LIEN FO2023 / EXISTANT","color":"#FF7F00","width":3.0},"geometry":{"type":"LineString","coordinates":[[-3.9939888,5.42171864],[-3.974,5.40947]]}},{"type":"Feature","properties":{"name":"FO_442_PETIT_YAPO-LYCEE","description":"FiberEXISTANT_AC755 PETIT_YAPO-AC193 LYCEE","link_type":"FO","geometry_type":"LineString","vendor":"","folder":"LIEN FO2023 / EXISTANT","color":"#FF7F00","width":3.0},"geometry":{"type":"LineString","coordinates":[[-4.143,5.80293],[-4.1973,5.9351]]}},{"type":"Feature","properties":{"name":"FO_443_NV_AKOUEDO-CITE_ATCI","description":"FiberEXISTANT_AC916 NV_AKOUEDO-AC615 CITE_ATCI","link_type":"FO","geometry_type":"LineString","vendor":"","folder":"LIEN FO2023 / EXISTANT","color":"#FF7F00","width":3.0},"geometry":{"type":"LineString","coordinates":[[-3.94197,5.36643],[-3.94394,5.35904]]}},{"type":"Feature","properties":{"name":"FO_444_NV_AKOUEDO-LAURIER_9","description":"FiberEXISTANT_AC916 NV_AKOUEDO-AC648 LAURIER_9","link_type":"FO","geometry_type":"LineString","vendor":"","folder":"LIEN FO2023 / EXISTANT","color":"#FF7F00","width":3.0},"geometry":{"type":"LineString","coordinates":[[-3.94197,5.36643],[-3.9303,5.36281]]}},{"type":"Feature","properties":{"name":"FO_445_KOUM_GRD_CARR-TENDENCE","description":"FiberEXISTANT_AC918 KOUM_GRD_CARR-AC020 TENDENCE","link_type":"FO","geometry_type":"LineString","vendor":"","folder":"LIEN FO2023 / EXISTANT","color":"#FF7F00","width":3.0},"geometry":{"type":"LineString","coordinates":[[-3.97008,5.28685],[-3.9720041,5.29130399]]}},{"type":"Feature","properties":{"name":"FO_446_FERKE_RESIDENTIEL-FERKE_RESIDENTIEL2","description":"FiberEXISTANT_AC936 FERKE_RESIDENTIEL-AC942 FERKE_RESIDENTIEL2","link_type":"FO","geometry_type":"LineString","vendor":"","folder":"LIEN FO2023 / EXISTANT","color":"#FF7F00","width":3.0},"geometry":{"type":"LineString","coordinates":[[-5.20901,9.57878],[-5.18509,9.61507]]}},{"type":"Feature","properties":{"name":"FO_447_FERKE_RESIDENTIEL2-OUANGOLODOUGOU","description":"FiberEXISTANT_AC942 FERKE_RESIDENTIEL2-AC588 OUANGOLODOUGOU","link_type":"FO","geometry_type":"LineString","vendor":"","folder":"LIEN FO2023 / EXISTANT","color":"#FF7F00","width":3.0},"geometry":{"type":"LineString","coordinates":[[-5.18509,9.61507],[-5.1587,9.959]]}},{"type":"Feature","properties":{"name":"FO_448_LAKOTA_NE-GAGNOA_GARAHIO","description":"FiberEXISTANT_AC966 LAKOTA_NE-AC145 GAGNOA_GARAHIO","link_type":"FO","geometry_type":"LineString","vendor":"","folder":"LIEN FO2023 / EXISTANT","color":"#FF7F00","width":3.0},"geometry":{"type":"LineString","coordinates":[[-5.68625,5.868665],[-5.9297,6.1116]]}},{"type":"Feature","properties":{"name":"FO_449_CITE_VERTE-ORLEON","description":"FiberEXISTANT_AC991 CITE_VERTE-AC643 ORLEON","link_type":"FO","geometry_type":"LineString","vendor":"","folder":"LIEN FO2023 / EXISTANT","color":"#FF7F00","width":3.0},"geometry":{"type":"LineString","coordinates":[[-4.1148,5.3298],[-4.11101,5.32558]]}},{"type":"Feature","properties":{"name":"FO_450_CITE_VERTE-LIEVRE_ROUGE","description":"FiberEXISTANT_AC991 CITE_VERTE-AC665 LIEVRE_ROUGE","link_type":"FO","geometry_type":"LineString","vendor":"","folder":"LIEN FO2023 / EXISTANT","color":"#FF7F00","width":3.0},"geometry":{"type":"LineString","coordinates":[[-4.1148,5.3298],[-4.11306,5.3349]]}},{"type":"Feature","properties":{"name":"FO_451_ABOBO_LOBAD-ABOBO_BAOULE","description":"FiberEXISTANT_ET003 ABOBO_LOBAD-AC728 ABOBO_BAOULE","link_type":"FO","geometry_type":"LineString","vendor":"","folder":"LIEN FO2023 / EXISTANT","color":"#FF7F00","width":3.0},"geometry":{"type":"LineString","coordinates":[[-3.9949,5.4101],[-3.9939888,5.42171864]]}},{"type":"Feature","properties":{"name":"FO_452_CERCLE_RAIL-SITARAIL_P","description":"FiberEXISTANT_ET011 CERCLE_RAIL-AC338 SITARAIL_P","link_type":"FO","geometry_type":"LineString","vendor":"","folder":"LIEN FO2023 / EXISTANT","color":"#FF7F00","width":3.0},"geometry":{"type":"LineString","coordinates":[[-4.0233,5.3261],[-4.0256732,5.3275788]]}},{"type":"Feature","properties":{"name":"FO_453_CERCLE_RAIL-STADE","description":"FiberEXISTANT_ET011 CERCLE_RAIL-AC339 STADE","link_type":"FO","geometry_type":"LineString","vendor":"","folder":"LIEN FO2023 / EXISTANT","color":"#FF7F00","width":3.0},"geometry":{"type":"LineString","coordinates":[[-4.0233,5.3261],[-4.0197262,5.32749823]]}},{"type":"Feature","properties":{"name":"FO_454_NANA_YAMOUSSO-MARC_ANADER","description":"FiberEXISTANT_ET012 NANA_YAMOUSSO-AC002 MARC_ANADER","link_type":"FO","geometry_type":"LineString","vendor":"","folder":"LIEN FO2023 / EXISTANT","color":"#FF7F00","width":3.0},"geometry":{"type":"LineString","coordinates":[[-4.005167,5.306971],[-3.991722,5.29211395]]}},{"type":"Feature","properties":{"name":"FO_455_NANA_YAMOUSSO-GALAXY","description":"FiberEXISTANT_ET012 NANA_YAMOUSSO-AC003 GALAXY","link_type":"FO","geometry_type":"LineString","vendor":"","folder":"LIEN FO2023 / EXISTANT","color":"#FF7F00","width":3.0},"geometry":{"type":"LineString","coordinates":[[-4.005167,5.306971],[-4.0102192,5.30806685]]}},{"type":"Feature","properties":{"name":"FO_456_KOUM_HOTEL_ALLIANCE-AJAVON","description":"FiberEXISTANT_ET016 KOUM_HOTEL_ALLIANCE-AC023 AJAVON","link_type":"FO","geometry_type":"LineString","vendor":"","folder":"LIEN FO2023 / EXISTANT","color":"#FF7F00","width":3.0},"geometry":{"type":"LineString","coordinates":[[-3.9571,5.2935],[-3.9584727,5.28816826]]}},{"type":"Feature","properties":{"name":"FO_457_KOUM_HOTEL_ALLIANCE-NOVELEC","description":"FiberEXISTANT_ET016 KOUM_HOTEL_ALLIANCE-AC616 NOVELEC","link_type":"FO","geometry_type":"LineString","vendor":"","folder":"LIEN FO2023 / EXISTANT","color":"#FF7F00","width":3.0},"geometry":{"type":"LineString","coordinates":[[-3.9571,5.2935],[-3.9506,5.29237]]}},{"type":"Feature","properties":{"name":"FO_458_STADE_LAGUNAIRE-STADE","description":"FiberEXISTANT_ET075 STADE_LAGUNAIRE-AC339 STADE","link_type":"FO","geometry_type":"LineString","vendor":"","folder":"LIEN FO2023 / EXISTANT","color":"#FF7F00","width":3.0},"geometry":{"type":"LineString","coordinates":[[-4.01856,5.32977],[-4.0197262,5.32749823]]}},{"type":"Feature","properties":{"name":"FO_459_GARE_DE_BASSAM-MARC_ANADER","description":"FiberEXISTANT_ET079 GARE_DE_BASSAM-AC002 MARC_ANADER","link_type":"FO","geometry_type":"LineString","vendor":"","folder":"LIEN FO2023 / EXISTANT","color":"#FF7F00","width":3.0},"geometry":{"type":"LineString","coordinates":[[-4.004139,5.298611],[-3.991722,5.29211395]]}},{"type":"Feature","properties":{"name":"FO_460_ECG_BIETRY-KM","description":"FiberEXISTANT_ET082 ECG_BIETRY-AC104 KM","link_type":"FO","geometry_type":"LineString","vendor":"","folder":"LIEN FO2023 / EXISTANT","color":"#FF7F00","width":3.0},"geometry":{"type":"LineString","coordinates":[[-3.985931,5.292939],[-4.017947,5.32114245]]}},{"type":"Feature","properties":{"name":"FO_461_ECG_BIETRY-MARC_GROUP","description":"FiberEXISTANT_ET082 ECG_BIETRY-AC395 MARC_GROUP","link_type":"FO","geometry_type":"LineString","vendor":"","folder":"LIEN FO2023 / EXISTANT","color":"#FF7F00","width":3.0},"geometry":{"type":"LineString","coordinates":[[-3.985931,5.292939],[-3.980275,5.30228889]]}},{"type":"Feature","properties":{"name":"FO_462_VITIB-CAFOP","description":"FiberEXISTANT_ET347 VITIB-AC088 CAFOP","link_type":"FO","geometry_type":"LineString","vendor":"","folder":"LIEN FO2023 / EXISTANT","color":"#FF7F00","width":3.0},"geometry":{"type":"LineString","coordinates":[[-3.749528,5.224487],[-3.7420314,5.21722934]]}},{"type":"Feature","properties":{"name":"FO_463_ASECNA-VITIB","description":"FiberEXISTANT_AC029 ASECNA-ET347 VITIB","link_type":"FO","geometry_type":"LineString","vendor":"","folder":"LIEN FO2023 / EXISTANT","color":"#FF7F00","width":3.0},"geometry":{"type":"LineString","coordinates":[[-3.9359727,5.25535895],[-3.749528,5.224487]]}},{"type":"Feature","properties":{"name":"FO_464_ASECNA-ADJOUFOU","description":"FiberEXISTANT_AC029 ASECNA-AC030 ADJOUFOU","link_type":"FO","geometry_type":"LineString","vendor":"","folder":"LIEN FO2023 / EXISTANT","color":"#FF7F00","width":3.0},"geometry":{"type":"LineString","coordinates":[[-3.9359727,5.25535895],[-3.9183603,5.2437256]]}},{"type":"Feature","properties":{"name":"FO_465_ADJOUFOU-GONZAG","description":"FiberEXISTANT_AC030 ADJOUFOU-AC031 GONZAG","link_type":"FO","geometry_type":"LineString","vendor":"","folder":"LIEN FO2023 / EXISTANT","color":"#FF7F00","width":3.0},"geometry":{"type":"LineString","coordinates":[[-3.9183603,5.2437256],[-3.8988588,5.24194484]]}},{"type":"Feature","properties":{"name":"FO_466_GONZAG-ESCALE","description":"FiberEXISTANT_AC031 GONZAG-AC106 ESCALE","link_type":"FO","geometry_type":"LineString","vendor":"","folder":"LIEN FO2023 / EXISTANT","color":"#FF7F00","width":3.0},"geometry":{"type":"LineString","coordinates":[[-3.8988588,5.24194484],[-3.8431795,5.22394929]]}},{"type":"Feature","properties":{"name":"FO_467_TT_ROUGE-ORNELLA","description":"FiberEXISTANT_AC036 TT_ROUGE-AC049 ORNELLA","link_type":"FO","geometry_type":"LineString","vendor":"","folder":"LIEN FO2023 / EXISTANT","color":"#FF7F00","width":3.0},"geometry":{"type":"LineString","coordinates":[[-4.049387,5.33210657],[-4.0912814,5.31966928]]}},{"type":"Feature","properties":{"name":"FO_468_BIC-PMI","description":"FiberEXISTANT_AC045 BIC-AC320 PMI","link_type":"FO","geometry_type":"LineString","vendor":"","folder":"LIEN FO2023 / EXISTANT","color":"#FF7F00","width":3.0},"geometry":{"type":"LineString","coordinates":[[-4.0893288,5.36877753],[-4.07993,5.34365]]}},{"type":"Feature","properties":{"name":"FO_469_ORNELLA-CARR_ANTENNE","description":"FiberEXISTANT_AC049 ORNELLA-AC644 CARR_ANTENNE","link_type":"FO","geometry_type":"LineString","vendor":"","folder":"LIEN FO2023 / EXISTANT","color":"#FF7F00","width":3.0},"geometry":{"type":"LineString","coordinates":[[-4.0912814,5.31966928],[-4.0975,5.33279]]}},{"type":"Feature","properties":{"name":"FO_470_ANYAMA-EGLISE","description":"FiberEXISTANT_AC085 ANYAMA-AC086 EGLISE","link_type":"FO","geometry_type":"LineString","vendor":"","folder":"LIEN FO2023 / EXISTANT","color":"#FF7F00","width":3.0},"geometry":{"type":"LineString","coordinates":[[-4.0548144,5.47527046],[-4.0501365,5.49455354]]}},{"type":"Feature","properties":{"name":"FO_471_ANYAMA-PK18_SICOGI","description":"FiberEXISTANT_AC085 ANYAMA-AC638 PK18_SICOGI","link_type":"FO","geometry_type":"LineString","vendor":"","folder":"LIEN FO2023 / EXISTANT","color":"#FF7F00","width":3.0},"geometry":{"type":"LineString","coordinates":[[-4.0548144,5.47527046],[-4.04935,5.45777]]}},{"type":"Feature","properties":{"name":"FO_472_PMI-BSC_YOP","description":"FiberEXISTANT_AC320 PMI-AC613 BSC_YOP","link_type":"FO","geometry_type":"LineString","vendor":"","folder":"LIEN FO2023 / EXISTANT","color":"#FF7F00","width":3.0},"geometry":{"type":"LineString","coordinates":[[-4.07993,5.34365],[-4.05034,5.34686]]}},{"type":"Feature","properties":{"name":"FO_473_PHARM_KENEDY-ABOBO_BAOULE","description":"FiberEXISTANT_AC384 PHARM_KENEDY-AC728 ABOBO_BAOULE","link_type":"FO","geometry_type":"LineString","vendor":"","folder":"LIEN FO2023 / EXISTANT","color":"#FF7F00","width":3.0},"geometry":{"type":"LineString","coordinates":[[-4.0035982,5.42005656],[-3.9939888,5.42171864]]}},{"type":"Feature","properties":{"name":"FO_474_PK18_SICOGI-AGRIPAK","description":"FiberEXISTANT_AC638 PK18_SICOGI-AC681 AGRIPAK","link_type":"FO","geometry_type":"LineString","vendor":"","folder":"LIEN FO2023 / EXISTANT","color":"#FF7F00","width":3.0},"geometry":{"type":"LineString","coordinates":[[-4.04935,5.45777],[-4.042861,5.443639]]}},{"type":"Feature","properties":{"name":"FO_475_ARTISANAL-ESCALE","description":"FiberEXISTANT_AC693 ARTISANAL-AC106 ESCALE","link_type":"FO","geometry_type":"LineString","vendor":"","folder":"LIEN FO2023 / EXISTANT","color":"#FF7F00","width":3.0},"geometry":{"type":"LineString","coordinates":[[-3.7601,5.20969],[-3.8431795,5.22394929]]}},{"type":"Feature","properties":{"name":"FO_476_BONOUA-CAFOP","description":"FiberEXISTANT_AC165 BONOUA-AC088 CAFOP","link_type":"FO","geometry_type":"LineString","vendor":"","folder":"LIEN FO2023 / EXISTANT","color":"#FF7F00","width":3.0},"geometry":{"type":"LineString","coordinates":[[-3.596196,5.264682],[-3.7420314,5.21722934]]}},{"type":"Feature","properties":{"name":"FO_477_BONOUA_CELESTE-SAMO","description":"FiberEXISTANT_AC955 BONOUA_CELESTE-ET483 SAMO","link_type":"FO","geometry_type":"LineString","vendor":"","folder":"LIEN FO2023 / EXISTANT","color":"#FF7F00","width":3.0},"geometry":{"type":"LineString","coordinates":[[-3.58662,5.27187],[-3.511526,5.288519]]}},{"type":"Feature","properties":{"name":"FO_478_SAMO-KOUAKRO_CIT","description":"FiberEXISTANT_ET483 SAMO-AC256 KOUAKRO_CIT","link_type":"FO","geometry_type":"LineString","vendor":"","folder":"LIEN FO2023 / EXISTANT","color":"#FF7F00","width":3.0},"geometry":{"type":"LineString","coordinates":[[-3.511526,5.288519],[-3.4905582,5.28499696]]}},{"type":"Feature","properties":{"name":"FO_479_SAMO-KOUAKRO_CIT","description":"FiberEXISTANT_ET483 SAMO-AC256 KOUAKRO_CIT","link_type":"FO","geometry_type":"LineString","vendor":"","folder":"LIEN FO2023 / EXISTANT","color":"#FF7F00","width":3.0},"geometry":{"type":"LineString","coordinates":[[-3.511526,5.288519],[-3.4905582,5.28499696]]}},{"type":"Feature","properties":{"name":"FO_480_KACOUKRO-SAMO","description":"FiberEXISTANT_AC738 KACOUKRO-ET483 SAMO","link_type":"FO","geometry_type":"LineString","vendor":"","folder":"LIEN FO2023 / EXISTANT","color":"#FF7F00","width":3.0},"geometry":{"type":"LineString","coordinates":[[-3.44379,5.35648],[-3.511526,5.288519]]}},{"type":"Feature","properties":{"name":"FO_481_NZIKRO-KACOUKRO","description":"FiberEXISTANT_AC547 NZIKRO-AC738 KACOUKRO","link_type":"FO","geometry_type":"LineString","vendor":"","folder":"LIEN FO2023 / EXISTANT","color":"#FF7F00","width":3.0},"geometry":{"type":"LineString","coordinates":[[-3.40521,5.39312],[-3.44379,5.35648]]}},{"type":"Feature","properties":{"name":"FO_482_DIATOKRO-NZIKRO","description":"FiberEXISTANT_ET484 DIATOKRO-AC547 NZIKRO","link_type":"FO","geometry_type":"LineString","vendor":"","folder":"LIEN FO2023 / EXISTANT","color":"#FF7F00","width":3.0},"geometry":{"type":"LineString","coordinates":[[-3.33703,5.40628],[-3.40521,5.39312]]}},{"type":"Feature","properties":{"name":"FO_483_ADAOU-DIATOKRO","description":"FiberEXISTANT_AC548 ADAOU-ET484 DIATOKRO","link_type":"FO","geometry_type":"LineString","vendor":"","folder":"LIEN FO2023 / EXISTANT","color":"#FF7F00","width":3.0},"geometry":{"type":"LineString","coordinates":[[-3.2653996,5.42569748],[-3.33703,5.40628]]}},{"type":"Feature","properties":{"name":"FO_484_ECG_BIETRY-ACACIAS","description":"FiberEXISTANT_ET082 ECG_BIETRY-AC016 ACACIAS","link_type":"FO","geometry_type":"LineString","vendor":"","folder":"LIEN FO2023 / EXISTANT","color":"#FF7F00","width":3.0},"geometry":{"type":"LineString","coordinates":[[-3.985931,5.292939],[-4.0204993,5.32569697]]}},{"type":"Feature","properties":{"name":"FO_485_TOUMODI-YAM_BSC","description":"FiberEXISTANT_AC115 TOUMODI-AC611 YAM_BSC","link_type":"FO","geometry_type":"LineString","vendor":"","folder":"LIEN FO2023 / EXISTANT","color":"#FF7F00","width":3.0},"geometry":{"type":"LineString","coordinates":[[-5.0193,6.5581],[-5.2427,6.7939]]}},{"type":"Feature","properties":{"name":"FO_486_MODESTE-ESCALE","description":"FiberEXISTANT_ET377 MODESTE-AC106 ESCALE","link_type":"FO","geometry_type":"LineString","vendor":"","folder":"LIEN FO2023 / EXISTANT","color":"#FF7F00","width":3.0},"geometry":{"type":"LineString","coordinates":[[-3.83703,5.231587],[-3.8431795,5.22394929]]}},{"type":"Feature","properties":{"name":"FO_487_MAN_2-LOGOUALE","description":"FiberEXISTANT_AC941 MAN_2-AC425 LOGOUALE","link_type":"FO","geometry_type":"LineString","vendor":"","folder":"LIEN FO2023 / EXISTANT","color":"#FF7F00","width":3.0},"geometry":{"type":"LineString","coordinates":[[-7.54718,7.39064],[-7.5494,7.1136]]}},{"type":"Feature","properties":{"name":"FO_488_KOUM_GRD_CARR-DHL","description":"FiberEXISTANT_AC918 KOUM_GRD_CARR-AC105 DHL","link_type":"FO","geometry_type":"LineString","vendor":"","folder":"LIEN FO2023 / EXISTANT","color":"#FF7F00","width":3.0},"geometry":{"type":"LineString","coordinates":[[-3.97008,5.28685],[-3.9788136,5.29495659]]}},{"type":"Feature","properties":{"name":"FO_489_LOGOUALE-DUEKOUE_CENTRE","description":"FiberEXISTANT_AC425 LOGOUALE-AC205 DUEKOUE_CENTRE","link_type":"FO","geometry_type":"LineString","vendor":"","folder":"LIEN FO2023 / EXISTANT","color":"#FF7F00","width":3.0},"geometry":{"type":"LineString","coordinates":[[-7.5494,7.1136],[-7.3373,6.7311]]}},{"type":"Feature","properties":{"name":"FO_490_ABATA_VILLAGE-ABATA","description":"FiberEXISTANT_ET065 ABATA_VILLAGE-AC716 ABATA","link_type":"FO","geometry_type":"LineString","vendor":"","folder":"LIEN FO2023 / EXISTANT","color":"#FF7F00","width":3.0},"geometry":{"type":"LineString","coordinates":[[-3.9171111,5.33722222],[-3.92,5.34645]]}},{"type":"Feature","properties":{"name":"FO_491_DUEKOUE_CENTRE-ZOUKOUGBEU","description":"FiberEXISTANT_AC205 DUEKOUE_CENTRE-AC300 ZOUKOUGBEU","link_type":"FO","geometry_type":"LineString","vendor":"","folder":"LIEN FO2023 / EXISTANT","color":"#FF7F00","width":3.0},"geometry":{"type":"LineString","coordinates":[[-7.3373,6.7311],[-6.8656,6.7646]]}},{"type":"Feature","properties":{"name":"FO_492_ABATA-LAURIER_9","description":"FiberEXISTANT_AC716 ABATA-AC648 LAURIER_9","link_type":"FO","geometry_type":"LineString","vendor":"","folder":"LIEN FO2023 / EXISTANT","color":"#FF7F00","width":3.0},"geometry":{"type":"LineString","coordinates":[[-3.92,5.34645],[-3.9303,5.36281]]}},{"type":"Feature","properties":{"name":"FO_493_LAURIER_7-RD_POINT_PALMERAIE","description":"FiberEXISTANT_AC619 LAURIER_7-AC357 RD_POINT_PALMERAIE","link_type":"FO","geometry_type":"LineString","vendor":"","folder":"LIEN FO2023 / EXISTANT","color":"#FF7F00","width":3.0},"geometry":{"type":"LineString","coordinates":[[-3.97092,5.3735],[-3.9602525,5.36505937]]}},{"type":"Feature","properties":{"name":"FO_494_MICRO_TOUR_A-BBTHEQUE","description":"FiberEXISTANT_ET034 MICRO_TOUR_A-AC101 BBTHEQUE","link_type":"FO","geometry_type":"LineString","vendor":"","folder":"LIEN FO2023 / EXISTANT","color":"#FF7F00","width":3.0},"geometry":{"type":"LineString","coordinates":[[-4.0230833,5.33395833],[-4.024056,5.335197]]}},{"type":"Feature","properties":{"name":"FO_495_MICRO_TOUR_B-BBTHEQUE","description":"FiberEXISTANT_ET035 MICRO_TOUR_B-AC101 BBTHEQUE","link_type":"FO","geometry_type":"LineString","vendor":"","folder":"LIEN FO2023 / EXISTANT","color":"#FF7F00","width":3.0},"geometry":{"type":"LineString","coordinates":[[-4.022633,5.333892],[-4.024056,5.335197]]}},{"type":"Feature","properties":{"name":"FO_496_ZOUKOUGBEU-DAL_KHALIL","description":"FiberEXISTANT_AC300 ZOUKOUGBEU-AC138 DAL_KHALIL","link_type":"FO","geometry_type":"LineString","vendor":"","folder":"LIEN FO2023 / EXISTANT","color":"#FF7F00","width":3.0},"geometry":{"type":"LineString","coordinates":[[-6.8656,6.7646],[-6.4529,6.9056]]}},{"type":"Feature","properties":{"name":"FO_497_LOBIKRO-APROMPROMOU","description":"FiberEXISTANT_AC176 LOBIKRO-AC558 APROMPROMOU","link_type":"FO","geometry_type":"LineString","vendor":"","folder":"LIEN FO2023 / EXISTANT","color":"#FF7F00","width":3.0},"geometry":{"type":"LineString","coordinates":[[-3.5061712,6.74194552],[-3.3633584,6.99510284]]}},{"type":"Feature","properties":{"name":"FO_498_APROMPROMOU-DOUFREBO","description":"FiberEXISTANT_AC558 APROMPROMOU-AC972 DOUFREBO","link_type":"FO","geometry_type":"LineString","vendor":"","folder":"LIEN FO2023 / EXISTANT","color":"#FF7F00","width":3.0},"geometry":{"type":"LineString","coordinates":[[-3.3633584,6.99510284],[-3.44397,7.09108]]}},{"type":"Feature","properties":{"name":"FO_499_DOUFREBO-DAOUKRO","description":"FiberEXISTANT_AC972 DOUFREBO-AC185 DAOUKRO","link_type":"FO","geometry_type":"LineString","vendor":"","folder":"LIEN FO2023 / EXISTANT","color":"#FF7F00","width":3.0},"geometry":{"type":"LineString","coordinates":[[-3.44397,7.09108],[-3.9672,7.055]]}},{"type":"Feature","properties":{"name":"FO_500_DAOUKRO-ANANDA","description":"FiberEXISTANT_AC185 DAOUKRO-AC485 ANANDA","link_type":"FO","geometry_type":"LineString","vendor":"","folder":"LIEN FO2023 / EXISTANT","color":"#FF7F00","width":3.0},"geometry":{"type":"LineString","coordinates":[[-3.9672,7.055],[-4.2495,7.2829]]}},{"type":"Feature","properties":{"name":"FO_501_ANANDA-BROBO","description":"FiberEXISTANT_AC485 ANANDA-AC486 BROBO","link_type":"FO","geometry_type":"LineString","vendor":"","folder":"LIEN FO2023 / EXISTANT","color":"#FF7F00","width":3.0},"geometry":{"type":"LineString","coordinates":[[-4.2495,7.2829],[-4.83167,7.63417]]}},{"type":"Feature","properties":{"name":"FO_502_BROBO-BKE_POINT_CARRE","description":"FiberEXISTANT_AC486 BROBO-AC602 BKE_POINT_CARRE","link_type":"FO","geometry_type":"LineString","vendor":"","folder":"LIEN FO2023 / EXISTANT","color":"#FF7F00","width":3.0},"geometry":{"type":"LineString","coordinates":[[-4.83167,7.63417],[-5.0404,7.6816]]}},{"type":"Feature","properties":{"name":"FO_503_ATTECOUBE_EGLISE-ATTECOUBE","description":"FiberEXISTANT_AC335 ATTECOUBE_EGLISE-AC014 ATTECOUBE","link_type":"FO","geometry_type":"LineString","vendor":"","folder":"LIEN FO2023 / EXISTANT","color":"#FF7F00","width":3.0},"geometry":{"type":"LineString","coordinates":[[-4.0340618,5.34691217],[-4.0346383,5.35161463]]}},{"type":"Feature","properties":{"name":"FO_504_MIRADOR-LATIN","description":"FiberEXISTANT_AC082 MIRADOR-AC332 LATIN","link_type":"FO","geometry_type":"LineString","vendor":"","folder":"LIEN FO2023 / EXISTANT","color":"#FF7F00","width":3.0},"geometry":{"type":"LineString","coordinates":[[-4.02532,5.35653],[-4.0197,5.3599]]}},{"type":"Feature","properties":{"name":"FO_505_ACADEMIE-LAGOMA","description":"FiberEXISTANT_AC325 ACADEMIE-ET083 LAGOMA","link_type":"FO","geometry_type":"LineString","vendor":"","folder":"LIEN FO2023 / EXISTANT","color":"#FF7F00","width":3.0},"geometry":{"type":"LineString","coordinates":[[-4.1156786,5.31806989],[-4.1154166,5.32369444]]}},{"type":"Feature","properties":{"name":"FO_506_ASSONVON-GAKOUKA","description":"FiberEXISTANT_AC629 ASSONVON-AC040 GAKOUKA","link_type":"FO","geometry_type":"LineString","vendor":"","folder":"LIEN FO2023 / EXISTANT","color":"#FF7F00","width":3.0},"geometry":{"type":"LineString","coordinates":[[-4.0663,5.3327],[-4.0747518,5.33116732]]}},{"type":"Feature","properties":{"name":"FO_507_BASE_CIE-MAGASIN","description":"FiberEXISTANT_AC706 BASE_CIE-AC627 MAGASIN","link_type":"FO","geometry_type":"LineString","vendor":"","folder":"LIEN FO2023 / EXISTANT","color":"#FF7F00","width":3.0},"geometry":{"type":"LineString","coordinates":[[-4.0893761,5.33430731],[-4.08337,5.33284]]}},{"type":"Feature","properties":{"name":"FO_508_DORIAN-SINGA","description":"FiberEXISTANT_AC707 DORIAN-AC035 SINGA","link_type":"FO","geometry_type":"LineString","vendor":"","folder":"LIEN FO2023 / EXISTANT","color":"#FF7F00","width":3.0},"geometry":{"type":"LineString","coordinates":[[-4.0656427,5.31838451],[-4.0602803,5.32236451]]}},{"type":"Feature","properties":{"name":"FO_509_LAGOMA-ORLEON","description":"FiberEXISTANT_ET083 LAGOMA-AC643 ORLEON","link_type":"FO","geometry_type":"LineString","vendor":"","folder":"LIEN FO2023 / EXISTANT","color":"#FF7F00","width":3.0},"geometry":{"type":"LineString","coordinates":[[-4.1154166,5.32369444],[-4.11101,5.32558]]}},{"type":"Feature","properties":{"name":"FO_510_MILLIONAIRE-BSC_YOP","description":"FiberEXISTANT_AC037 MILLIONAIRE-AC613 BSC_YOP","link_type":"FO","geometry_type":"LineString","vendor":"","folder":"LIEN FO2023 / EXISTANT","color":"#FF7F00","width":3.0},"geometry":{"type":"LineString","coordinates":[[-4.0526086,5.34802934],[-4.05034,5.34686]]}},{"type":"Feature","properties":{"name":"FO_511_CATHEDRALE-MACA","description":"FiberEXISTANT_ET400 CATHEDRALE-AC312 MACA","link_type":"FO","geometry_type":"LineString","vendor":"","folder":"LIEN FO2023 / EXISTANT","color":"#FF7F00","width":3.0},"geometry":{"type":"LineString","coordinates":[[-4.088926,5.391631],[-4.08042,5.39177]]}},{"type":"Feature","properties":{"name":"FO_512_PENTECOTE-CARR_ANTENNE","description":"FiberEXISTANT_AC112 PENTECOTE-AC644 CARR_ANTENNE","link_type":"FO","geometry_type":"LineString","vendor":"","folder":"LIEN FO2023 / EXISTANT","color":"#FF7F00","width":3.0},"geometry":{"type":"LineString","coordinates":[[-4.0969931,5.33981115],[-4.0975,5.33279]]}},{"type":"Feature","properties":{"name":"FO_513_YOP_AMZA-MAROC","description":"FiberEXISTANT_AC997 YOP_AMZA-AC042 MAROC","link_type":"FO","geometry_type":"LineString","vendor":"","folder":"LIEN FO2023 / EXISTANT","color":"#FF7F00","width":3.0},"geometry":{"type":"LineString","coordinates":[[-4.0942,5.3471],[-4.1003377,5.34805409]]}},{"type":"Feature","properties":{"name":"FO_514_YOP_ST_PIERRE-ACADJOBA","description":"FiberEXISTANT_AC990 YOP_ST_PIERRE-AC113 ACADJOBA","link_type":"FO","geometry_type":"LineString","vendor":"","folder":"LIEN FO2023 / EXISTANT","color":"#FF7F00","width":3.0},"geometry":{"type":"LineString","coordinates":[[-4.0871,5.3271],[-4.0811282,5.32399256]]}},{"type":"Feature","properties":{"name":"FO_515_YOP_TEXACO-YOP_ST_PIERRE","description":"FiberEXISTANT_AC047 YOP_TEXACO-AC990 YOP_ST_PIERRE","link_type":"FO","geometry_type":"LineString","vendor":"","folder":"LIEN FO2023 / EXISTANT","color":"#FF7F00","width":3.0},"geometry":{"type":"LineString","coordinates":[[-4.0919084,5.32722066],[-4.0871,5.3271]]}},{"type":"Feature","properties":{"name":"FO_516_MAGASIN-SOGEPHIA_SOLIDE","description":"FiberEXISTANT_AC627 MAGASIN-AC666 SOGEPHIA_SOLIDE","link_type":"FO","geometry_type":"LineString","vendor":"","folder":"LIEN FO2023 / EXISTANT","color":"#FF7F00","width":3.0},"geometry":{"type":"LineString","coordinates":[[-4.08337,5.33284],[-4.08168,5.33818]]}},{"type":"Feature","properties":{"name":"FO_517_ADJAME_BINGES-BLANCHON","description":"FiberEXISTANT_ET028 ADJAME_BINGES-AC351 BLANCHON","link_type":"FO","geometry_type":"LineString","vendor":"","folder":"LIEN FO2023 / EXISTANT","color":"#FF7F00","width":3.0},"geometry":{"type":"LineString","coordinates":[[-3.8729,5.3479],[-3.8808326,5.35806018]]}},{"type":"Feature","properties":{"name":"FO_518_ANGRE-OSCAR","description":"FiberEXISTANT_AC083 ANGRE-AC631 OSCAR","link_type":"FO","geometry_type":"LineString","vendor":"","folder":"LIEN FO2023 / EXISTANT","color":"#FF7F00","width":3.0},"geometry":{"type":"LineString","coordinates":[[-3.9922355,5.39807745],[-3.99305,5.39282]]}},{"type":"Feature","properties":{"name":"FO_519_ANGRE_22IEME-ANGRE","description":"FiberEXISTANT_ET415 ANGRE_22IEME-AC083 ANGRE","link_type":"FO","geometry_type":"LineString","vendor":"","folder":"LIEN FO2023 / EXISTANT","color":"#FF7F00","width":3.0},"geometry":{"type":"LineString","coordinates":[[-3.99146,5.40125],[-3.9922355,5.39807745]]}},{"type":"Feature","properties":{"name":"FO_520_BLANCHON_EXTENSION-DAGBA_EXTENSION","description":"FiberEXISTANT_ET058 BLANCHON_EXTENSION-AC717 DAGBA_EXTENSION","link_type":"FO","geometry_type":"LineString","vendor":"","folder":"LIEN FO2023 / EXISTANT","color":"#FF7F00","width":3.0},"geometry":{"type":"LineString","coordinates":[[-3.8811277,5.33225555],[-3.8842025,5.34172827]]}},{"type":"Feature","properties":{"name":"FO_521_ABOBO_VERSANT-CITE_CIE","description":"FiberEXISTANT_ET308 ABOBO_VERSANT-AC721 CITE_CIE","link_type":"FO","geometry_type":"LineString","vendor":"","folder":"LIEN FO2023 / EXISTANT","color":"#FF7F00","width":3.0},"geometry":{"type":"LineString","coordinates":[[-3.95332,5.363966],[-3.9536725,5.35868371]]}},{"type":"Feature","properties":{"name":"FO_522_COCODY_JACQUE_PREVERT-MSC","description":"FiberEXISTANT_ET312 COCODY_JACQUE_PREVERT-AC089 MSC","link_type":"FO","geometry_type":"LineString","vendor":"","folder":"LIEN FO2023 / EXISTANT","color":"#FF7F00","width":3.0},"geometry":{"type":"LineString","coordinates":[[-3.95078,5.34617],[-3.955807,5.342143]]}},{"type":"Feature","properties":{"name":"FO_523_DOKUI-DOKUI_ALLOCOCDROME","description":"FiberEXISTANT_AC107 DOKUI-ET072 DOKUI_ALLOCOCDROME","link_type":"FO","geometry_type":"LineString","vendor":"","folder":"LIEN FO2023 / EXISTANT","color":"#FF7F00","width":3.0},"geometry":{"type":"LineString","coordinates":[[-4.0042701,5.40059032],[-4.004283,5.396894]]}},{"type":"Feature","properties":{"name":"FO_524_DOKUI_ALLOCOCDROME-COCO_SERVICE","description":"FiberEXISTANT_ET072 DOKUI_ALLOCOCDROME-AC650 COCO_SERVICE","link_type":"FO","geometry_type":"LineString","vendor":"","folder":"LIEN FO2023 / EXISTANT","color":"#FF7F00","width":3.0},"geometry":{"type":"LineString","coordinates":[[-4.004283,5.396894],[-4.0102,5.39532]]}},{"type":"Feature","properties":{"name":"FO_525_DAGBA_EXTENSION-DAGBA","description":"FiberEXISTANT_AC717 DAGBA_EXTENSION-AC352 DAGBA","link_type":"FO","geometry_type":"LineString","vendor":"","folder":"LIEN FO2023 / EXISTANT","color":"#FF7F00","width":3.0},"geometry":{"type":"LineString","coordinates":[[-3.8842025,5.34172827],[-3.8911938,5.35228324]]}},{"type":"Feature","properties":{"name":"FO_526_DAGBA-BINGES","description":"FiberEXISTANT_AC352 DAGBA-AC015 BINGES","link_type":"FO","geometry_type":"LineString","vendor":"","folder":"LIEN FO2023 / EXISTANT","color":"#FF7F00","width":3.0},"geometry":{"type":"LineString","coordinates":[[-3.8911938,5.35228324],[-3.890418,5.358779]]}},{"type":"Feature","properties":{"name":"FO_527_VALLY-COLOMBE","description":"FiberEXISTANT_AC019 VALLY-AC025 COLOMBE","link_type":"FO","geometry_type":"LineString","vendor":"","folder":"LIEN FO2023 / EXISTANT","color":"#FF7F00","width":3.0},"geometry":{"type":"LineString","coordinates":[[-3.963837,5.30250574],[-3.965031,5.29858728]]}},{"type":"Feature","properties":{"name":"FO_528_KIYALA-ABOBO_BAOULE","description":"FiberEXISTANT_AC383 KIYALA-AC728 ABOBO_BAOULE","link_type":"FO","geometry_type":"LineString","vendor":"","folder":"LIEN FO2023 / EXISTANT","color":"#FF7F00","width":3.0},"geometry":{"type":"LineString","coordinates":[[-3.9876133,5.43069284],[-3.9939888,5.42171864]]}},{"type":"Feature","properties":{"name":"FO_529_TERMINUS-PLAQUE","description":"FiberEXISTANT_AC378 TERMINUS-AC379 PLAQUE","link_type":"FO","geometry_type":"LineString","vendor":"","folder":"LIEN FO2023 / EXISTANT","color":"#FF7F00","width":3.0},"geometry":{"type":"LineString","coordinates":[[-4.0116737,5.43488613],[-4.00573,5.43233]]}},{"type":"Feature","properties":{"name":"FO_530_AGBAN-GRACES","description":"FiberEXISTANT_AC647 AGBAN-AC076 GRACES","link_type":"FO","geometry_type":"LineString","vendor":"","folder":"LIEN FO2023 / EXISTANT","color":"#FF7F00","width":3.0},"geometry":{"type":"LineString","coordinates":[[-4.0084,5.3622],[-4.00676,5.36905]]}},{"type":"Feature","properties":{"name":"FO_531_MAN_2-DOMOUROU","description":"FiberEXISTANT_AC941 MAN_2-ET363 DOMOUROU","link_type":"FO","geometry_type":"LineString","vendor":"","folder":"LIEN FO2023 / EXISTANT","color":"#FF7F00","width":3.0},"geometry":{"type":"LineString","coordinates":[[-7.54718,7.39064],[-7.55947,7.41031]]}},{"type":"Feature","properties":{"name":"FO_532_ARAFAT-LAURIER_7","description":"FiberEXISTANT_AC093 ARAFAT-AC619 LAURIER_7","link_type":"FO","geometry_type":"LineString","vendor":"","folder":"LIEN FO2023 / EXISTANT","color":"#FF7F00","width":3.0},"geometry":{"type":"LineString","coordinates":[[-3.9657036,5.37093924],[-3.97092,5.3735]]}},{"type":"Feature","properties":{"name":"FO_533_BIETRY_TENDER-ST_PIERRE_ANOUM","description":"FiberEXISTANT_ET388 BIETRY_TENDER-AC397 ST_PIERRE_ANOUM","link_type":"FO","geometry_type":"LineString","vendor":"","folder":"LIEN FO2023 / EXISTANT","color":"#FF7F00","width":3.0},"geometry":{"type":"LineString","coordinates":[[-3.974692,5.311428],[-3.97194,5.31001]]}},{"type":"Feature","properties":{"name":"FO_534_PORTBOUET_SARA-PBOUET","description":"FiberEXISTANT_ET327 PORTBOUET_SARA-AC028 PBOUET","link_type":"FO","geometry_type":"LineString","vendor":"","folder":"LIEN FO2023 / EXISTANT","color":"#FF7F00","width":3.0},"geometry":{"type":"LineString","coordinates":[[-3.972567,5.256171],[-3.9656459,5.25857003]]}},{"type":"Feature","properties":{"name":"FO_535_ANSAR-PBOUET","description":"FiberEXISTANT_AC406 ANSAR-AC028 PBOUET","link_type":"FO","geometry_type":"LineString","vendor":"","folder":"LIEN FO2023 / EXISTANT","color":"#FF7F00","width":3.0},"geometry":{"type":"LineString","coordinates":[[-3.9622214,5.26138841],[-3.9656459,5.25857003]]}},{"type":"Feature","properties":{"name":"FO_536_MATENIN-COLATIER","description":"FiberEXISTANT_AC377 MATENIN-AC109 COLATIER","link_type":"FO","geometry_type":"LineString","vendor":"","folder":"LIEN FO2023 / EXISTANT","color":"#FF7F00","width":3.0},"geometry":{"type":"LineString","coordinates":[[-4.0201922,5.43922248],[-4.0132094,5.44107945]]}},{"type":"Feature","properties":{"name":"FO_537_ANGRE_CITE_MILITAIRE-LAVOISIER","description":"FiberEXISTANT_ET321 ANGRE_CITE_MILITAIRE-ET071 LAVOISIER","link_type":"FO","geometry_type":"LineString","vendor":"","folder":"LIEN FO2023 / EXISTANT","color":"#FF7F00","width":3.0},"geometry":{"type":"LineString","coordinates":[[-3.96996,5.42487],[-3.97618,5.41742]]}},{"type":"Feature","properties":{"name":"FO_538_UNICAFE-PK18_SICOGI","description":"FiberEXISTANT_AC050 UNICAFE-AC638 PK18_SICOGI","link_type":"FO","geometry_type":"LineString","vendor":"","folder":"LIEN FO2023 / EXISTANT","color":"#FF7F00","width":3.0},"geometry":{"type":"LineString","coordinates":[[-4.0547775,5.46450701],[-4.04935,5.45777]]}},{"type":"Feature","properties":{"name":"FO_539_COLATIER-TERMINUS","description":"FiberEXISTANT_AC109 COLATIER-AC378 TERMINUS","link_type":"FO","geometry_type":"LineString","vendor":"","folder":"LIEN FO2023 / EXISTANT","color":"#FF7F00","width":3.0},"geometry":{"type":"LineString","coordinates":[[-4.0132094,5.44107945],[-4.0116737,5.43488613]]}},{"type":"Feature","properties":{"name":"FO_540_ARAFAT-RD_POINT_PALMERAIE","description":"FiberEXISTANT_AC093 ARAFAT-AC357 RD_POINT_PALMERAIE","link_type":"FO","geometry_type":"LineString","vendor":"","folder":"LIEN FO2023 / EXISTANT","color":"#FF7F00","width":3.0},"geometry":{"type":"LineString","coordinates":[[-3.9657036,5.37093924],[-3.9602525,5.36505937]]}},{"type":"Feature","properties":{"name":"FO_541_ADJOUFFOU_LYCEE-GONZAG","description":"FiberEXISTANT_ET380 ADJOUFFOU_LYCEE-AC031 GONZAG","link_type":"FO","geometry_type":"LineString","vendor":"","folder":"LIEN FO2023 / EXISTANT","color":"#FF7F00","width":3.0},"geometry":{"type":"LineString","coordinates":[[-3.89998,5.24797],[-3.8988588,5.24194484]]}},{"type":"Feature","properties":{"name":"FO_542_PHANIE-PRODOMO","description":"FiberEXISTANT_AC403 PHANIE-AC027 PRODOMO","link_type":"FO","geometry_type":"LineString","vendor":"","folder":"LIEN FO2023 / EXISTANT","color":"#FF7F00","width":3.0},"geometry":{"type":"LineString","coordinates":[[-3.948367,5.31230764],[-3.9471921,5.30522696]]}},{"type":"Feature","properties":{"name":"FO_543_DEPOT-AGRIPAK","description":"FiberEXISTANT_AC052 DEPOT-AC681 AGRIPAK","link_type":"FO","geometry_type":"LineString","vendor":"","folder":"LIEN FO2023 / EXISTANT","color":"#FF7F00","width":3.0},"geometry":{"type":"LineString","coordinates":[[-4.0335126,5.43833147],[-4.042861,5.443639]]}},{"type":"Feature","properties":{"name":"FO_544_SIROCCO-CARINN_COUTURE","description":"FiberEXISTANT_AC069 SIROCCO-AC723 CARINN_COUTURE","link_type":"FO","geometry_type":"LineString","vendor":"","folder":"LIEN FO2023 / EXISTANT","color":"#FF7F00","width":3.0},"geometry":{"type":"LineString","coordinates":[[-4.0163929,5.35279389],[-4.01803,5.35647]]}},{"type":"Feature","properties":{"name":"FO_545_MARCHER_POULET-COLOMBE","description":"FiberEXISTANT_AC401 MARCHER_POULET-AC025 COLOMBE","link_type":"FO","geometry_type":"LineString","vendor":"","folder":"LIEN FO2023 / EXISTANT","color":"#FF7F00","width":3.0},"geometry":{"type":"LineString","coordinates":[[-3.95793,5.30008],[-3.965031,5.29858728]]}},{"type":"Feature","properties":{"name":"FO_546_AVOCATIER-STE_FOI","description":"FiberEXISTANT_AC376 AVOCATIER-AC053 STE_FOI","link_type":"FO","geometry_type":"LineString","vendor":"","folder":"LIEN FO2023 / EXISTANT","color":"#FF7F00","width":3.0},"geometry":{"type":"LineString","coordinates":[[-4.0262089,5.44255894],[-4.0223624,5.44697947]]}},{"type":"Feature","properties":{"name":"FO_547_STBENOIT-PRODOMO","description":"FiberEXISTANT_AC400 STBENOIT-AC027 PRODOMO","link_type":"FO","geometry_type":"LineString","vendor":"","folder":"LIEN FO2023 / EXISTANT","color":"#FF7F00","width":3.0},"geometry":{"type":"LineString","coordinates":[[-3.95355,5.30368],[-3.9471921,5.30522696]]}},{"type":"Feature","properties":{"name":"FO_548_MATENIN-STE_FOI","description":"FiberEXISTANT_AC377 MATENIN-AC053 STE_FOI","link_type":"FO","geometry_type":"LineString","vendor":"","folder":"LIEN FO2023 / EXISTANT","color":"#FF7F00","width":3.0},"geometry":{"type":"LineString","coordinates":[[-4.0201922,5.43922248],[-4.0223624,5.44697947]]}},{"type":"Feature","properties":{"name":"FO_549_SACRE_COEUR-KIYALA","description":"FiberEXISTANT_AC689 SACRE_COEUR-AC383 KIYALA","link_type":"FO","geometry_type":"LineString","vendor":"","folder":"LIEN FO2023 / EXISTANT","color":"#FF7F00","width":3.0},"geometry":{"type":"LineString","coordinates":[[-3.994222,5.431722],[-3.9876133,5.43069284]]}},{"type":"Feature","properties":{"name":"FO_550_ROUTE_ATCI-ANOUMABO","description":"FiberEXISTANT_AC623 ROUTE_ATCI-AC622 ANOUMABO","link_type":"FO","geometry_type":"LineString","vendor":"","folder":"LIEN FO2023 / EXISTANT","color":"#FF7F00","width":3.0},"geometry":{"type":"LineString","coordinates":[[-3.96019,5.30879],[-3.965611,5.307372]]}},{"type":"Feature","properties":{"name":"FO_551_MATERNITE-COLATIER","description":"FiberEXISTANT_AC374 MATERNITE-AC109 COLATIER","link_type":"FO","geometry_type":"LineString","vendor":"","folder":"LIEN FO2023 / EXISTANT","color":"#FF7F00","width":3.0},"geometry":{"type":"LineString","coordinates":[[-4.0072329,5.44567534],[-4.0132094,5.44107945]]}},{"type":"Feature","properties":{"name":"FO_552_GROUPEMENT-MILLIONAIRE","description":"FiberEXISTANT_ET055 GROUPEMENT-AC037 MILLIONAIRE","link_type":"FO","geometry_type":"LineString","vendor":"","folder":"LIEN FO2023 / EXISTANT","color":"#FF7F00","width":3.0},"geometry":{"type":"LineString","coordinates":[[-4.0574527,5.35065833],[-4.0526086,5.34802934]]}},{"type":"Feature","properties":{"name":"FO_553_YOP_CITE_DIBY-GROUPEMENT","description":"FiberEXISTANT_ET429 YOP_CITE_DIBY-ET055 GROUPEMENT","link_type":"FO","geometry_type":"LineString","vendor":"","folder":"LIEN FO2023 / EXISTANT","color":"#FF7F00","width":3.0},"geometry":{"type":"LineString","coordinates":[[-4.05939,5.355565],[-4.0574527,5.35065833]]}},{"type":"Feature","properties":{"name":"FO_554_CARINN_COUTURE-LATIN","description":"FiberEXISTANT_AC723 CARINN_COUTURE-AC332 LATIN","link_type":"FO","geometry_type":"LineString","vendor":"","folder":"LIEN FO2023 / EXISTANT","color":"#FF7F00","width":3.0},"geometry":{"type":"LineString","coordinates":[[-4.01803,5.35647],[-4.0197,5.3599]]}},{"type":"Feature","properties":{"name":"FO_555_ST_PIERRE_ANOUM-ANOUMABO","description":"FiberEXISTANT_AC397 ST_PIERRE_ANOUM-AC622 ANOUMABO","link_type":"FO","geometry_type":"LineString","vendor":"","folder":"LIEN FO2023 / EXISTANT","color":"#FF7F00","width":3.0},"geometry":{"type":"LineString","coordinates":[[-3.97194,5.31001],[-3.965611,5.307372]]}},{"type":"Feature","properties":{"name":"FO_556_AKLOMIAMBLA-PRODOMO","description":"FiberEXISTANT_AC404 AKLOMIAMBLA-AC027 PRODOMO","link_type":"FO","geometry_type":"LineString","vendor":"","folder":"LIEN FO2023 / EXISTANT","color":"#FF7F00","width":3.0},"geometry":{"type":"LineString","coordinates":[[-3.9451,5.30525],[-3.9471921,5.30522696]]}},{"type":"Feature","properties":{"name":"FO_557_ADJAME_UTB-LATIN","description":"FiberEXISTANT_ET402 ADJAME_UTB-AC332 LATIN","link_type":"FO","geometry_type":"LineString","vendor":"","folder":"LIEN FO2023 / EXISTANT","color":"#FF7F00","width":3.0},"geometry":{"type":"LineString","coordinates":[[-4.0215,5.351294],[-4.0197,5.3599]]}},{"type":"Feature","properties":{"name":"FO_558_KOUM_CAMPEMENT-AKLOMIAMBLA","description":"FiberEXISTANT_ET009 KOUM_CAMPEMENT-AC404 AKLOMIAMBLA","link_type":"FO","geometry_type":"LineString","vendor":"","folder":"LIEN FO2023 / EXISTANT","color":"#FF7F00","width":3.0},"geometry":{"type":"LineString","coordinates":[[-3.9369,5.3074],[-3.9451,5.30525]]}},{"type":"Feature","properties":{"name":"FO_559_ABATTA_SEMPA-ABATA","description":"FiberEXISTANT_ET326 ABATTA_SEMPA-AC716 ABATA","link_type":"FO","geometry_type":"LineString","vendor":"","folder":"LIEN FO2023 / EXISTANT","color":"#FF7F00","width":3.0},"geometry":{"type":"LineString","coordinates":[[-3.91432,5.32943],[-3.92,5.34645]]}},{"type":"Feature","properties":{"name":"FO_560_ABATTA_JULES_VERNE-FAYA","description":"FiberEXISTANT_ET410 ABATTA_JULES_VERNE-AC063 FAYA","link_type":"FO","geometry_type":"LineString","vendor":"","folder":"LIEN FO2023 / EXISTANT","color":"#FF7F00","width":3.0},"geometry":{"type":"LineString","coordinates":[[-3.92911,5.37307],[-3.9365256,5.37052338]]}},{"type":"Feature","properties":{"name":"FO_561_ADJOUFFOU_CARTON-ADJOUFOU","description":"FiberEXISTANT_ET329 ADJOUFFOU_CARTON-AC030 ADJOUFOU","link_type":"FO","geometry_type":"LineString","vendor":"","folder":"LIEN FO2023 / EXISTANT","color":"#FF7F00","width":3.0},"geometry":{"type":"LineString","coordinates":[[-3.92012,5.2499],[-3.9183603,5.2437256]]}},{"type":"Feature","properties":{"name":"FO_562_EPV_LEROC-ADJOUFFOU_CARTON","description":"FiberEXISTANT_ET382 EPV_LEROC-ET329 ADJOUFFOU_CARTON","link_type":"FO","geometry_type":"LineString","vendor":"","folder":"LIEN FO2023 / EXISTANT","color":"#FF7F00","width":3.0},"geometry":{"type":"LineString","coordinates":[[-3.91654,5.257706],[-3.92012,5.2499]]}},{"type":"Feature","properties":{"name":"FO_563_ATIESSO-PK18_SICOGI","description":"FiberEXISTANT_ET005 ATIESSO-AC638 PK18_SICOGI","link_type":"FO","geometry_type":"LineString","vendor":"","folder":"LIEN FO2023 / EXISTANT","color":"#FF7F00","width":3.0},"geometry":{"type":"LineString","coordinates":[[-4.06783,5.4552],[-4.04935,5.45777]]}},{"type":"Feature","properties":{"name":"FO_564_KENEDY-PHARM_KENEDY","description":"FiberEXISTANT_AC382 KENEDY-AC384 PHARM_KENEDY","link_type":"FO","geometry_type":"LineString","vendor":"","folder":"LIEN FO2023 / EXISTANT","color":"#FF7F00","width":3.0},"geometry":{"type":"LineString","coordinates":[[-4.0001515,5.42612251],[-4.0035982,5.42005656]]}},{"type":"Feature","properties":{"name":"FO_565_QUARTIER_ELEPHANT-GONZAG","description":"FiberEXISTANT_AC715 QUARTIER_ELEPHANT-AC031 GONZAG","link_type":"FO","geometry_type":"LineString","vendor":"","folder":"LIEN FO2023 / EXISTANT","color":"#FF7F00","width":3.0},"geometry":{"type":"LineString","coordinates":[[-3.88829,5.24234],[-3.8988588,5.24194484]]}},{"type":"Feature","properties":{"name":"FO_566_SAMAKE-PHARM_KENEDY","description":"FiberEXISTANT_ET092 SAMAKE-AC384 PHARM_KENEDY","link_type":"FO","geometry_type":"LineString","vendor":"","folder":"LIEN FO2023 / EXISTANT","color":"#FF7F00","width":3.0},"geometry":{"type":"LineString","coordinates":[[-4.00226,5.41566],[-4.0035982,5.42005656]]}},{"type":"Feature","properties":{"name":"FO_567_ST_MATHIEU-MATERNITE_AFFOSABO","description":"FiberEXISTANT_AC686 ST_MATHIEU-AC687 MATERNITE_AFFOSABO","link_type":"FO","geometry_type":"LineString","vendor":"","folder":"LIEN FO2023 / EXISTANT","color":"#FF7F00","width":3.0},"geometry":{"type":"LineString","coordinates":[[-4.0333,5.43055],[-4.0337,5.42564]]}},{"type":"Feature","properties":{"name":"FO_568_FAYA_ST_PAUL-FAYA","description":"FiberEXISTANT_ET023 FAYA_ST_PAUL-AC063 FAYA","link_type":"FO","geometry_type":"LineString","vendor":"","folder":"LIEN FO2023 / EXISTANT","color":"#FF7F00","width":3.0},"geometry":{"type":"LineString","coordinates":[[-3.934,5.3678],[-3.9365256,5.37052338]]}},{"type":"Feature","properties":{"name":"FO_569_MARC_AKABA2-ST_THERESE","description":"FiberEXISTANT_ET001 MARC_AKABA2-AC008 ST_THERESE","link_type":"FO","geometry_type":"LineString","vendor":"","folder":"LIEN FO2023 / EXISTANT","color":"#FF7F00","width":3.0},"geometry":{"type":"LineString","coordinates":[[-3.969053,5.298206],[-3.9724401,5.2989194]]}},{"type":"Feature","properties":{"name":"FO_570_CANAL-COLOMBE","description":"FiberEXISTANT_AC398 CANAL-AC025 COLOMBE","link_type":"FO","geometry_type":"LineString","vendor":"","folder":"LIEN FO2023 / EXISTANT","color":"#FF7F00","width":3.0},"geometry":{"type":"LineString","coordinates":[[-3.9687172,5.30143982],[-3.965031,5.29858728]]}},{"type":"Feature","properties":{"name":"FO_571_MARC_PT_MARCHE-MARC_GROUP","description":"FiberEXISTANT_ET006 MARC_PT_MARCHE-AC395 MARC_GROUP","link_type":"FO","geometry_type":"LineString","vendor":"","folder":"LIEN FO2023 / EXISTANT","color":"#FF7F00","width":3.0},"geometry":{"type":"LineString","coordinates":[[-3.9833,5.3038],[-3.980275,5.30228889]]}},{"type":"Feature","properties":{"name":"FO_572_CAR_DJEDJE_MADY-PHRCIE_BONOUMIN","description":"FiberEXISTANT_AC657 CAR_DJEDJE_MADY-ET062 PHRCIE_BONOUMIN","link_type":"FO","geometry_type":"LineString","vendor":"","folder":"LIEN FO2023 / EXISTANT","color":"#FF7F00","width":3.0},"geometry":{"type":"LineString","coordinates":[[-3.96874,5.36508],[-3.970771,5.36214]]}},{"type":"Feature","properties":{"name":"FO_573_GD_MOSQUEE-TENDENCE","description":"FiberEXISTANT_AC415 GD_MOSQUEE-AC020 TENDENCE","link_type":"FO","geometry_type":"LineString","vendor":"","folder":"LIEN FO2023 / EXISTANT","color":"#FF7F00","width":3.0},"geometry":{"type":"LineString","coordinates":[[-3.9660127,5.29153044],[-3.9720041,5.29130399]]}},{"type":"Feature","properties":{"name":"FO_574_SAGBE-SAGBE_CELESTE","description":"FiberEXISTANT_AC051 SAGBE-ET416 SAGBE_CELESTE","link_type":"FO","geometry_type":"LineString","vendor":"","folder":"LIEN FO2023 / EXISTANT","color":"#FF7F00","width":3.0},"geometry":{"type":"LineString","coordinates":[[-4.0308882,5.41833735],[-4.02779,5.4139]]}},{"type":"Feature","properties":{"name":"FO_575_ST_MATHIEU-BAD","description":"FiberEXISTANT_AC686 ST_MATHIEU-AC108 BAD","link_type":"FO","geometry_type":"LineString","vendor":"","folder":"LIEN FO2023 / EXISTANT","color":"#FF7F00","width":3.0},"geometry":{"type":"LineString","coordinates":[[-4.0333,5.43055],[-4.0232862,5.42746769]]}},{"type":"Feature","properties":{"name":"FO_576_INJS-MARC_POSTE","description":"FiberEXISTANT_AC625 INJS-AC394 MARC_POSTE","link_type":"FO","geometry_type":"LineString","vendor":"","folder":"LIEN FO2023 / EXISTANT","color":"#FF7F00","width":3.0},"geometry":{"type":"LineString","coordinates":[[-3.981042,5.30606],[-3.986529,5.30638654]]}},{"type":"Feature","properties":{"name":"FO_577_SIRENE-ASECNA","description":"FiberEXISTANT_AC032 SIRENE-AC029 ASECNA","link_type":"FO","geometry_type":"LineString","vendor":"","folder":"LIEN FO2023 / EXISTANT","color":"#FF7F00","width":3.0},"geometry":{"type":"LineString","coordinates":[[-3.9434886,5.25509436],[-3.9359727,5.25535895]]}},{"type":"Feature","properties":{"name":"FO_578_BELLE_EPINE-ANONO","description":"FiberEXISTANT_AC988 BELLE_EPINE-AC067 ANONO","link_type":"FO","geometry_type":"LineString","vendor":"","folder":"LIEN FO2023 / EXISTANT","color":"#FF7F00","width":3.0},"geometry":{"type":"LineString","coordinates":[[-3.9808,5.3488],[-3.9762727,5.34880687]]}},{"type":"Feature","properties":{"name":"FO_579_TERMINUS_PK18-AGRIPAK","description":"FiberEXISTANT_ET059 TERMINUS_PK18-AC681 AGRIPAK","link_type":"FO","geometry_type":"LineString","vendor":"","folder":"LIEN FO2023 / EXISTANT","color":"#FF7F00","width":3.0},"geometry":{"type":"LineString","coordinates":[[-4.0513388,5.44768888],[-4.042861,5.443639]]}},{"type":"Feature","properties":{"name":"FO_580_BOUAFLE_ST_AUGUSTIN-BOUAFLE","description":"FiberEXISTANT_AC810 BOUAFLE_ST_AUGUSTIN-AC131 BOUAFLE","link_type":"FO","geometry_type":"LineString","vendor":"","folder":"LIEN FO2023 / EXISTANT","color":"#FF7F00","width":3.0},"geometry":{"type":"LineString","coordinates":[[-5.7483,6.9791],[-5.7488,6.9882]]}},{"type":"Feature","properties":{"name":"FO_581_SOUBRE_GABON_EXTENSION-SOUBRE","description":"FiberEXISTANT_AC813 SOUBRE_GABON_EXTENSION-AC149 SOUBRE","link_type":"FO","geometry_type":"LineString","vendor":"","folder":"LIEN FO2023 / EXISTANT","color":"#FF7F00","width":3.0},"geometry":{"type":"LineString","coordinates":[[-6.587492,5.77201],[-6.5955,5.7844]]}},{"type":"Feature","properties":{"name":"FO_582_PLACE_AKWABA-ASECNA","description":"FiberEXISTANT_ET384 PLACE_AKWABA-AC029 ASECNA","link_type":"FO","geometry_type":"LineString","vendor":"","folder":"LIEN FO2023 / EXISTANT","color":"#FF7F00","width":3.0},"geometry":{"type":"LineString","coordinates":[[-3.941578,5.26027],[-3.9359727,5.25535895]]}},{"type":"Feature","properties":{"name":"FO_583_MARC_HARIS-ANOUMABO","description":"FiberEXISTANT_ET014 MARC_HARIS-AC622 ANOUMABO","link_type":"FO","geometry_type":"LineString","vendor":"","folder":"LIEN FO2023 / EXISTANT","color":"#FF7F00","width":3.0},"geometry":{"type":"LineString","coordinates":[[-3.9738,5.3065],[-3.965611,5.307372]]}},{"type":"Feature","properties":{"name":"FO_584_FRATERNITE_MATIN-INST","description":"FiberEXISTANT_AC669 FRATERNITE_MATIN-AC336 INST","link_type":"FO","geometry_type":"LineString","vendor":"","folder":"LIEN FO2023 / EXISTANT","color":"#FF7F00","width":3.0},"geometry":{"type":"LineString","coordinates":[[-4.0195,5.3423],[-4.0178477,5.34845887]]}},{"type":"Feature","properties":{"name":"FO_585_DIVO_DOUGAKO-DIVO","description":"FiberEXISTANT_AC811 DIVO_DOUGAKO-AC198 DIVO","link_type":"FO","geometry_type":"LineString","vendor":"","folder":"LIEN FO2023 / EXISTANT","color":"#FF7F00","width":3.0},"geometry":{"type":"LineString","coordinates":[[-5.346615,5.822328],[-5.357694,5.83219354]]}},{"type":"Feature","properties":{"name":"FO_586_DIVO_QUARTIER_PROF-DIVO","description":"FiberEXISTANT_AC812 DIVO_QUARTIER_PROF-AC198 DIVO","link_type":"FO","geometry_type":"LineString","vendor":"","folder":"LIEN FO2023 / EXISTANT","color":"#FF7F00","width":3.0},"geometry":{"type":"LineString","coordinates":[[-5.358877,5.851043],[-5.357694,5.83219354]]}},{"type":"Feature","properties":{"name":"FO_587_MAN_BLOKOSS-DOMOUROU","description":"FiberEXISTANT_AC807 MAN_BLOKOSS-ET363 DOMOUROU","link_type":"FO","geometry_type":"LineString","vendor":"","folder":"LIEN FO2023 / EXISTANT","color":"#FF7F00","width":3.0},"geometry":{"type":"LineString","coordinates":[[-7.5670683,7.42915],[-7.55947,7.41031]]}},{"type":"Feature","properties":{"name":"FO_588_INST-BANFORA","description":"FiberEXISTANT_AC336 INST-AC013 BANFORA","link_type":"FO","geometry_type":"LineString","vendor":"","folder":"LIEN FO2023 / EXISTANT","color":"#FF7F00","width":3.0},"geometry":{"type":"LineString","coordinates":[[-4.0178477,5.34845887],[-4.0223859,5.34786339]]}},{"type":"Feature","properties":{"name":"FO_589_TIASSALE_QUARTIER_PROF-TIASSALE","description":"FiberEXISTANT_ET616 TIASSALE_QUARTIER_PROF-AC196 TIASSALE","link_type":"FO","geometry_type":"LineString","vendor":"","folder":"LIEN FO2023 / EXISTANT","color":"#FF7F00","width":3.0},"geometry":{"type":"LineString","coordinates":[[-4.830574,5.897606],[-4.8163116,5.89360675]]}},{"type":"Feature","properties":{"name":"FO_590_NDOUCI_PLATEAU -NDOUCI","description":"FiberEXISTANT_AC802 NDOUCI_PLATEAU -AC195 NDOUCI","link_type":"FO","geometry_type":"LineString","vendor":"","folder":"LIEN FO2023 / EXISTANT","color":"#FF7F00","width":3.0},"geometry":{"type":"LineString","coordinates":[[-4.753514,5.859435],[-4.7546914,5.8588924]]}},{"type":"Feature","properties":{"name":"FO_591_LYMA2-PHARM_KENEDY","description":"FiberEXISTANT_AC381 LYMA2-AC384 PHARM_KENEDY","link_type":"FO","geometry_type":"LineString","vendor":"","folder":"LIEN FO2023 / EXISTANT","color":"#FF7F00","width":3.0},"geometry":{"type":"LineString","coordinates":[[-4.0101799,5.42676613],[-4.0035982,5.42005656]]}},{"type":"Feature","properties":{"name":"FO_592_ANYAMA_HOTEL_HOTES-ANYAMA","description":"FiberEXISTANT_ET412 ANYAMA_HOTEL_HOTES-AC085 ANYAMA","link_type":"FO","geometry_type":"LineString","vendor":"","folder":"LIEN FO2023 / EXISTANT","color":"#FF7F00","width":3.0},"geometry":{"type":"LineString","coordinates":[[-4.062781,5.487857],[-4.0548144,5.47527046]]}},{"type":"Feature","properties":{"name":"FO_593_DJIBI_1-DJIBI","description":"FiberEXISTANT_ET026 DJIBI_1-AC061 DJIBI","link_type":"FO","geometry_type":"LineString","vendor":"","folder":"LIEN FO2023 / EXISTANT","color":"#FF7F00","width":3.0},"geometry":{"type":"LineString","coordinates":[[-3.9843,5.4012],[-3.9786228,5.40206133]]}},{"type":"Feature","properties":{"name":"FO_594_LOREADE-CAFE_VERSAILLES","description":"FiberEXISTANT_AC364 LOREADE-AC683 CAFE_VERSAILLES","link_type":"FO","geometry_type":"LineString","vendor":"","folder":"LIEN FO2023 / EXISTANT","color":"#FF7F00","width":3.0},"geometry":{"type":"LineString","coordinates":[[-3.9840031,5.3972225],[-3.986,5.392789]]}},{"type":"Feature","properties":{"name":"FO_595_ALLABRA_MOSQUE-CAFE_VERSAILLES","description":"FiberEXISTANT_ET313 ALLABRA_MOSQUE-AC683 CAFE_VERSAILLES","link_type":"FO","geometry_type":"LineString","vendor":"","folder":"LIEN FO2023 / EXISTANT","color":"#FF7F00","width":3.0},"geometry":{"type":"LineString","coordinates":[[-3.989525,5.395345],[-3.986,5.392789]]}},{"type":"Feature","properties":{"name":"FO_596_CAFE_VERSAILLES-CHALET","description":"FiberEXISTANT_AC683 CAFE_VERSAILLES-AC071 CHALET","link_type":"FO","geometry_type":"LineString","vendor":"","folder":"LIEN FO2023 / EXISTANT","color":"#FF7F00","width":3.0},"geometry":{"type":"LineString","coordinates":[[-3.986,5.392789],[-3.9833018,5.38763573]]}},{"type":"Feature","properties":{"name":"FO_597_SEMINAIRE-EGLISE","description":"FiberEXISTANT_AC413 SEMINAIRE-AC086 EGLISE","link_type":"FO","geometry_type":"LineString","vendor":"","folder":"LIEN FO2023 / EXISTANT","color":"#FF7F00","width":3.0},"geometry":{"type":"LineString","coordinates":[[-4.0599333,5.50141039],[-4.0501365,5.49455354]]}},{"type":"Feature","properties":{"name":"FO_598_FIGUIER-FEKESSE","description":"FiberEXISTANT_AC674 FIGUIER-AC096 FEKESSE","link_type":"FO","geometry_type":"LineString","vendor":"","folder":"LIEN FO2023 / EXISTANT","color":"#FF7F00","width":3.0},"geometry":{"type":"LineString","coordinates":[[-3.91077,5.37892],[-3.9105025,5.37380098]]}},{"type":"Feature","properties":{"name":"FO_599_PHRCIE_BONOUMIN-BONOUMIN","description":"FiberEXISTANT_ET062 PHRCIE_BONOUMIN-AC114 BONOUMIN","link_type":"FO","geometry_type":"LineString","vendor":"","folder":"LIEN FO2023 / EXISTANT","color":"#FF7F00","width":3.0},"geometry":{"type":"LineString","coordinates":[[-3.970771,5.36214],[-3.966316,5.35863674]]}},{"type":"Feature","properties":{"name":"FO_600_EBIMPE-SEMINAIRE","description":"FiberEXISTANT_AC691 EBIMPE-AC413 SEMINAIRE","link_type":"FO","geometry_type":"LineString","vendor":"","folder":"LIEN FO2023 / EXISTANT","color":"#FF7F00","width":3.0},"geometry":{"type":"LineString","coordinates":[[-4.07159,5.50047],[-4.0599333,5.50141039]]}},{"type":"Feature","properties":{"name":"FO_601_SASSANDRA_CORRIDOR-BONOUMIN","description":"FiberEXISTANT_ET488 SASSANDRA_CORRIDOR-AC114 BONOUMIN","link_type":"FO","geometry_type":"LineString","vendor":"","folder":"LIEN FO2023 / EXISTANT","color":"#FF7F00","width":3.0},"geometry":{"type":"LineString","coordinates":[[-3.96681,5.36167],[-3.966316,5.35863674]]}},{"type":"Feature","properties":{"name":"FO_602_CASA-GRACES","description":"FiberEXISTANT_AC651 CASA-AC076 GRACES","link_type":"FO","geometry_type":"LineString","vendor":"","folder":"LIEN FO2023 / EXISTANT","color":"#FF7F00","width":3.0},"geometry":{"type":"LineString","coordinates":[[-4.0001,5.3665],[-4.00676,5.36905]]}},{"type":"Feature","properties":{"name":"FO_603_COLOMBIE-ZOO","description":"FiberEXISTANT_AC620 COLOMBIE-ET076 ZOO","link_type":"FO","geometry_type":"LineString","vendor":"","folder":"LIEN FO2023 / EXISTANT","color":"#FF7F00","width":3.0},"geometry":{"type":"LineString","coordinates":[[-4.00423,5.37547],[-3.9995555,5.37997222]]}},{"type":"Feature","properties":{"name":"FO_604_PHRCIE_DOKUI-ABOBOTE","description":"FiberEXISTANT_AC987 PHRCIE_DOKUI-AC057 ABOBOTE","link_type":"FO","geometry_type":"LineString","vendor":"","folder":"LIEN FO2023 / EXISTANT","color":"#FF7F00","width":3.0},"geometry":{"type":"LineString","coordinates":[[-4.0049,5.4051],[-4.0046572,5.41094636]]}},{"type":"Feature","properties":{"name":"FO_605_ADJIN-BETHANIE","description":"FiberEXISTANT_AC072 ADJIN-AC679 BETHANIE","link_type":"FO","geometry_type":"LineString","vendor":"","folder":"LIEN FO2023 / EXISTANT","color":"#FF7F00","width":3.0},"geometry":{"type":"LineString","coordinates":[[-3.9981528,5.38509701],[-3.99802,5.389]]}},{"type":"Feature","properties":{"name":"FO_606_GUIGLO_HB 2-GUIGLO","description":"FiberEXISTANT_AC804 GUIGLO_HB 2-AC207 GUIGLO","link_type":"FO","geometry_type":"LineString","vendor":"","folder":"LIEN FO2023 / EXISTANT","color":"#FF7F00","width":3.0},"geometry":{"type":"LineString","coordinates":[[-7.503683,6.539731],[-7.4918,6.5444]]}},{"type":"Feature","properties":{"name":"FO_607_SAN-PEDRO_DIGBOUE KLOU-TANRY","description":"FiberEXISTANT_AC806 SAN-PEDRO_DIGBOUE KLOU-AC157 TANRY","link_type":"FO","geometry_type":"LineString","vendor":"","folder":"LIEN FO2023 / EXISTANT","color":"#FF7F00","width":3.0},"geometry":{"type":"LineString","coordinates":[[-6.69222,4.75431],[-6.6698,4.7736]]}},{"type":"Feature","properties":{"name":"FO_608_ODIENNE_TEXAS-ODIENNE","description":"FiberEXISTANT_AC808 ODIENNE_TEXAS-AC305 ODIENNE","link_type":"FO","geometry_type":"LineString","vendor":"","folder":"LIEN FO2023 / EXISTANT","color":"#FF7F00","width":3.0},"geometry":{"type":"LineString","coordinates":[[-7.564911,9.493677],[-7.5621,9.4999]]}},{"type":"Feature","properties":{"name":"FO_609_KPEHIRI-SOUBRE","description":"FiberEXISTANT_AC809 KPEHIRI-AC149 SOUBRE","link_type":"FO","geometry_type":"LineString","vendor":"","folder":"LIEN FO2023 / EXISTANT","color":"#FF7F00","width":3.0},"geometry":{"type":"LineString","coordinates":[[-6.623168,5.778643],[-6.5955,5.7844]]}},{"type":"Feature","properties":{"name":"FO_610_ZUENOULA_SOKOURA-ZUENOULA","description":"FiberEXISTANT_ET603 ZUENOULA_SOKOURA-AC209 ZUENOULA","link_type":"FO","geometry_type":"LineString","vendor":"","folder":"LIEN FO2023 / EXISTANT","color":"#FF7F00","width":3.0},"geometry":{"type":"LineString","coordinates":[[-6.06058,7.43057],[-6.0322,7.4244]]}},{"type":"Feature","properties":{"name":"FO_611_GONZAKUS-WEST AFRICA","description":"FiberEXISTANT_ET534 GONZAKUS-AC815 WEST AFRICA","link_type":"FO","geometry_type":"LineString","vendor":"","folder":"LIEN FO2023 / EXISTANT","color":"#FF7F00","width":3.0},"geometry":{"type":"LineString","coordinates":[[-3.8926194,5.248988],[-3.89565,5.243384]]}},{"type":"Feature","properties":{"name":"FO_612_BONON_BELLEVILLE -BONON","description":"FiberEXISTANT_ET559 BONON_BELLEVILLE -AC132 BONON","link_type":"FO","geometry_type":"LineString","vendor":"","folder":"LIEN FO2023 / EXISTANT","color":"#FF7F00","width":3.0},"geometry":{"type":"LineString","coordinates":[[-6.0567621,6.9174427],[-6.0525,6.9266]]}},{"type":"Feature","properties":{"name":"FO_613_BASSAM_ETOILE-ODDOS","description":"FiberEXISTANT_ET581 BASSAM_ETOILE-AC087 ODDOS","link_type":"FO","geometry_type":"LineString","vendor":"","folder":"LIEN FO2023 / EXISTANT","color":"#FF7F00","width":3.0},"geometry":{"type":"LineString","coordinates":[[-3.736474,5.194637],[-3.7371475,5.20743846]]}},{"type":"Feature","properties":{"name":"FO_614_KOR_LYC_SAKANOKO-SIEMPOURGO","description":"FiberEXISTANT_AC248 KOR_LYC_SAKANOKO-AC460 SIEMPOURGO","link_type":"FO","geometry_type":"LineString","vendor":"","folder":"LIEN FO2023 / EXISTANT","color":"#FF7F00","width":3.0},"geometry":{"type":"LineString","coordinates":[[-5.6581,9.4547],[-6.1988,9.5188]]}},{"type":"Feature","properties":{"name":"FO_615_SIEMPOURGO-MADINANI","description":"FiberEXISTANT_AC460 SIEMPOURGO-AC500 MADINANI","link_type":"FO","geometry_type":"LineString","vendor":"","folder":"LIEN FO2023 / EXISTANT","color":"#FF7F00","width":3.0},"geometry":{"type":"LineString","coordinates":[[-6.1988,9.5188],[-6.9416,9.6203]]}},{"type":"Feature","properties":{"name":"FO_616_MADINANI-ODIENNE","description":"FiberEXISTANT_AC500 MADINANI-AC305 ODIENNE","link_type":"FO","geometry_type":"LineString","vendor":"","folder":"LIEN FO2023 / EXISTANT","color":"#FF7F00","width":3.0},"geometry":{"type":"LineString","coordinates":[[-6.9416,9.6203],[-7.5621,9.4999]]}},{"type":"Feature","properties":{"name":"FO_617_ODIENNE-BAKO","description":"FiberEXISTANT_AC305 ODIENNE-AC440 BAKO","link_type":"FO","geometry_type":"LineString","vendor":"","folder":"LIEN FO2023 / EXISTANT","color":"#FF7F00","width":3.0},"geometry":{"type":"LineString","coordinates":[[-7.5621,9.4999],[-7.6061,9.1408]]}},{"type":"Feature","properties":{"name":"FO_618_BAKO-KORO","description":"FiberEXISTANT_AC440 BAKO-AC303 KORO","link_type":"FO","geometry_type":"LineString","vendor":"","folder":"LIEN FO2023 / EXISTANT","color":"#FF7F00","width":3.0},"geometry":{"type":"LineString","coordinates":[[-7.6061,9.1408],[-7.4561,8.5494]]}},{"type":"Feature","properties":{"name":"FO_619_KORO-TOUBA","description":"FiberEXISTANT_AC303 KORO-AC220 TOUBA","link_type":"FO","geometry_type":"LineString","vendor":"","folder":"LIEN FO2023 / EXISTANT","color":"#FF7F00","width":3.0},"geometry":{"type":"LineString","coordinates":[[-7.4561,8.5494],[-7.6871,8.2869]]}},{"type":"Feature","properties":{"name":"FO_620_TOUBA-BIANKOUMA","description":"FiberEXISTANT_AC220 TOUBA-AC302 BIANKOUMA","link_type":"FO","geometry_type":"LineString","vendor":"","folder":"LIEN FO2023 / EXISTANT","color":"#FF7F00","width":3.0},"geometry":{"type":"LineString","coordinates":[[-7.6871,8.2869],[-7.61041,7.74564]]}},{"type":"Feature","properties":{"name":"FO_621_BIANKOUMA-DOMOUROU","description":"FiberEXISTANT_AC302 BIANKOUMA-ET363 DOMOUROU","link_type":"FO","geometry_type":"LineString","vendor":"","folder":"LIEN FO2023 / EXISTANT","color":"#FF7F00","width":3.0},"geometry":{"type":"LineString","coordinates":[[-7.61041,7.74564],[-7.55947,7.41031]]}},{"type":"Feature","properties":{"name":"FO_622_DOMOUROU-BANGOLO","description":"FiberEXISTANT_ET363 DOMOUROU-AC301 BANGOLO","link_type":"FO","geometry_type":"LineString","vendor":"","folder":"LIEN FO2023 / EXISTANT","color":"#FF7F00","width":3.0},"geometry":{"type":"LineString","coordinates":[[-7.55947,7.41031],[-7.485214,7.00197]]}},{"type":"Feature","properties":{"name":"FO_623_BANGOLO-DUEKOUE_CENTRE","description":"FiberEXISTANT_AC301 BANGOLO-AC205 DUEKOUE_CENTRE","link_type":"FO","geometry_type":"LineString","vendor":"","folder":"LIEN FO2023 / EXISTANT","color":"#FF7F00","width":3.0},"geometry":{"type":"LineString","coordinates":[[-7.485214,7.00197],[-7.3373,6.7311]]}},{"type":"Feature","properties":{"name":"FO_624_DUEKOUE_CENTRE-GUESSABO","description":"FiberEXISTANT_AC205 DUEKOUE_CENTRE-AC456 GUESSABO","link_type":"FO","geometry_type":"LineString","vendor":"","folder":"LIEN FO2023 / EXISTANT","color":"#FF7F00","width":3.0},"geometry":{"type":"LineString","coordinates":[[-7.3373,6.7311],[-6.9534,6.7364]]}},{"type":"Feature","properties":{"name":"FO_625_GUESSABO-DAL_KHALIL","description":"FiberEXISTANT_AC456 GUESSABO-AC138 DAL_KHALIL","link_type":"FO","geometry_type":"LineString","vendor":"","folder":"LIEN FO2023 / EXISTANT","color":"#FF7F00","width":3.0},"geometry":{"type":"LineString","coordinates":[[-6.9534,6.7364],[-6.4529,6.9056]]}},{"type":"Feature","properties":{"name":"FO_626_FERKE_RESIDENTIEL-KOR_CIT","description":"FiberEXISTANT_AC936 FERKE_RESIDENTIEL-AC246 KOR_CIT","link_type":"FO","geometry_type":"LineString","vendor":"","folder":"LIEN FO2023 / EXISTANT","color":"#FF7F00","width":3.0},"geometry":{"type":"LineString","coordinates":[[-5.20901,9.57878],[-5.63136,9.45497]]}},{"type":"Feature","properties":{"name":"FO_627_POGO-NIELLE","description":"FiberEXISTANT_AC465 POGO-AC504 NIELLE","link_type":"FO","geometry_type":"LineString","vendor":"","folder":"LIEN FO2023 / EXISTANT","color":"#FF7F00","width":3.0},"geometry":{"type":"LineString","coordinates":[[-5.6279,10.4343],[-5.6296,10.1937]]}},{"type":"Feature","properties":{"name":"FO_628_NIELLE-DIAWALA","description":"FiberEXISTANT_AC504 NIELLE-AC216 DIAWALA","link_type":"FO","geometry_type":"LineString","vendor":"","folder":"LIEN FO2023 / EXISTANT","color":"#FF7F00","width":3.0},"geometry":{"type":"LineString","coordinates":[[-5.6296,10.1937],[-5.4715,10.1106]]}},{"type":"Feature","properties":{"name":"FO_629_OUANGOLO-FERKESSEDOUGOU","description":"FiberEXISTANT_AC293 OUANGOLO-AC252 FERKESSEDOUGOU","link_type":"FO","geometry_type":"LineString","vendor":"","folder":"LIEN FO2023 / EXISTANT","color":"#FF7F00","width":3.0},"geometry":{"type":"LineString","coordinates":[[-5.1556,9.9709],[-5.1876,9.5918]]}},{"type":"Feature","properties":{"name":"FO_630_LALERABA-OUANGOLO","description":"FiberEXISTANT_ET482 LALERABA-AC293 OUANGOLO","link_type":"FO","geometry_type":"LineString","vendor":"","folder":"LIEN FO2023 / EXISTANT","color":"#FF7F00","width":3.0},"geometry":{"type":"LineString","coordinates":[[-5.074782,10.159515],[-5.1556,9.9709]]}},{"type":"Feature","properties":{"name":"FO_631_TOUMODI-DIMBOKRO","description":"FiberEXISTANT_AC115 TOUMODI-AC188 DIMBOKRO","link_type":"FO","geometry_type":"LineString","vendor":"","folder":"LIEN FO2023 / EXISTANT","color":"#FF7F00","width":3.0},"geometry":{"type":"LineString","coordinates":[[-5.0193,6.5581],[-4.7061,6.6489]]}},{"type":"Feature","properties":{"name":"FO_632_DIMBOKRO-BONGOUANOU","description":"FiberEXISTANT_AC188 DIMBOKRO-AC190 BONGOUANOU","link_type":"FO","geometry_type":"LineString","vendor":"","folder":"LIEN FO2023 / EXISTANT","color":"#FF7F00","width":3.0},"geometry":{"type":"LineString","coordinates":[[-4.7061,6.6489],[-4.2054,6.6581]]}},{"type":"Feature","properties":{"name":"FO_633_BONGOUANOU-KOTOBI","description":"FiberEXISTANT_AC190 BONGOUANOU-AC272 KOTOBI","link_type":"FO","geometry_type":"LineString","vendor":"","folder":"LIEN FO2023 / EXISTANT","color":"#FF7F00","width":3.0},"geometry":{"type":"LineString","coordinates":[[-4.2054,6.6581],[-4.1335267,6.71352383]]}},{"type":"Feature","properties":{"name":"FO_634_KOTOBI-ARRAH","description":"FiberEXISTANT_AC272 KOTOBI-AC184 ARRAH","link_type":"FO","geometry_type":"LineString","vendor":"","folder":"LIEN FO2023 / EXISTANT","color":"#FF7F00","width":3.0},"geometry":{"type":"LineString","coordinates":[[-4.1335267,6.71352383],[-3.9706673,6.68277735]]}},{"type":"Feature","properties":{"name":"FO_635_ARRAH-BONAHOUIN","description":"FiberEXISTANT_AC184 ARRAH-AC555 BONAHOUIN","link_type":"FO","geometry_type":"LineString","vendor":"","folder":"LIEN FO2023 / EXISTANT","color":"#FF7F00","width":3.0},"geometry":{"type":"LineString","coordinates":[[-3.9706673,6.68277735],[-3.7550006,6.55779595]]}},{"type":"Feature","properties":{"name":"FO_636_BONAHOUIN-LOBIKRO","description":"FiberEXISTANT_AC555 BONAHOUIN-AC176 LOBIKRO","link_type":"FO","geometry_type":"LineString","vendor":"","folder":"LIEN FO2023 / EXISTANT","color":"#FF7F00","width":3.0},"geometry":{"type":"LineString","coordinates":[[-3.7550006,6.55779595],[-3.5061712,6.74194552]]}},{"type":"Feature","properties":{"name":"FO_637_YAM_INSET-YAM_ENSTP","description":"FiberEXISTANT_AC118 YAM_INSET-AC117 YAM_ENSTP","link_type":"FO","geometry_type":"LineString","vendor":"","folder":"LIEN FO2023 / EXISTANT","color":"#FF7F00","width":3.0},"geometry":{"type":"LineString","coordinates":[[-5.2268,6.8823],[-5.2397,6.8701]]}},{"type":"Feature","properties":{"name":"FO_638_ROSIER_5B-ROSIER","description":"FiberEXISTANT_ET078 ROSIER_5B-AC062 ROSIER","link_type":"FO","geometry_type":"LineString","vendor":"","folder":"LIEN FO2023 / EXISTANT","color":"#FF7F00","width":3.0},"geometry":{"type":"LineString","coordinates":[[-3.9697333,5.39194444],[-3.9671664,5.38285856]]}},{"type":"Feature","properties":{"name":"FO_639_ROSIER_4-BESSIKOI","description":"FiberEXISTANT_AC632 ROSIER_4-ET069 BESSIKOI","link_type":"FO","geometry_type":"LineString","vendor":"","folder":"LIEN FO2023 / EXISTANT","color":"#FF7F00","width":3.0},"geometry":{"type":"LineString","coordinates":[[-3.96071,5.38479],[-3.964028,5.390694]]}},{"type":"Feature","properties":{"name":"FO_640_DIAWALA-OUANGOLO","description":"FiberEXISTANT_AC216 DIAWALA-AC293 OUANGOLO","link_type":"FO","geometry_type":"LineString","vendor":"","folder":"LIEN FO2023 / EXISTANT","color":"#FF7F00","width":3.0},"geometry":{"type":"LineString","coordinates":[[-5.4715,10.1106],[-5.1556,9.9709]]}},{"type":"Feature","properties":{"name":"FO_641_GAGNOA_CIT-GAGNOA_GARAHIO","description":"FiberEXISTANT_AC144 GAGNOA_CIT-AC145 GAGNOA_GARAHIO","link_type":"FO","geometry_type":"LineString","vendor":"","folder":"LIEN FO2023 / EXISTANT","color":"#FF7F00","width":3.0},"geometry":{"type":"LineString","coordinates":[[-5.943,6.1297],[-5.9297,6.1116]]}},{"type":"Feature","properties":{"name":"FO_642_SP_SONOUKO_EXT-SP_NITORO","description":"FiberEXISTANT_ET598 SP_SONOUKO_EXT-ET369 SP_NITORO","link_type":"FO","geometry_type":"LineString","vendor":"","folder":"LIEN FO2023 / EXISTANT","color":"#FF7F00","width":3.0},"geometry":{"type":"LineString","coordinates":[[-6.64797,4.73333],[-6.64161,4.73995]]}},{"type":"Feature","properties":{"name":"FO_643_YAM_KOKRENOU-YAM_FONDATION","description":"FiberEXISTANT_AC125 YAM_KOKRENOU-AC126 YAM_FONDATION","link_type":"FO","geometry_type":"LineString","vendor":"","folder":"LIEN FO2023 / EXISTANT","color":"#FF7F00","width":3.0},"geometry":{"type":"LineString","coordinates":[[-5.2762,6.7842],[-5.2616,6.7921]]}},{"type":"Feature","properties":{"name":"FO_644_DIAMOND-SEWEKE","description":"FiberEXISTANT_AC156 DIAMOND-AC153 SEWEKE","link_type":"FO","geometry_type":"LineString","vendor":"","folder":"LIEN FO2023 / EXISTANT","color":"#FF7F00","width":3.0},"geometry":{"type":"LineString","coordinates":[[-6.6304,4.7515],[-6.6456,4.7625]]}},{"type":"Feature","properties":{"name":"FO_645_TANRY-SEWEKE","description":"FiberEXISTANT_AC157 TANRY-AC153 SEWEKE","link_type":"FO","geometry_type":"LineString","vendor":"","folder":"LIEN FO2023 / EXISTANT","color":"#FF7F00","width":3.0},"geometry":{"type":"LineString","coordinates":[[-6.6698,4.7736],[-6.6456,4.7625]]}},{"type":"Feature","properties":{"name":"FO_646_ABOBO_GARE-ANADOR","description":"FiberEXISTANT_AC385 ABOBO_GARE-AC058 ANADOR","link_type":"FO","geometry_type":"LineString","vendor":"","folder":"LIEN FO2023 / EXISTANT","color":"#FF7F00","width":3.0},"geometry":{"type":"LineString","coordinates":[[-4.01278,5.41633277],[-4.0172489,5.41175751]]}},{"type":"Feature","properties":{"name":"FO_647_FAYA-LAURIER_9","description":"FiberEXISTANT_AC063 FAYA-AC648 LAURIER_9","link_type":"FO","geometry_type":"LineString","vendor":"","folder":"LIEN FO2023 / EXISTANT","color":"#FF7F00","width":3.0},"geometry":{"type":"LineString","coordinates":[[-3.9365256,5.37052338],[-3.9303,5.36281]]}},{"type":"Feature","properties":{"name":"FO_648_SOFITEL IVOIRE-BLOKOSSO","description":"FiberEXISTANT_ET523 SOFITEL IVOIRE-AC226 BLOKOSSO","link_type":"FO","geometry_type":"LineString","vendor":"","folder":"LIEN FO2023 / EXISTANT","color":"#FF7F00","width":3.0},"geometry":{"type":"LineString","coordinates":[[-4.00453,5.32553],[-4.0021308,5.32291409]]}},{"type":"Feature","properties":{"name":"FO_649_PARIS_VILLAGE-BINGES_MBSC","description":"FiberEXISTANT_AC692 PARIS_VILLAGE-AC229 BINGES_MBSC","link_type":"FO","geometry_type":"LineString","vendor":"","folder":"LIEN FO2023 / EXISTANT","color":"#FF7F00","width":3.0},"geometry":{"type":"LineString","coordinates":[[-3.9052,5.3602],[-3.864898,5.375701]]}},{"type":"Feature","properties":{"name":"FO_650_BKE_CORRIDOR_ND-BKE_POINT_CARRE","description":"FiberEXISTANT_AC610 BKE_CORRIDOR_ND-AC602 BKE_POINT_CARRE","link_type":"FO","geometry_type":"LineString","vendor":"","folder":"LIEN FO2023 / EXISTANT","color":"#FF7F00","width":3.0},"geometry":{"type":"LineString","coordinates":[[-5.0361,7.7456],[-5.0404,7.6816]]}},{"type":"Feature","properties":{"name":"FO_651_IPNETP-LTA","description":"FiberEXISTANT_ET024 IPNETP-AC099 LTA","link_type":"FO","geometry_type":"LineString","vendor":"","folder":"LIEN FO2023 / EXISTANT","color":"#FF7F00","width":3.0},"geometry":{"type":"LineString","coordinates":[[-4.0092,5.3482],[-4.0048182,5.35505618]]}},{"type":"Feature","properties":{"name":"FO_652_LAVOISIER-CAFEIER","description":"FiberEXISTANT_ET071 LAVOISIER-AC370 CAFEIER","link_type":"FO","geometry_type":"LineString","vendor":"","folder":"LIEN FO2023 / EXISTANT","color":"#FF7F00","width":3.0},"geometry":{"type":"LineString","coordinates":[[-3.97618,5.41742],[-3.98409,5.41273]]}},{"type":"Feature","properties":{"name":"FO_653_PRESIDENCE_indoor-CNPS","description":"FiberEXISTANT_ET530 PRESIDENCE_indoor-AC276 CNPS","link_type":"FO","geometry_type":"LineString","vendor":"","folder":"LIEN FO2023 / EXISTANT","color":"#FF7F00","width":3.0},"geometry":{"type":"LineString","coordinates":[[-4.02139,5.31942],[-4.01719,5.31669]]}},{"type":"Feature","properties":{"name":"FO_654_PRESIDENCE_outdoor-CNPS","description":"FiberEXISTANT_ET040 PRESIDENCE_outdoor-AC276 CNPS","link_type":"FO","geometry_type":"LineString","vendor":"","folder":"LIEN FO2023 / EXISTANT","color":"#FF7F00","width":3.0},"geometry":{"type":"LineString","coordinates":[[-4.020063,5.317916],[-4.01719,5.31669]]}},{"type":"Feature","properties":{"name":"FO_655_DJOROBITE_2-DJOROBITE","description":"FiberEXISTANT_ET319 DJOROBITE_2-AC912 DJOROBITE","link_type":"FO","geometry_type":"LineString","vendor":"","folder":"LIEN FO2023 / EXISTANT","color":"#FF7F00","width":3.0},"geometry":{"type":"LineString","coordinates":[[-3.94953,5.40558],[-3.956972,5.397278]]}},{"type":"Feature","properties":{"name":"FO_656_MODESTE_LYS DE MARIE-COCOTERAIE","description":"FiberEXISTANT_ET580 MODESTE_LYS DE MARIE-ET346 COCOTERAIE","link_type":"FO","geometry_type":"LineString","vendor":"","folder":"LIEN FO2023 / EXISTANT","color":"#FF7F00","width":3.0},"geometry":{"type":"LineString","coordinates":[[-3.81678,5.229537],[-3.775192,5.214664]]}},{"type":"Feature","properties":{"name":"FO_657_STIF-ADJAME_UTB","description":"FiberEXISTANT_AC334 STIF-ET402 ADJAME_UTB","link_type":"FO","geometry_type":"LineString","vendor":"","folder":"LIEN FO2023 / EXISTANT","color":"#FF7F00","width":3.0},"geometry":{"type":"LineString","coordinates":[[-4.0203476,5.35399032],[-4.0215,5.351294]]}},{"type":"Feature","properties":{"name":"FO_658_RESDCE_KIMI3-SOLEIL","description":"FiberEXISTANT_ET025 RESDCE_KIMI3-AC363 SOLEIL","link_type":"FO","geometry_type":"LineString","vendor":"","folder":"LIEN FO2023 / EXISTANT","color":"#FF7F00","width":3.0},"geometry":{"type":"LineString","coordinates":[[-3.9763,5.3987],[-3.977344,5.395479]]}},{"type":"Feature","properties":{"name":"FO_659_COLLEGE_FIGUIER-LAURIER_7","description":"FiberEXISTANT_ET068 COLLEGE_FIGUIER-AC619 LAURIER_7","link_type":"FO","geometry_type":"LineString","vendor":"","folder":"LIEN FO2023 / EXISTANT","color":"#FF7F00","width":3.0},"geometry":{"type":"LineString","coordinates":[[-3.96717,5.377],[-3.97092,5.3735]]}},{"type":"Feature","properties":{"name":"FO_660_SP_NITORO-DIAMOND","description":"FiberEXISTANT_ET369 SP_NITORO-AC156 DIAMOND","link_type":"FO","geometry_type":"LineString","vendor":"","folder":"LIEN FO2023 / EXISTANT","color":"#FF7F00","width":3.0},"geometry":{"type":"LineString","coordinates":[[-6.64161,4.73995],[-6.6304,4.7515]]}},{"type":"Feature","properties":{"name":"FO_661_AEROPORT_DHL-ASECNA","description":"FiberEXISTANT_ET383 AEROPORT_DHL-AC029 ASECNA","link_type":"FO","geometry_type":"LineString","vendor":"","folder":"LIEN FO2023 / EXISTANT","color":"#FF7F00","width":3.0},"geometry":{"type":"LineString","coordinates":[[-3.94394,5.24752],[-3.9359727,5.25535895]]}},{"type":"Feature","properties":{"name":"FO_662_CITE_DIASPORA-DJOROBITE","description":"FiberEXISTANT_ET512 CITE_DIASPORA-AC912 DJOROBITE","link_type":"FO","geometry_type":"LineString","vendor":"","folder":"LIEN FO2023 / EXISTANT","color":"#FF7F00","width":3.0},"geometry":{"type":"LineString","coordinates":[[-3.965374,5.398623],[-3.956972,5.397278]]}},{"type":"Feature","properties":{"name":"FO_663_DAL_TAZIBOUO_JUBILE-DAL_KHALIL","description":"FiberEXISTANT_ET526 DAL_TAZIBOUO_JUBILE-AC138 DAL_KHALIL","link_type":"FO","geometry_type":"LineString","vendor":"","folder":"LIEN FO2023 / EXISTANT","color":"#FF7F00","width":3.0},"geometry":{"type":"LineString","coordinates":[[-6.439942,6.896023],[-6.4529,6.9056]]}},{"type":"Feature","properties":{"name":"FO_664_YOP_FIGAYO-BIRANGO","description":"FiberEXISTANT_ET541 YOP_FIGAYO-AC322 BIRANGO","link_type":"FO","geometry_type":"LineString","vendor":"","folder":"LIEN FO2023 / EXISTANT","color":"#FF7F00","width":3.0},"geometry":{"type":"LineString","coordinates":[[-4.071218,5.35118],[-4.06672,5.34782386]]}},{"type":"Feature","properties":{"name":"FO_665_ADIAKE_BUISSONKRO-ADIAKE","description":"FiberEXISTANT_ET546 ADIAKE_BUISSONKRO-AC169 ADIAKE","link_type":"FO","geometry_type":"LineString","vendor":"","folder":"LIEN FO2023 / EXISTANT","color":"#FF7F00","width":3.0},"geometry":{"type":"LineString","coordinates":[[-3.302481,5.277916],[-3.3057258,5.28747666]]}},{"type":"Feature","properties":{"name":"FO_666_BOUAKE-BKE_KENNEDY","description":"FiberEXISTANT_ET569 BOUAKE-AC237 BKE_KENNEDY","link_type":"FO","geometry_type":"LineString","vendor":"","folder":"LIEN FO2023 / EXISTANT","color":"#FF7F00","width":3.0},"geometry":{"type":"LineString","coordinates":[[-4.982304,7.684736],[-5.0055,7.6833]]}},{"type":"Feature","properties":{"name":"FO_667_DABOU-DABOU","description":"FiberEXISTANT_ET571 DABOU-AC164 DABOU","link_type":"FO","geometry_type":"LineString","vendor":"","folder":"LIEN FO2023 / EXISTANT","color":"#FF7F00","width":3.0},"geometry":{"type":"LineString","coordinates":[[-4.384931,5.332065],[-4.3775,5.323]]}},{"type":"Feature","properties":{"name":"FO_668_DALOA_Rte_Bouafle-DAL_TAZIBO2","description":"FiberEXISTANT_ET573 DALOA_Rte_Bouafle-AC946 DAL_TAZIBO2","link_type":"FO","geometry_type":"LineString","vendor":"","folder":"LIEN FO2023 / EXISTANT","color":"#FF7F00","width":3.0},"geometry":{"type":"LineString","coordinates":[[-6.411645,6.90064],[-6.43333,6.90346]]}},{"type":"Feature","properties":{"name":"FO_669_YAM_Rte_OUME-YAM_KOKRENOU","description":"FiberEXISTANT_ET602 YAM_Rte_OUME-AC125 YAM_KOKRENOU","link_type":"FO","geometry_type":"LineString","vendor":"","folder":"LIEN FO2023 / EXISTANT","color":"#FF7F00","width":3.0},"geometry":{"type":"LineString","coordinates":[[-5.27954,6.752262],[-5.2762,6.7842]]}},{"type":"Feature","properties":{"name":"FO_670_SP_LYCEE_ALGADJI-SP_NITORO","description":"FiberEXISTANT_ET677 SP_LYCEE_ALGADJI-ET369 SP_NITORO","link_type":"FO","geometry_type":"LineString","vendor":"","folder":"LIEN FO2023 / EXISTANT","color":"#FF7F00","width":3.0},"geometry":{"type":"LineString","coordinates":[[-6.632942,4.737295],[-6.64161,4.73995]]}},{"type":"Feature","properties":{"name":"FO_671_YOP_BATIM_1-BATIM2","description":"FiberEXISTANT_ET695 YOP_BATIM_1-AC110 BATIM2","link_type":"FO","geometry_type":"LineString","vendor":"","folder":"LIEN FO2023 / EXISTANT","color":"#FF7F00","width":3.0},"geometry":{"type":"LineString","coordinates":[[-4.093246,5.363331],[-4.0905507,5.3606259]]}},{"type":"Feature","properties":{"name":"FO_672_YOP_SELMER_GREEN-SELMER","description":"FiberEXISTANT_ET701 YOP_SELMER_GREEN-AC038 SELMER","link_type":"FO","geometry_type":"LineString","vendor":"","folder":"LIEN FO2023 / EXISTANT","color":"#FF7F00","width":3.0},"geometry":{"type":"LineString","coordinates":[[-4.069597,5.340312],[-4.0634679,5.33933646]]}},{"type":"Feature","properties":{"name":"FO_673_ABOBO_SAGBE_RAIL-SAGBE","description":"FiberEXISTANT_ET713 ABOBO_SAGBE_RAIL-AC051 SAGBE","link_type":"FO","geometry_type":"LineString","vendor":"","folder":"LIEN FO2023 / EXISTANT","color":"#FF7F00","width":3.0},"geometry":{"type":"LineString","coordinates":[[-4.040179,5.414993],[-4.0308882,5.41833735]]}},{"type":"Feature","properties":{"name":"FO_674_TREICH_PETIT_PARIS-GALAXY","description":"FiberEXISTANT_ET727 TREICH_PETIT_PARIS-AC003 GALAXY","link_type":"FO","geometry_type":"LineString","vendor":"","folder":"LIEN FO2023 / EXISTANT","color":"#FF7F00","width":3.0},"geometry":{"type":"LineString","coordinates":[[-4.012101,5.305839],[-4.0102192,5.30806685]]}},{"type":"Feature","properties":{"name":"FO_675_KOR_AGENCE_SOBA-KOR_PETIT_PARIS","description":"FiberEXISTANT_ET732 KOR_AGENCE_SOBA-AC250 KOR_PETIT_PARIS","link_type":"FO","geometry_type":"LineString","vendor":"","folder":"LIEN FO2023 / EXISTANT","color":"#FF7F00","width":3.0},"geometry":{"type":"LineString","coordinates":[[-5.6251,9.46078],[-5.61289,9.46013]]}},{"type":"Feature","properties":{"name":"FO_676_AKOUEDO_NV_CAMP-MISSION_EPHRATA","description":"FiberEXISTANT_ET316 AKOUEDO_NV_CAMP-AC719 MISSION_EPHRATA","link_type":"FO","geometry_type":"LineString","vendor":"","folder":"LIEN FO2023 / EXISTANT","color":"#FF7F00","width":3.0},"geometry":{"type":"LineString","coordinates":[[-3.94088,5.38125],[-3.9339,5.38186]]}},{"type":"Feature","properties":{"name":"FO_677_GUICHANROLAIN-OASIS","description":"FiberEXISTANT_AC316 GUICHANROLAIN-AC044 OASIS","link_type":"FO","geometry_type":"LineString","vendor":"","folder":"LIEN FO2023 / EXISTANT","color":"#FF7F00","width":3.0},"geometry":{"type":"LineString","coordinates":[[-4.0946203,5.35028033],[-4.0988907,5.35644129]]}}]}