{"type":"FeatureCollection","features":[{"type":"Feature","properties":{"name":"FH_001_YOP_CSM17-COPRIM","description":"MicrowaveHUAWEI_ET002 YOP_CSM17-AC326 COPRIM","link_type":"FH","geometry_type":"LineString","vendor":"HUAWEI","folder":"LIEN FH / HUAWEI","color":"#00FF00","width":2.0},"geometry":{"type":"LineString","coordinates":[[-4.0965,5.3194],[-4.0962784,5.32354971]]}},{"type":"Feature","properties":{"name":"FH_002_PBOUET-SIRENE","description":"MicrowaveHUAWEI_AC028 PBOUET-AC032 SIRENE","link_type":"FH","geometry_type":"LineString","vendor":"HUAWEI","folder":"LIEN FH / HUAWEI","color":"#00FF00","width":2.0},"geometry":{"type":"LineString","coordinates":[[-3.9656459,5.25857003],[-3.9434886,5.25509436]]}},{"type":"Feature","properties":{"name":"FH_003_ODDOS-RAGGI","description":"MicrowaveHUAWEI_AC087 ODDOS-AC461 RAGGI","link_type":"FH","geometry_type":"LineString","vendor":"HUAWEI","folder":"LIEN FH / HUAWEI","color":"#00FF00","width":2.0},"geometry":{"type":"LineString","coordinates":[[-3.7371475,5.20743846],[-3.7288,5.19427]]}},{"type":"Feature","properties":{"name":"FH_004_TOUMODI-TOUMODI_RESIDENTIEL","description":"MicrowaveHUAWEI_AC115 TOUMODI-ET101 TOUMODI_RESIDENTIEL","link_type":"FH","geometry_type":"LineString","vendor":"HUAWEI","folder":"LIEN FH / HUAWEI","color":"#00FF00","width":2.0},"geometry":{"type":"LineString","coordinates":[[-5.0193,6.5581],[-5.013835,6.564949]]}},{"type":"Feature","properties":{"name":"FH_005_BOUAFLE-KOBLATA","description":"MicrowaveHUAWEI_AC131 BOUAFLE-AC937 KOBLATA","link_type":"FH","geometry_type":"LineString","vendor":"HUAWEI","folder":"LIEN FH / HUAWEI","color":"#00FF00","width":2.0},"geometry":{"type":"LineString","coordinates":[[-5.7488,6.9882],[-5.73548,6.98147]]}},{"type":"Feature","properties":{"name":"FH_006_BOCANDA-KOUASSIKOUASSIKRO","description":"MicrowaveHUAWEI_AC187 BOCANDA-AC512 KOUASSIKOUASSIKRO","link_type":"FH","geometry_type":"LineString","vendor":"HUAWEI","folder":"LIEN FH / HUAWEI","color":"#00FF00","width":2.0},"geometry":{"type":"LineString","coordinates":[[-4.4997,7.0675],[-4.6784,7.3422]]}},{"type":"Feature","properties":{"name":"FH_007_DIMBOKRO-TRIANIKRO","description":"MicrowaveHUAWEI_AC188 DIMBOKRO-ET217 TRIANIKRO","link_type":"FH","geometry_type":"LineString","vendor":"HUAWEI","folder":"LIEN FH / HUAWEI","color":"#00FF00","width":2.0},"geometry":{"type":"LineString","coordinates":[[-4.7061,6.6489],[-4.80717,6.85216]]}},{"type":"Feature","properties":{"name":"FH_008_TOUBA-ZALA","description":"MicrowaveHUAWEI_AC220 TOUBA-AC505 ZALA","link_type":"FH","geometry_type":"LineString","vendor":"HUAWEI","folder":"LIEN FH / HUAWEI","color":"#00FF00","width":2.0},"geometry":{"type":"LineString","coordinates":[[-7.6871,8.2869],[-7.6159,8.2244]]}},{"type":"Feature","properties":{"name":"FH_009_GD_ZATTRY-MAYO","description":"MicrowaveHUAWEI_AC222 GD_ZATTRY-AC570 MAYO","link_type":"FH","geometry_type":"LineString","vendor":"HUAWEI","folder":"LIEN FH / HUAWEI","color":"#00FF00","width":2.0},"geometry":{"type":"LineString","coordinates":[[-6.5361,6.1178],[-6.4018,6.0867]]}},{"type":"Feature","properties":{"name":"FH_010_KOR_CIT-MBENGUEDOUGOU","description":"MicrowaveHUAWEI_AC246 KOR_CIT-AC507 MBENGUEDOUGOU","link_type":"FH","geometry_type":"LineString","vendor":"HUAWEI","folder":"LIEN FH / HUAWEI","color":"#00FF00","width":2.0},"geometry":{"type":"LineString","coordinates":[[-5.63136,9.45497],[-5.818387,9.52095]]}},{"type":"Feature","properties":{"name":"FH_011_KOR_LYC_SAKANOKO-NAPIE","description":"MicrowaveHUAWEI_AC248 KOR_LYC_SAKANOKO-AC254 NAPIE","link_type":"FH","geometry_type":"LineString","vendor":"HUAWEI","folder":"LIEN FH / HUAWEI","color":"#00FF00","width":2.0},"geometry":{"type":"LineString","coordinates":[[-5.6581,9.4547],[-5.5888,9.2963]]}},{"type":"Feature","properties":{"name":"FH_012_SINEMATIALI-FERKESSEDOUGOU","description":"MicrowaveHUAWEI_AC251 SINEMATIALI-AC252 FERKESSEDOUGOU","link_type":"FH","geometry_type":"LineString","vendor":"HUAWEI","folder":"LIEN FH / HUAWEI","color":"#00FF00","width":2.0},"geometry":{"type":"LineString","coordinates":[[-5.4009,9.5721],[-5.1876,9.5918]]}},{"type":"Feature","properties":{"name":"FH_013_SINEMATIALI-GBALEKAHA","description":"MicrowaveHUAWEI_AC251 SINEMATIALI-AC573 GBALEKAHA","link_type":"FH","geometry_type":"LineString","vendor":"HUAWEI","folder":"LIEN FH / HUAWEI","color":"#00FF00","width":2.0},"geometry":{"type":"LineString","coordinates":[[-5.4009,9.5721],[-5.4797,9.5098]]}},{"type":"Feature","properties":{"name":"FH_014_ANIASSUE-BEKOUEFIN","description":"MicrowaveHUAWEI_AC260 ANIASSUE-AC279 BEKOUEFIN","link_type":"FH","geometry_type":"LineString","vendor":"HUAWEI","folder":"LIEN FH / HUAWEI","color":"#00FF00","width":2.0},"geometry":{"type":"LineString","coordinates":[[-3.6830877,6.65858428],[-3.8431145,6.4769997]]}},{"type":"Feature","properties":{"name":"FH_015_DAGOUAHIO-GALEBRE","description":"MicrowaveHUAWEI_AC264 DAGOUAHIO-ET143 GALEBRE","link_type":"FH","geometry_type":"LineString","vendor":"HUAWEI","folder":"LIEN FH / HUAWEI","color":"#00FF00","width":2.0},"geometry":{"type":"LineString","coordinates":[[-6.2478,5.995],[-6.28903,6.004565]]}},{"type":"Feature","properties":{"name":"FH_016_TENGRELA-BLESSEGUE","description":"MicrowaveHUAWEI_AC292 TENGRELA-AC569 BLESSEGUE","link_type":"FH","geometry_type":"LineString","vendor":"HUAWEI","folder":"LIEN FH / HUAWEI","color":"#00FF00","width":2.0},"geometry":{"type":"LineString","coordinates":[[-6.408,10.483],[-6.4134,10.1995]]}},{"type":"Feature","properties":{"name":"FH_017_VAVOUA-SEBOUAFLA","description":"MicrowaveHUAWEI_AC299 VAVOUA-AC986 SEBOUAFLA","link_type":"FH","geometry_type":"LineString","vendor":"HUAWEI","folder":"LIEN FH / HUAWEI","color":"#00FF00","width":2.0},"geometry":{"type":"LineString","coordinates":[[-6.4758,7.3833],[-6.47986,7.3717]]}},{"type":"Feature","properties":{"name":"FH_018_FERKE2-BADIKAHA","description":"MicrowaveHUAWEI_AC437 FERKE2-AC702 BADIKAHA","link_type":"FH","geometry_type":"LineString","vendor":"HUAWEI","folder":"LIEN FH / HUAWEI","color":"#00FF00","width":2.0},"geometry":{"type":"LineString","coordinates":[[-5.2716,9.296],[-5.16193,9.18993]]}},{"type":"Feature","properties":{"name":"FH_019_BOGNEREDOUGOU-TIMBE","description":"MicrowaveHUAWEI_AC446 BOGNEREDOUGOU-ET209 TIMBE","link_type":"FH","geometry_type":"LineString","vendor":"HUAWEI","folder":"LIEN FH / HUAWEI","color":"#00FF00","width":2.0},"geometry":{"type":"LineString","coordinates":[[-4.71905,8.36736],[-4.9406378,8.17316955]]}},{"type":"Feature","properties":{"name":"FH_020_DJEBONOUA-KONDOUKRO","description":"MicrowaveHUAWEI_AC452 DJEBONOUA-ET476 KONDOUKRO","link_type":"FH","geometry_type":"LineString","vendor":"HUAWEI","folder":"LIEN FH / HUAWEI","color":"#00FF00","width":2.0},"geometry":{"type":"LineString","coordinates":[[-5.06911,7.52563],[-5.08344,7.46389]]}},{"type":"Feature","properties":{"name":"FH_021_GUESSABO-DIBOBLI","description":"MicrowaveHUAWEI_AC456 GUESSABO-ET608 DIBOBLI","link_type":"FH","geometry_type":"LineString","vendor":"HUAWEI","folder":"LIEN FH / HUAWEI","color":"#00FF00","width":2.0},"geometry":{"type":"LineString","coordinates":[[-6.9534,6.7364],[-7.019716,6.739189]]}},{"type":"Feature","properties":{"name":"FH_022_GUEYO-GNAKOBLONOUAN","description":"MicrowaveHUAWEI_AC457 GUEYO-ET204 GNAKOBLONOUAN","link_type":"FH","geometry_type":"LineString","vendor":"HUAWEI","folder":"LIEN FH / HUAWEI","color":"#00FF00","width":2.0},"geometry":{"type":"LineString","coordinates":[[-6.0726,5.6821],[-5.9791111,5.71133333]]}},{"type":"Feature","properties":{"name":"FH_023_OUELLE-KOFFI_AMONKRO","description":"MicrowaveHUAWEI_AC464 OUELLE-AC908 KOFFI_AMONKRO","link_type":"FH","geometry_type":"LineString","vendor":"HUAWEI","folder":"LIEN FH / HUAWEI","color":"#00FF00","width":2.0},"geometry":{"type":"LineString","coordinates":[[-4.013,7.2974],[-3.95902,7.47314]]}},{"type":"Feature","properties":{"name":"FH_024_POGO-NIELLE","description":"MicrowaveHUAWEI_AC465 POGO-AC504 NIELLE","link_type":"FH","geometry_type":"LineString","vendor":"HUAWEI","folder":"LIEN FH / HUAWEI","color":"#00FF00","width":2.0},"geometry":{"type":"LineString","coordinates":[[-5.6279,10.4343],[-5.6296,10.1937]]}},{"type":"Feature","properties":{"name":"FH_025_GOUANA-ZALA","description":"MicrowaveHUAWEI_AC472 GOUANA-AC505 ZALA","link_type":"FH","geometry_type":"LineString","vendor":"HUAWEI","folder":"LIEN FH / HUAWEI","color":"#00FF00","width":2.0},"geometry":{"type":"LineString","coordinates":[[-7.6846,8.0706],[-7.6159,8.2244]]}},{"type":"Feature","properties":{"name":"FH_026_SOKORODOUGOU-KAHANSO","description":"MicrowaveHUAWEI_AC509 SOKORODOUGOU-ET290 KAHANSO","link_type":"FH","geometry_type":"LineString","vendor":"HUAWEI","folder":"LIEN FH / HUAWEI","color":"#00FF00","width":2.0},"geometry":{"type":"LineString","coordinates":[[-7.5533,9.0319],[-7.6048888,9.24966666]]}},{"type":"Feature","properties":{"name":"FH_027_KOUTO-GBON","description":"MicrowaveHUAWEI_AC568 KOUTO-AC963 GBON","link_type":"FH","geometry_type":"LineString","vendor":"HUAWEI","folder":"LIEN FH / HUAWEI","color":"#00FF00","width":2.0},"geometry":{"type":"LineString","coordinates":[[-6.414,9.8929],[-6.45557,9.83499]]}},{"type":"Feature","properties":{"name":"FH_028_OTTAA-NIOROUHIO","description":"MicrowaveHUAWEI_AC575 OTTAA-ET266 NIOROUHIO","link_type":"FH","geometry_type":"LineString","vendor":"HUAWEI","folder":"LIEN FH / HUAWEI","color":"#00FF00","width":2.0},"geometry":{"type":"LineString","coordinates":[[-6.2724,5.7302],[-6.126028,5.77]]}},{"type":"Feature","properties":{"name":"FH_029_BKE_ROUTE_BEOUMI-ANGOUAYAOKRO","description":"MicrowaveHUAWEI_AC609 BKE_ROUTE_BEOUMI-ET498 ANGOUAYAOKRO","link_type":"FH","geometry_type":"LineString","vendor":"HUAWEI","folder":"LIEN FH / HUAWEI","color":"#00FF00","width":2.0},"geometry":{"type":"LineString","coordinates":[[-5.09292,7.68389],[-5.21694,7.69333]]}},{"type":"Feature","properties":{"name":"FH_030_YAM_BSC-BAONFLA","description":"MicrowaveHUAWEI_AC611 YAM_BSC-AC832 BAONFLA","link_type":"FH","geometry_type":"LineString","vendor":"HUAWEI","folder":"LIEN FH / HUAWEI","color":"#00FF00","width":2.0},"geometry":{"type":"LineString","coordinates":[[-5.2427,6.7939],[-5.4989,6.8327]]}},{"type":"Feature","properties":{"name":"FH_031_TOURATO-NIOFOIN","description":"MicrowaveHUAWEI_AC696 TOURATO-ET279 NIOFOIN","link_type":"FH","geometry_type":"LineString","vendor":"HUAWEI","folder":"LIEN FH / HUAWEI","color":"#00FF00","width":2.0},"geometry":{"type":"LineString","coordinates":[[-5.99793,9.5417],[-6.075889,9.619638]]}},{"type":"Feature","properties":{"name":"FH_032_ANGAGUI-GRIBOUO","description":"MicrowaveHUAWEI_AC823 ANGAGUI-AC852 GRIBOUO","link_type":"FH","geometry_type":"LineString","vendor":"HUAWEI","folder":"LIEN FH / HUAWEI","color":"#00FF00","width":2.0},"geometry":{"type":"LineString","coordinates":[[-6.8016,5.9294],[-6.9093,6.1883]]}},{"type":"Feature","properties":{"name":"FH_033_ANGAGUI-LOGOGBA","description":"MicrowaveHUAWEI_AC823 ANGAGUI-AC865 LOGOGBA","link_type":"FH","geometry_type":"LineString","vendor":"HUAWEI","folder":"LIEN FH / HUAWEI","color":"#00FF00","width":2.0},"geometry":{"type":"LineString","coordinates":[[-6.8016,5.9294],[-6.7393,5.9835]]}},{"type":"Feature","properties":{"name":"FH_034_BAHE_BLAON-GOYA_1","description":"MicrowaveHUAWEI_AC828 BAHE_BLAON-AC866 GOYA_1","link_type":"FH","geometry_type":"LineString","vendor":"HUAWEI","folder":"LIEN FH / HUAWEI","color":"#00FF00","width":2.0},"geometry":{"type":"LineString","coordinates":[[-7.3416,6.6717],[-7.4272,6.5648]]}},{"type":"Feature","properties":{"name":"FH_035_ZOHOREOYO2-LILIYO","description":"MicrowaveHUAWEI_AC839 ZOHOREOYO2-AC864 LILIYO","link_type":"FH","geometry_type":"LineString","vendor":"HUAWEI","folder":"LIEN FH / HUAWEI","color":"#00FF00","width":2.0},"geometry":{"type":"LineString","coordinates":[[-6.3448,5.9269],[-6.3607,5.9971]]}},{"type":"Feature","properties":{"name":"FH_036_KOUDOUGOU-GARANGO","description":"MicrowaveHUAWEI_AC859 KOUDOUGOU-ET288 GARANGO","link_type":"FH","geometry_type":"LineString","vendor":"HUAWEI","folder":"LIEN FH / HUAWEI","color":"#00FF00","width":2.0},"geometry":{"type":"LineString","coordinates":[[-5.6721,6.932],[-5.819944,6.962028]]}},{"type":"Feature","properties":{"name":"FH_037_KOUETINFLA-NIEKEIDE","description":"MicrowaveHUAWEI_AC860 KOUETINFLA-AC872 NIEKEIDE","link_type":"FH","geometry_type":"LineString","vendor":"HUAWEI","folder":"LIEN FH / HUAWEI","color":"#00FF00","width":2.0},"geometry":{"type":"LineString","coordinates":[[-6.046,6.6211],[-5.9982,6.464]]}},{"type":"Feature","properties":{"name":"FH_038_KOUETINFLA-ZAGORETA","description":"MicrowaveHUAWEI_AC860 KOUETINFLA-AC893 ZAGORETA","link_type":"FH","geometry_type":"LineString","vendor":"HUAWEI","folder":"LIEN FH / HUAWEI","color":"#00FF00","width":2.0},"geometry":{"type":"LineString","coordinates":[[-6.046,6.6211],[-6.1537,6.6753]]}},{"type":"Feature","properties":{"name":"FH_039_KOUETINFLA-SINFRA_NV_QTIER","description":"MicrowaveHUAWEI_AC860 KOUETINFLA-AC905 SINFRA_NV_QTIER","link_type":"FH","geometry_type":"LineString","vendor":"HUAWEI","folder":"LIEN FH / HUAWEI","color":"#00FF00","width":2.0},"geometry":{"type":"LineString","coordinates":[[-6.046,6.6211],[-5.91602,6.61213]]}},{"type":"Feature","properties":{"name":"FH_040_GOYA_1-BEHIBO_V15","description":"MicrowaveHUAWEI_AC866 GOYA_1-AC898 BEHIBO_V15","link_type":"FH","geometry_type":"LineString","vendor":"HUAWEI","folder":"LIEN FH / HUAWEI","color":"#00FF00","width":2.0},"geometry":{"type":"LineString","coordinates":[[-7.4272,6.5648],[-7.4199,6.3148]]}},{"type":"Feature","properties":{"name":"FH_041_KONONFLA-KOUAMEFLA","description":"MicrowaveHUAWEI_AC903 KONONFLA-ET157 KOUAMEFLA","link_type":"FH","geometry_type":"LineString","vendor":"HUAWEI","folder":"LIEN FH / HUAWEI","color":"#00FF00","width":2.0},"geometry":{"type":"LineString","coordinates":[[-5.60721,6.65118],[-5.420974,6.587672]]}},{"type":"Feature","properties":{"name":"FH_042_DAL_BSC-DAL_ABATTOIR_2","description":"MicrowaveHUAWEI_AC904 DAL_BSC-ET102 DAL_ABATTOIR_2","link_type":"FH","geometry_type":"LineString","vendor":"HUAWEI","folder":"LIEN FH / HUAWEI","color":"#00FF00","width":2.0},"geometry":{"type":"LineString","coordinates":[[-6.429886,6.880981],[-6.42796,6.85927]]}},{"type":"Feature","properties":{"name":"FH_043_MAN_2-DOMOUROU","description":"MicrowaveHUAWEI_AC941 MAN_2-ET363 DOMOUROU","link_type":"FH","geometry_type":"LineString","vendor":"HUAWEI","folder":"LIEN FH / HUAWEI","color":"#00FF00","width":2.0},"geometry":{"type":"LineString","coordinates":[[-7.54718,7.39064],[-7.55947,7.41031]]}},{"type":"Feature","properties":{"name":"FH_044_ASSIE_KOUMASSI-NZEKREZESSOU","description":"MicrowaveHUAWEI_ET120 ASSIE_KOUMASSI-ET235 NZEKREZESSOU","link_type":"FH","geometry_type":"LineString","vendor":"HUAWEI","folder":"LIEN FH / HUAWEI","color":"#00FF00","width":2.0},"geometry":{"type":"LineString","coordinates":[[-4.286028,6.769722],[-4.272667,7.069444]]}},{"type":"Feature","properties":{"name":"FH_045_GNATROA-AHIZABRE","description":"MicrowaveHUAWEI_ET145 GNATROA-ET258 AHIZABRE","link_type":"FH","geometry_type":"LineString","vendor":"HUAWEI","folder":"LIEN FH / HUAWEI","color":"#00FF00","width":2.0},"geometry":{"type":"LineString","coordinates":[[-6.153389,5.921389],[-6.10345,6.047097]]}},{"type":"Feature","properties":{"name":"FH_046_GNATROA-NIOROUHIO","description":"MicrowaveHUAWEI_ET145 GNATROA-ET266 NIOROUHIO","link_type":"FH","geometry_type":"LineString","vendor":"HUAWEI","folder":"LIEN FH / HUAWEI","color":"#00FF00","width":2.0},"geometry":{"type":"LineString","coordinates":[[-6.153389,5.921389],[-6.126028,5.77]]}},{"type":"Feature","properties":{"name":"FH_047_NIAKOBLOGNOA-AHIZABRE","description":"MicrowaveHUAWEI_ET152 NIAKOBLOGNOA-ET258 AHIZABRE","link_type":"FH","geometry_type":"LineString","vendor":"HUAWEI","folder":"LIEN FH / HUAWEI","color":"#00FF00","width":2.0},"geometry":{"type":"LineString","coordinates":[[-5.841421,5.965779],[-6.10345,6.047097]]}},{"type":"Feature","properties":{"name":"FH_048_TONGON_VILLAGE-LATAHA","description":"MicrowaveHUAWEI_ET166 TONGON_VILLAGE-ET273 LATAHA","link_type":"FH","geometry_type":"LineString","vendor":"HUAWEI","folder":"LIEN FH / HUAWEI","color":"#00FF00","width":2.0},"geometry":{"type":"LineString","coordinates":[[-5.702667,9.936833],[-5.592333,9.572389]]}},{"type":"Feature","properties":{"name":"FH_049_VAOU-ANCIEN_PROZI","description":"MicrowaveHUAWEI_ET170 VAOU-ET174 ANCIEN_PROZI","link_type":"FH","geometry_type":"LineString","vendor":"HUAWEI","folder":"LIEN FH / HUAWEI","color":"#00FF00","width":2.0},"geometry":{"type":"LineString","coordinates":[[-6.98479,7.43917],[-6.963969,7.663917]]}},{"type":"Feature","properties":{"name":"FH_050_DABOUYO-GNAKOBLONOUAN","description":"MicrowaveHUAWEI_ET185 DABOUYO-ET204 GNAKOBLONOUAN","link_type":"FH","geometry_type":"LineString","vendor":"HUAWEI","folder":"LIEN FH / HUAWEI","color":"#00FF00","width":2.0},"geometry":{"type":"LineString","coordinates":[[-6.039922,5.543334],[-5.9791111,5.71133333]]}},{"type":"Feature","properties":{"name":"FH_051_DOKE-TINHOU","description":"MicrowaveHUAWEI_ET234 DOKE-ET635 TINHOU","link_type":"FH","geometry_type":"LineString","vendor":"HUAWEI","folder":"LIEN FH / HUAWEI","color":"#00FF00","width":2.0},"geometry":{"type":"LineString","coordinates":[[-8.121252,6.596276],[-8.160639,6.441831]]}},{"type":"Feature","properties":{"name":"FH_052_AHOUGNANFOUTOU-ANGOUAYAOKRO","description":"MicrowaveHUAWEI_ET497 AHOUGNANFOUTOU-ET498 ANGOUAYAOKRO","link_type":"FH","geometry_type":"LineString","vendor":"HUAWEI","folder":"LIEN FH / HUAWEI","color":"#00FF00","width":2.0},"geometry":{"type":"LineString","coordinates":[[-5.31903,7.68706],[-5.21694,7.69333]]}},{"type":"Feature","properties":{"name":"FH_053_DIAFLA-KETRO_BASSAM","description":"MicrowaveHUAWEI_AC906 DIAFLA-AC857 KETRO_BASSAM","link_type":"FH","geometry_type":"LineString","vendor":"HUAWEI","folder":"LIEN FH / HUAWEI","color":"#00FF00","width":2.0},"geometry":{"type":"LineString","coordinates":[[-6.86436,7.41977],[-6.6372,7.1808]]}},{"type":"Feature","properties":{"name":"FH_054_GONATE-DAL_BSC","description":"MicrowaveHUAWEI_AC490 GONATE-AC904 DAL_BSC","link_type":"FH","geometry_type":"LineString","vendor":"HUAWEI","folder":"LIEN FH / HUAWEI","color":"#00FF00","width":2.0},"geometry":{"type":"LineString","coordinates":[[-6.2417,6.9093],[-6.429886,6.880981]]}},{"type":"Feature","properties":{"name":"FH_055_GONATE-SEHIZRA","description":"MicrowaveHUAWEI_AC490 GONATE-AC255 SEHIZRA","link_type":"FH","geometry_type":"LineString","vendor":"HUAWEI","folder":"LIEN FH / HUAWEI","color":"#00FF00","width":2.0},"geometry":{"type":"LineString","coordinates":[[-6.2417,6.9093],[-6.1008,6.9189]]}},{"type":"Feature","properties":{"name":"FH_056_SOUBOUO-SOUBRE","description":"MicrowaveHUAWEI_ET373 SOUBOUO-AC149 SOUBRE","link_type":"FH","geometry_type":"LineString","vendor":"HUAWEI","folder":"LIEN FH / HUAWEI","color":"#00FF00","width":2.0},"geometry":{"type":"LineString","coordinates":[[-6.6025,5.777111],[-6.5955,5.7844]]}},{"type":"Feature","properties":{"name":"FH_057_MAN_2-MAN","description":"MicrowaveHUAWEI_AC941 MAN_2-AC290 MAN","link_type":"FH","geometry_type":"LineString","vendor":"HUAWEI","folder":"LIEN FH / HUAWEI","color":"#00FF00","width":2.0},"geometry":{"type":"LineString","coordinates":[[-7.54718,7.39064],[-7.5488,7.4111]]}},{"type":"Feature","properties":{"name":"FH_058_ZALA-OUANINOU","description":"MicrowaveHUAWEI_AC505 ZALA-AC899 OUANINOU","link_type":"FH","geometry_type":"LineString","vendor":"HUAWEI","folder":"LIEN FH / HUAWEI","color":"#00FF00","width":2.0},"geometry":{"type":"LineString","coordinates":[[-7.6159,8.2244],[-7.8538,8.2415]]}},{"type":"Feature","properties":{"name":"FH_059_ZEBREZIHE-DAL_BSC","description":"MicrowaveHUAWEI_ET504 ZEBREZIHE-AC904 DAL_BSC","link_type":"FH","geometry_type":"LineString","vendor":"HUAWEI","folder":"LIEN FH / HUAWEI","color":"#00FF00","width":2.0},"geometry":{"type":"LineString","coordinates":[[-6.37256,6.90322],[-6.429886,6.880981]]}},{"type":"Feature","properties":{"name":"FH_060_GRAND_GBAPLEU-MAN","description":"MicrowaveHUAWEI_AC896 GRAND_GBAPLEU-AC290 MAN","link_type":"FH","geometry_type":"LineString","vendor":"HUAWEI","folder":"LIEN FH / HUAWEI","color":"#00FF00","width":2.0},"geometry":{"type":"LineString","coordinates":[[-7.5297,7.4088],[-7.5488,7.4111]]}},{"type":"Feature","properties":{"name":"FH_061_ASSOUINDE2-MAFIA","description":"MicrowaveHUAWEI_ET344 ASSOUINDE2-AC167 MAFIA","link_type":"FH","geometry_type":"LineString","vendor":"HUAWEI","folder":"LIEN FH / HUAWEI","color":"#00FF00","width":2.0},"geometry":{"type":"LineString","coordinates":[[-3.30763,5.14396],[-3.28925,5.13826]]}},{"type":"Feature","properties":{"name":"FH_062_MAFIA-ASSINIE2","description":"MicrowaveHUAWEI_AC167 MAFIA-ET341 ASSINIE2","link_type":"FH","geometry_type":"LineString","vendor":"HUAWEI","folder":"LIEN FH / HUAWEI","color":"#00FF00","width":2.0},"geometry":{"type":"LineString","coordinates":[[-3.28925,5.13826],[-3.3543,5.149469]]}},{"type":"Feature","properties":{"name":"FH_063_MABEHIRI_I-SOUBRE","description":"MicrowaveHUAWEI_ET211 MABEHIRI_I-AC149 SOUBRE","link_type":"FH","geometry_type":"LineString","vendor":"HUAWEI","folder":"LIEN FH / HUAWEI","color":"#00FF00","width":2.0},"geometry":{"type":"LineString","coordinates":[[-6.4165,5.681083],[-6.5955,5.7844]]}},{"type":"Feature","properties":{"name":"FH_064_MBAHIAKRO-CITMBAHIAKRO","description":"MicrowaveHUAWEI_AC186 MBAHIAKRO-AT802 CITMBAHIAKRO","link_type":"FH","geometry_type":"LineString","vendor":"HUAWEI","folder":"LIEN FH / HUAWEI","color":"#00FF00","width":2.0},"geometry":{"type":"LineString","coordinates":[[-4.34168,7.45361],[-4.34333333333333,7.45861111111111]]}},{"type":"Feature","properties":{"name":"FH_065_SOUBRE-SOUBRE_CHATEAU","description":"MicrowaveHUAWEI_AC149 SOUBRE-ET374 SOUBRE_CHATEAU","link_type":"FH","geometry_type":"LineString","vendor":"HUAWEI","folder":"LIEN FH / HUAWEI","color":"#00FF00","width":2.0},"geometry":{"type":"LineString","coordinates":[[-6.5955,5.7844],[-6.58664,5.79233]]}},{"type":"Feature","properties":{"name":"FH_066_ANANDA-CITMBAHIAKRO","description":"MicrowaveHUAWEI_AC485 ANANDA-AT802 CITMBAHIAKRO","link_type":"FH","geometry_type":"LineString","vendor":"HUAWEI","folder":"LIEN FH / HUAWEI","color":"#00FF00","width":2.0},"geometry":{"type":"LineString","coordinates":[[-4.2495,7.2829],[-4.34333333333333,7.45861111111111]]}},{"type":"Feature","properties":{"name":"FH_067_CITMBAHIAKRO-MBAHIAKRO","description":"MicrowaveHUAWEI_AT802 CITMBAHIAKRO-AC186 MBAHIAKRO","link_type":"FH","geometry_type":"LineString","vendor":"HUAWEI","folder":"LIEN FH / HUAWEI","color":"#00FF00","width":2.0},"geometry":{"type":"LineString","coordinates":[[-4.34333333333333,7.45861111111111],[-4.34168,7.45361]]}},{"type":"Feature","properties":{"name":"FH_068_MBENGUE-NIELLE","description":"MicrowaveHUAWEI_AC580 MBENGUE-AC504 NIELLE","link_type":"FH","geometry_type":"LineString","vendor":"HUAWEI","folder":"LIEN FH / HUAWEI","color":"#00FF00","width":2.0},"geometry":{"type":"LineString","coordinates":[[-5.8985,10.0081],[-5.6296,10.1937]]}},{"type":"Feature","properties":{"name":"FH_069_ANANI_CARR_MOTARD-WEST AFRICA","description":"MicrowaveHUAWEI_ET676 ANANI_CARR_MOTARD-AC815 WEST AFRICA","link_type":"FH","geometry_type":"LineString","vendor":"HUAWEI","folder":"LIEN FH / HUAWEI","color":"#00FF00","width":2.0},"geometry":{"type":"LineString","coordinates":[[-3.881149,5.244177],[-3.89565,5.243384]]}},{"type":"Feature","properties":{"name":"FH_070_ZOU-PINHOU-ZARABAON","description":"MicrowaveHUAWEI_ET269 ZOU-ET643 PINHOU-ZARABAON","link_type":"FH","geometry_type":"LineString","vendor":"HUAWEI","folder":"LIEN FH / HUAWEI","color":"#00FF00","width":2.0},"geometry":{"type":"LineString","coordinates":[[-7.8066666,6.97458333],[-7.763579,6.922584]]}},{"type":"Feature","properties":{"name":"FH_071_KATIOLA-TIMBE","description":"MicrowaveHUAWEI_AC245 KATIOLA-ET209 TIMBE","link_type":"FH","geometry_type":"LineString","vendor":"HUAWEI","folder":"LIEN FH / HUAWEI","color":"#00FF00","width":2.0},"geometry":{"type":"LineString","coordinates":[[-5.0871,8.1349],[-4.9406378,8.17316955]]}},{"type":"Feature","properties":{"name":"FH_072_KATIOLA-FRONAN","description":"MicrowaveHUAWEI_AC245 KATIOLA-AC295 FRONAN","link_type":"FH","geometry_type":"LineString","vendor":"HUAWEI","folder":"LIEN FH / HUAWEI","color":"#00FF00","width":2.0},"geometry":{"type":"LineString","coordinates":[[-5.0871,8.1349],[-5.12667,8.23081]]}},{"type":"Feature","properties":{"name":"FH_073_KATIOLA_GARRAGE-KATIOLA","description":"MicrowaveHUAWEI_ET359 KATIOLA_GARRAGE-AC245 KATIOLA","link_type":"FH","geometry_type":"LineString","vendor":"HUAWEI","folder":"LIEN FH / HUAWEI","color":"#00FF00","width":2.0},"geometry":{"type":"LineString","coordinates":[[-5.099874,8.134116],[-5.0871,8.1349]]}},{"type":"Feature","properties":{"name":"FH_074_KATIOLA_HOPITAL-KATIOLA","description":"MicrowaveHUAWEI_AC938 KATIOLA_HOPITAL-AC245 KATIOLA","link_type":"FH","geometry_type":"LineString","vendor":"HUAWEI","folder":"LIEN FH / HUAWEI","color":"#00FF00","width":2.0},"geometry":{"type":"LineString","coordinates":[[-5.10894,8.14639],[-5.0871,8.1349]]}},{"type":"Feature","properties":{"name":"FH_075_KOREADJI-SOUBRE","description":"MicrowaveHUAWEI_AC479 KOREADJI-AC149 SOUBRE","link_type":"FH","geometry_type":"LineString","vendor":"HUAWEI","folder":"LIEN FH / HUAWEI","color":"#00FF00","width":2.0},"geometry":{"type":"LineString","coordinates":[[-6.592537,5.538406],[-6.5955,5.7844]]}},{"type":"Feature","properties":{"name":"FH_076_BALAHIO-ISSIA","description":"MicrowaveHUAWEI_AC830 BALAHIO-AC140 ISSIA","link_type":"FH","geometry_type":"LineString","vendor":"HUAWEI","folder":"LIEN FH / HUAWEI","color":"#00FF00","width":2.0},"geometry":{"type":"LineString","coordinates":[[-6.4272,6.3201],[-6.5893,6.4896]]}},{"type":"Feature","properties":{"name":"FH_077_BALAHIO-TEZIE","description":"MicrowaveHUAWEI_AC830 BALAHIO-AC886 TEZIE","link_type":"FH","geometry_type":"LineString","vendor":"HUAWEI","folder":"LIEN FH / HUAWEI","color":"#00FF00","width":2.0},"geometry":{"type":"LineString","coordinates":[[-6.4272,6.3201],[-6.3067,6.3815]]}},{"type":"Feature","properties":{"name":"FH_078_DOBA-DJAPADJI","description":"MicrowaveHUAWEI_AC858 DOBA-AC897 DJAPADJI","link_type":"FH","geometry_type":"LineString","vendor":"HUAWEI","folder":"LIEN FH / HUAWEI","color":"#00FF00","width":2.0},"geometry":{"type":"LineString","coordinates":[[-6.829598,5.201667],[-6.8184,5.2962]]}},{"type":"Feature","properties":{"name":"FH_079_KADIOHA-DIKODOUGOU","description":"MicrowaveHUAWEI_AC853 KADIOHA-AC451 DIKODOUGOU","link_type":"FH","geometry_type":"LineString","vendor":"HUAWEI","folder":"LIEN FH / HUAWEI","color":"#00FF00","width":2.0},"geometry":{"type":"LineString","coordinates":[[-5.8765,8.9713],[-5.773556,9.068722]]}},{"type":"Feature","properties":{"name":"FH_080_MONDOUKOU-CAFOP","description":"MicrowaveHUAWEI_ET064 MONDOUKOU-AC088 CAFOP","link_type":"FH","geometry_type":"LineString","vendor":"HUAWEI","folder":"LIEN FH / HUAWEI","color":"#00FF00","width":2.0},"geometry":{"type":"LineString","coordinates":[[-3.68231,5.18672],[-3.7420314,5.21722934]]}},{"type":"Feature","properties":{"name":"FH_081_BONOUA_CELESTE-KOUAKRO_CIT","description":"MicrowaveHUAWEI_AC955 BONOUA_CELESTE-AC256 KOUAKRO_CIT","link_type":"FH","geometry_type":"LineString","vendor":"HUAWEI","folder":"LIEN FH / HUAWEI","color":"#00FF00","width":2.0},"geometry":{"type":"LineString","coordinates":[[-3.58662,5.27187],[-3.4905582,5.28499696]]}},{"type":"Feature","properties":{"name":"FH_082_CAFOP-BONOUA_CELESTE","description":"MicrowaveHUAWEI_AC088 CAFOP-AC955 BONOUA_CELESTE","link_type":"FH","geometry_type":"LineString","vendor":"HUAWEI","folder":"LIEN FH / HUAWEI","color":"#00FF00","width":2.0},"geometry":{"type":"LineString","coordinates":[[-3.7420314,5.21722934],[-3.58662,5.27187]]}},{"type":"Feature","properties":{"name":"FH_083_Warehouse-MODESTE_LYS DE MARIE","description":"MicrowaveHUAWEI_WAREH Warehouse-ET580 MODESTE_LYS DE MARIE","link_type":"FH","geometry_type":"LineString","vendor":"HUAWEI","folder":"LIEN FH / HUAWEI","color":"#00FF00","width":2.0},"geometry":{"type":"LineString","coordinates":[[-3.817483,5.23589],[-3.81678,5.229537]]}},{"type":"Feature","properties":{"name":"FH_084_KOUDOUGOU-BLANFLA","description":"MicrowaveHUAWEI_AC859 KOUDOUGOU-AC879 BLANFLA","link_type":"FH","geometry_type":"LineString","vendor":"HUAWEI","folder":"LIEN FH / HUAWEI","color":"#00FF00","width":2.0},"geometry":{"type":"LineString","coordinates":[[-5.6721,6.932],[-5.7658,6.8554]]}},{"type":"Feature","properties":{"name":"FH_085_MORONOU-TOUMODI","description":"MicrowaveHUAWEI_AC224 MORONOU-AC115 TOUMODI","link_type":"FH","geometry_type":"LineString","vendor":"HUAWEI","folder":"LIEN FH / HUAWEI","color":"#00FF00","width":2.0},"geometry":{"type":"LineString","coordinates":[[-4.97145,6.316567],[-5.0193,6.5581]]}},{"type":"Feature","properties":{"name":"FH_086_TAHIRAGUHE-ZALIOHOUAN","description":"MicrowaveHUAWEI_AC883 TAHIRAGUHE-AC894 ZALIOHOUAN","link_type":"FH","geometry_type":"LineString","vendor":"HUAWEI","folder":"LIEN FH / HUAWEI","color":"#00FF00","width":2.0},"geometry":{"type":"LineString","coordinates":[[-6.3994,6.8018],[-6.2387,6.7937]]}},{"type":"Feature","properties":{"name":"FH_087_PEHE-BAKOUBLY","description":"MicrowaveHUAWEI_ET283 PEHE-ET231 BAKOUBLY","link_type":"FH","geometry_type":"LineString","vendor":"HUAWEI","folder":"LIEN FH / HUAWEI","color":"#00FF00","width":2.0},"geometry":{"type":"LineString","coordinates":[[-8.307783,6.5695],[-8.406972,6.463694]]}},{"type":"Feature","properties":{"name":"FH_088_ASSINIE_CAIMPEX-KOUAKRO_CIT","description":"MicrowaveHUAWEI_ET710 ASSINIE_CAIMPEX-AC256 KOUAKRO_CIT","link_type":"FH","geometry_type":"LineString","vendor":"HUAWEI","folder":"LIEN FH / HUAWEI","color":"#00FF00","width":2.0},"geometry":{"type":"LineString","coordinates":[[-3.47889,5.238056],[-3.4905582,5.28499696]]}},{"type":"Feature","properties":{"name":"FH_089_DIGNAGO-GAZIBOUO","description":"MicrowaveHUAWEI_ET158 DIGNAGO-ET268 GAZIBOUO","link_type":"FH","geometry_type":"LineString","vendor":"HUAWEI","folder":"LIEN FH / HUAWEI","color":"#00FF00","width":2.0},"geometry":{"type":"LineString","coordinates":[[-6.273222,6.290861],[-6.492084,6.370528]]}},{"type":"Feature","properties":{"name":"FH_090_GOHITAFLA-MANFLA","description":"MicrowaveHUAWEI_AC875 GOHITAFLA-AC971 MANFLA","link_type":"FH","geometry_type":"LineString","vendor":"HUAWEI","folder":"LIEN FH / HUAWEI","color":"#00FF00","width":2.0},"geometry":{"type":"LineString","coordinates":[[-5.8709,7.495],[-5.91087,7.39683]]}},{"type":"Feature","properties":{"name":"FH_091_BIANKOUMA-KABAKOUMA","description":"MicrowaveHUAWEI_AC302 BIANKOUMA-ET295 KABAKOUMA","link_type":"FH","geometry_type":"LineString","vendor":"HUAWEI","folder":"LIEN FH / HUAWEI","color":"#00FF00","width":2.0},"geometry":{"type":"LineString","coordinates":[[-7.61041,7.74564],[-7.69292,7.733917]]}},{"type":"Feature","properties":{"name":"FH_092_BOUNDIALI-MARAMANA","description":"MicrowaveHUAWEI_AC215 BOUNDIALI-AC697 MARAMANA","link_type":"FH","geometry_type":"LineString","vendor":"HUAWEI","folder":"LIEN FH / HUAWEI","color":"#00FF00","width":2.0},"geometry":{"type":"LineString","coordinates":[[-6.4827,9.5223],[-6.261193,9.71814]]}},{"type":"Feature","properties":{"name":"FH_093_KONGASSO-KOUNAHIRI","description":"MicrowaveHUAWEI_ET277 KONGASSO-AC821 KOUNAHIRI","link_type":"FH","geometry_type":"LineString","vendor":"HUAWEI","folder":"LIEN FH / HUAWEI","color":"#00FF00","width":2.0},"geometry":{"type":"LineString","coordinates":[[-6.081222,7.812889],[-5.8342,7.7905]]}},{"type":"Feature","properties":{"name":"FH_094_NAHIO-BAMIEOUA","description":"MicrowaveHUAWEI_ET633 NAHIO-ET136 BAMIEOUA","link_type":"FH","geometry_type":"LineString","vendor":"HUAWEI","folder":"LIEN FH / HUAWEI","color":"#00FF00","width":2.0},"geometry":{"type":"LineString","coordinates":[[-6.22772,6.387215],[-6.161556,6.321472]]}},{"type":"Feature","properties":{"name":"FH_095_FERKESSEDOUGOU-FERKE_RESIDENTIEL","description":"MicrowaveHUAWEI_AC252 FERKESSEDOUGOU-AC936 FERKE_RESIDENTIEL","link_type":"FH","geometry_type":"LineString","vendor":"HUAWEI","folder":"LIEN FH / HUAWEI","color":"#00FF00","width":2.0},"geometry":{"type":"LineString","coordinates":[[-5.1876,9.5918],[-5.20901,9.57878]]}},{"type":"Feature","properties":{"name":"FH_096_MONOKO_ZOHI-GBABO","description":"MicrowaveHUAWEI_ET132 MONOKO_ZOHI-ET619 GBABO","link_type":"FH","geometry_type":"LineString","vendor":"HUAWEI","folder":"LIEN FH / HUAWEI","color":"#00FF00","width":2.0},"geometry":{"type":"LineString","coordinates":[[-6.843682,7.075652],[-6.76501,7.12096]]}},{"type":"Feature","properties":{"name":"FH_097_Colas_Guiglo-GUIGLO","description":"MicrowaveHUAWEI_COL_GUI Colas_Guiglo-AC207 GUIGLO","link_type":"FH","geometry_type":"LineString","vendor":"HUAWEI","folder":"LIEN FH / HUAWEI","color":"#00FF00","width":2.0},"geometry":{"type":"LineString","coordinates":[[-7.495586,6.552546],[-7.4918,6.5444]]}},{"type":"Feature","properties":{"name":"FH_098_New Port-Bouet-EPV_LEROC","description":"MicrowaveHUAWEI_ET694 New Port-Bouet-ET382 EPV_LEROC","link_type":"FH","geometry_type":"LineString","vendor":"HUAWEI","folder":"LIEN FH / HUAWEI","color":"#00FF00","width":2.0},"geometry":{"type":"LineString","coordinates":[[-3.908007,5.264084],[-3.91654,5.257706]]}},{"type":"Feature","properties":{"name":"FH_099_VAAFLA-VAVOUA","description":"MicrowaveHUAWEI_ET650 VAAFLA-AC299 VAVOUA","link_type":"FH","geometry_type":"LineString","vendor":"HUAWEI","folder":"LIEN FH / HUAWEI","color":"#00FF00","width":2.0},"geometry":{"type":"LineString","coordinates":[[-6.644869,7.422251],[-6.4758,7.3833]]}},{"type":"Feature","properties":{"name":"FH_100_BONOUA_CELESTE-BONOUA_MARCHE","description":"MicrowaveHUAWEI_AC955 BONOUA_CELESTE-AC424 BONOUA_MARCHE","link_type":"FH","geometry_type":"LineString","vendor":"HUAWEI","folder":"LIEN FH / HUAWEI","color":"#00FF00","width":2.0},"geometry":{"type":"LineString","coordinates":[[-3.58662,5.27187],[-3.599592,5.275339]]}},{"type":"Feature","properties":{"name":"FH_101_BKE_POINT_CARRE-BKE_RUE_19","description":"MicrowaveHUAWEI_AC602 BKE_POINT_CARRE-AC601 BKE_RUE_19","link_type":"FH","geometry_type":"LineString","vendor":"HUAWEI","folder":"LIEN FH / HUAWEI","color":"#00FF00","width":2.0},"geometry":{"type":"LineString","coordinates":[[-5.0404,7.6816],[-5.0191,7.6817]]}},{"type":"Feature","properties":{"name":"FH_102_BKE_RUE_19-BKE_BELVIL2","description":"MicrowaveHUAWEI_AC601 BKE_RUE_19-AC238 BKE_BELVIL2","link_type":"FH","geometry_type":"LineString","vendor":"HUAWEI","folder":"LIEN FH / HUAWEI","color":"#00FF00","width":2.0},"geometry":{"type":"LineString","coordinates":[[-5.0191,7.6817],[-5.0074,7.7001]]}},{"type":"Feature","properties":{"name":"FH_103_ADJOUFFOU_LYCEE-PORT-BOUET","description":"MicrowaveHUAWEI_ET380 ADJOUFFOU_LYCEE-ET535 PORT-BOUET","link_type":"FH","geometry_type":"LineString","vendor":"HUAWEI","folder":"LIEN FH / HUAWEI","color":"#00FF00","width":2.0},"geometry":{"type":"LineString","coordinates":[[-3.89998,5.24797],[-3.9003689,5.2561307]]}},{"type":"Feature","properties":{"name":"FH_104_POGREAGUI-MEAGUI_CIT","description":"MicrowaveHUAWEI_AC900 POGREAGUI-AC268 MEAGUI_CIT","link_type":"FH","geometry_type":"LineString","vendor":"HUAWEI","folder":"LIEN FH / HUAWEI","color":"#00FF00","width":2.0},"geometry":{"type":"LineString","coordinates":[[-6.6762,5.4412],[-6.5664,5.4005]]}},{"type":"Feature","properties":{"name":"FH_105_OUELLE-ALLOCOKRO","description":"MicrowaveHUAWEI_AC464 OUELLE-AC519 ALLOCOKRO","link_type":"FH","geometry_type":"LineString","vendor":"HUAWEI","folder":"LIEN FH / HUAWEI","color":"#00FF00","width":2.0},"geometry":{"type":"LineString","coordinates":[[-4.013,7.2974],[-4.0671,7.1166]]}},{"type":"Feature","properties":{"name":"FH_106_SIRASSO-SIEMPOURGO","description":"MicrowaveHUAWEI_AC581 SIRASSO-AC460 SIEMPOURGO","link_type":"FH","geometry_type":"LineString","vendor":"HUAWEI","folder":"LIEN FH / HUAWEI","color":"#00FF00","width":2.0},"geometry":{"type":"LineString","coordinates":[[-6.0947,9.2788],[-6.1988,9.5188]]}},{"type":"Feature","properties":{"name":"FH_107_CITE_ARIANE 1 EICER-MODESTE","description":"MicrowaveHUAWEI_ET736 CITE_ARIANE 1 EICER-ET377 MODESTE","link_type":"FH","geometry_type":"LineString","vendor":"HUAWEI","folder":"LIEN FH / HUAWEI","color":"#00FF00","width":2.0},"geometry":{"type":"LineString","coordinates":[[-3.843947,5.243236],[-3.83703,5.231587]]}},{"type":"Feature","properties":{"name":"FH_108_BINZRA-BOUAFLA","description":"MicrowaveHUAWEI_ET684 BINZRA-AC848 BOUAFLA","link_type":"FH","geometry_type":"LineString","vendor":"HUAWEI","folder":"LIEN FH / HUAWEI","color":"#00FF00","width":2.0},"geometry":{"type":"LineString","coordinates":[[-6.009123,7.325168],[-5.8521,7.2513]]}},{"type":"Feature","properties":{"name":"FH_109_BKE_KONANKANKRO-BKE_AEROPORT","description":"MicrowaveHUAWEI_AC432 BKE_KONANKANKRO-ET730 BKE_AEROPORT","link_type":"FH","geometry_type":"LineString","vendor":"HUAWEI","folder":"LIEN FH / HUAWEI","color":"#00FF00","width":2.0},"geometry":{"type":"LineString","coordinates":[[-5.0716,7.7196],[-5.064716,7.739418]]}},{"type":"Feature","properties":{"name":"FH_110_BONGOUANOU_PLACE_HKB-BONGOUANOU","description":"MicrowaveHUAWEI_ET558 BONGOUANOU_PLACE_HKB-AC190 BONGOUANOU","link_type":"FH","geometry_type":"LineString","vendor":"HUAWEI","folder":"LIEN FH / HUAWEI","color":"#00FF00","width":2.0},"geometry":{"type":"LineString","coordinates":[[-4.1953,6.64468],[-4.2054,6.6581]]}},{"type":"Feature","properties":{"name":"FH_111_YAM_KPANGBASSOU-YAM_BSC","description":"MicrowaveHUAWEI_AC419 YAM_KPANGBASSOU-AC611 YAM_BSC","link_type":"FH","geometry_type":"LineString","vendor":"HUAWEI","folder":"LIEN FH / HUAWEI","color":"#00FF00","width":2.0},"geometry":{"type":"LineString","coordinates":[[-5.242651,6.82089],[-5.2427,6.7939]]}},{"type":"Feature","properties":{"name":"FH_112_KOR_CIT-LATAHA","description":"MicrowaveHUAWEI_AC246 KOR_CIT-ET273 LATAHA","link_type":"FH","geometry_type":"LineString","vendor":"HUAWEI","folder":"LIEN FH / HUAWEI","color":"#00FF00","width":2.0},"geometry":{"type":"LineString","coordinates":[[-5.63136,9.45497],[-5.592333,9.572389]]}},{"type":"Feature","properties":{"name":"FH_113_SANGOUINE-MONT_TONPKI","description":"MicrowaveHUAWEI_AC467 SANGOUINE-AC422 MONT_TONPKI","link_type":"FH","geometry_type":"LineString","vendor":"HUAWEI","folder":"LIEN FH / HUAWEI","color":"#00FF00","width":2.0},"geometry":{"type":"LineString","coordinates":[[-7.7779,7.2711],[-7.6361,7.4513]]}},{"type":"Feature","properties":{"name":"FH_114_MANGOUIN-MONT_TONPKI","description":"MicrowaveHUAWEI_ET186 MANGOUIN-AC422 MONT_TONPKI","link_type":"FH","geometry_type":"LineString","vendor":"HUAWEI","folder":"LIEN FH / HUAWEI","color":"#00FF00","width":2.0},"geometry":{"type":"LineString","coordinates":[[-7.6041944,7.64213889],[-7.6361,7.4513]]}},{"type":"Feature","properties":{"name":"FH_115_SIRENE-AEROPORT_DHL","description":"MicrowaveHUAWEI_AC032 SIRENE-ET383 AEROPORT_DHL","link_type":"FH","geometry_type":"LineString","vendor":"HUAWEI","folder":"LIEN FH / HUAWEI","color":"#00FF00","width":2.0},"geometry":{"type":"LineString","coordinates":[[-3.9434886,5.25509436],[-3.94394,5.24752]]}},{"type":"Feature","properties":{"name":"FH_116_BOUAFLE_BELLOU-KOBLATA","description":"MicrowaveHUAWEI_ET733 BOUAFLE_BELLOU-AC937 KOBLATA","link_type":"FH","geometry_type":"LineString","vendor":"HUAWEI","folder":"LIEN FH / HUAWEI","color":"#00FF00","width":2.0},"geometry":{"type":"LineString","coordinates":[[-5.72365,6.9836],[-5.73548,6.98147]]}},{"type":"Feature","properties":{"name":"FH_117_BELLEVILLE-GRIBOUO","description":"MicrowaveHUAWEI_ET637 BELLEVILLE-AC852 GRIBOUO","link_type":"FH","geometry_type":"LineString","vendor":"HUAWEI","folder":"LIEN FH / HUAWEI","color":"#00FF00","width":2.0},"geometry":{"type":"LineString","coordinates":[[-6.8762626,6.1690409],[-6.9093,6.1883]]}},{"type":"Feature","properties":{"name":"FH_118_MONT_TONPKI-MAHAPLEU","description":"MicrowaveHUAWEI_AC422 MONT_TONPKI-AC441 MAHAPLEU","link_type":"FH","geometry_type":"LineString","vendor":"HUAWEI","folder":"LIEN FH / HUAWEI","color":"#00FF00","width":2.0},"geometry":{"type":"LineString","coordinates":[[-7.6361,7.4513],[-7.9357,7.2284]]}},{"type":"Feature","properties":{"name":"FH_119_FACOBLY-MONT_TONPKI","description":"MicrowaveHUAWEI_AC427 FACOBLY-AC422 MONT_TONPKI","link_type":"FH","geometry_type":"LineString","vendor":"HUAWEI","folder":"LIEN FH / HUAWEI","color":"#00FF00","width":2.0},"geometry":{"type":"LineString","coordinates":[[-7.3816,7.3811],[-7.6361,7.4513]]}},{"type":"Feature","properties":{"name":"FH_120_FOUEDOUGOU-OUATTARADOUGOU","description":"MicrowaveHUAWEI_ET639 FOUEDOUGOU-AC873 OUATTARADOUGOU","link_type":"FH","geometry_type":"LineString","vendor":"HUAWEI","folder":"LIEN FH / HUAWEI","color":"#00FF00","width":2.0},"geometry":{"type":"LineString","coordinates":[[-7.253476,6.518369],[-7.1951,6.5942]]}},{"type":"Feature","properties":{"name":"FH_121_MAN_2-MONT_TONPKI","description":"MicrowaveHUAWEI_AC941 MAN_2-AC422 MONT_TONPKI","link_type":"FH","geometry_type":"LineString","vendor":"HUAWEI","folder":"LIEN FH / HUAWEI","color":"#00FF00","width":2.0},"geometry":{"type":"LineString","coordinates":[[-7.54718,7.39064],[-7.6361,7.4513]]}},{"type":"Feature","properties":{"name":"FH_122_BOUAFLE_DIOULABOUGOU -BOUAFLE","description":"MicrowaveHUAWEI_ET562 BOUAFLE_DIOULABOUGOU -AC131 BOUAFLE","link_type":"FH","geometry_type":"LineString","vendor":"HUAWEI","folder":"LIEN FH / HUAWEI","color":"#00FF00","width":2.0},"geometry":{"type":"LineString","coordinates":[[-5.741303,6.987819],[-5.7488,6.9882]]}},{"type":"Feature","properties":{"name":"FH_123_MANKONO-TOMONO","description":"MicrowaveHUAWEI_AC297 MANKONO-AC469 TOMONO","link_type":"FH","geometry_type":"LineString","vendor":"HUAWEI","folder":"LIEN FH / HUAWEI","color":"#00FF00","width":2.0},"geometry":{"type":"LineString","coordinates":[[-6.18685,8.05022],[-6.10454,8.33091]]}},{"type":"Feature","properties":{"name":"FH_124_MARANDALLAH-TOMONO","description":"MicrowaveHUAWEI_ET276 MARANDALLAH-AC469 TOMONO","link_type":"FH","geometry_type":"LineString","vendor":"HUAWEI","folder":"LIEN FH / HUAWEI","color":"#00FF00","width":2.0},"geometry":{"type":"LineString","coordinates":[[-5.919222,8.444444],[-6.10454,8.33091]]}},{"type":"Feature","properties":{"name":"FH_125_TEAPLEU-ZOUAN_HOUNIEN","description":"MicrowaveHUAWEI_ET648 TEAPLEU-AC306 ZOUAN_HOUNIEN","link_type":"FH","geometry_type":"LineString","vendor":"HUAWEI","folder":"LIEN FH / HUAWEI","color":"#00FF00","width":2.0},"geometry":{"type":"LineString","coordinates":[[-8.12937,7.04513],[-8.2051,6.9165]]}},{"type":"Feature","properties":{"name":"FH_126_PORT-BOUET-ADJOUFFOU_CARTON","description":"MicrowaveHUAWEI_ET533 PORT-BOUET-ET329 ADJOUFFOU_CARTON","link_type":"FH","geometry_type":"LineString","vendor":"HUAWEI","folder":"LIEN FH / HUAWEI","color":"#00FF00","width":2.0},"geometry":{"type":"LineString","coordinates":[[-3.9125254,5.2482626],[-3.92012,5.2499]]}},{"type":"Feature","properties":{"name":"FH_127_MABEHIRI_I-OTTAA","description":"MicrowaveHUAWEI_ET211 MABEHIRI_I-AC575 OTTAA","link_type":"FH","geometry_type":"LineString","vendor":"HUAWEI","folder":"LIEN FH / HUAWEI","color":"#00FF00","width":2.0},"geometry":{"type":"LineString","coordinates":[[-6.4165,5.681083],[-6.2724,5.7302]]}},{"type":"Feature","properties":{"name":"FH_128_PEPRESSOU_2-PEPRESSOU","description":"MicrowaveHUAWEI_ET712 PEPRESSOU_2-AC959 PEPRESSOU","link_type":"FH","geometry_type":"LineString","vendor":"HUAWEI","folder":"LIEN FH / HUAWEI","color":"#00FF00","width":2.0},"geometry":{"type":"LineString","coordinates":[[-4.0147,7.115296],[-4.00573,7.0659]]}},{"type":"Feature","properties":{"name":"FH_129_MOHAME-MONDOUKOU","description":"MicrowaveHUAWEI_ET432 MOHAME-ET064 MONDOUKOU","link_type":"FH","geometry_type":"LineString","vendor":"HUAWEI","folder":"LIEN FH / HUAWEI","color":"#00FF00","width":2.0},"geometry":{"type":"LineString","coordinates":[[-3.55983,5.18202],[-3.68231,5.18672]]}},{"type":"Feature","properties":{"name":"FH_130_GNITY_ECOLE-RAPID_GRAH","description":"MicrowaveHUAWEI_ET199 GNITY_ECOLE-AC477 RAPID_GRAH","link_type":"FH","geometry_type":"LineString","vendor":"HUAWEI","folder":"LIEN FH / HUAWEI","color":"#00FF00","width":2.0},"geometry":{"type":"LineString","coordinates":[[-6.5706979,5.13055295],[-6.6406,5.0966]]}},{"type":"Feature","properties":{"name":"FH_131_DIMBOKRO-TIEMELEKRO","description":"MicrowaveHUAWEI_AC188 DIMBOKRO-AC887 TIEMELEKRO","link_type":"FH","geometry_type":"LineString","vendor":"HUAWEI","folder":"LIEN FH / HUAWEI","color":"#00FF00","width":2.0},"geometry":{"type":"LineString","coordinates":[[-4.7061,6.6489],[-4.6172,6.4964]]}},{"type":"Feature","properties":{"name":"FH_132_DIMBOKRO-LOUKOU_YAOKRO","description":"MicrowaveHUAWEI_AC188 DIMBOKRO-ET241 LOUKOU_YAOKRO","link_type":"FH","geometry_type":"LineString","vendor":"HUAWEI","folder":"LIEN FH / HUAWEI","color":"#00FF00","width":2.0},"geometry":{"type":"LineString","coordinates":[[-4.7061,6.6489],[-4.8744722,6.5795]]}},{"type":"Feature","properties":{"name":"FH_133_DIMBOKRO-SOUNGASSOU","description":"MicrowaveHUAWEI_AC188 DIMBOKRO-ET721 SOUNGASSOU","link_type":"FH","geometry_type":"LineString","vendor":"HUAWEI","folder":"LIEN FH / HUAWEI","color":"#00FF00","width":2.0},"geometry":{"type":"LineString","coordinates":[[-4.7061,6.6489],[-4.617802,6.63064]]}},{"type":"Feature","properties":{"name":"FH_134_DIMBOKRO-DIMBOKRO_SOKORA","description":"MicrowaveHUAWEI_AC188 DIMBOKRO-ET722 DIMBOKRO_SOKORA","link_type":"FH","geometry_type":"LineString","vendor":"HUAWEI","folder":"LIEN FH / HUAWEI","color":"#00FF00","width":2.0},"geometry":{"type":"LineString","coordinates":[[-4.7061,6.6489],[-4.698162,6.64145]]}},{"type":"Feature","properties":{"name":"FH_135_BKE_POINT_CARRE-DIABO","description":"MicrowaveHUAWEI_AC602 BKE_POINT_CARRE-AC294 DIABO","link_type":"FH","geometry_type":"LineString","vendor":"HUAWEI","folder":"LIEN FH / HUAWEI","color":"#00FF00","width":2.0},"geometry":{"type":"LineString","coordinates":[[-5.0404,7.6816],[-5.175443,7.787822]]}},{"type":"Feature","properties":{"name":"FH_136_BKE_POINT_CARRE-BAMORO","description":"MicrowaveHUAWEI_AC602 BKE_POINT_CARRE-AC700 BAMORO","link_type":"FH","geometry_type":"LineString","vendor":"HUAWEI","folder":"LIEN FH / HUAWEI","color":"#00FF00","width":2.0},"geometry":{"type":"LineString","coordinates":[[-5.0404,7.6816],[-5.04839,7.83214]]}},{"type":"Feature","properties":{"name":"FH_137_BKE_POINT_CARRE-DJEBONOUA","description":"MicrowaveHUAWEI_AC602 BKE_POINT_CARRE-AC452 DJEBONOUA","link_type":"FH","geometry_type":"LineString","vendor":"HUAWEI","folder":"LIEN FH / HUAWEI","color":"#00FF00","width":2.0},"geometry":{"type":"LineString","coordinates":[[-5.0404,7.6816],[-5.06911,7.52563]]}},{"type":"Feature","properties":{"name":"FH_138_ZOUAN-GUIGLO","description":"MicrowaveHUAWEI_ET642 ZOUAN-AC207 GUIGLO","link_type":"FH","geometry_type":"LineString","vendor":"HUAWEI","folder":"LIEN FH / HUAWEI","color":"#00FF00","width":2.0},"geometry":{"type":"LineString","coordinates":[[-7.597383,6.538345],[-7.4918,6.5444]]}},{"type":"Feature","properties":{"name":"FH_139_DAKOUPLEU -LOGOUALE","description":"MicrowaveHUAWEI_ET525 DAKOUPLEU -AC425 LOGOUALE","link_type":"FH","geometry_type":"LineString","vendor":"HUAWEI","folder":"LIEN FH / HUAWEI","color":"#00FF00","width":2.0},"geometry":{"type":"LineString","coordinates":[[-7.57312,7.17901],[-7.5494,7.1136]]}},{"type":"Feature","properties":{"name":"FH_140_MAHOUNOU_AKOUE-YOBOUEKRO","description":"MicrowaveHUAWEI_ET711 MAHOUNOU_AKOUE-AC892 YOBOUEKRO","link_type":"FH","geometry_type":"LineString","vendor":"HUAWEI","folder":"LIEN FH / HUAWEI","color":"#00FF00","width":2.0},"geometry":{"type":"LineString","coordinates":[[-5.374667,6.956582],[-5.4656,6.9111]]}},{"type":"Feature","properties":{"name":"FH_141_GBAPLEU-OUATTARADOUGOU","description":"MicrowaveHUAWEI_AC909 GBAPLEU-AC873 OUATTARADOUGOU","link_type":"FH","geometry_type":"LineString","vendor":"HUAWEI","folder":"LIEN FH / HUAWEI","color":"#00FF00","width":2.0},"geometry":{"type":"LineString","coordinates":[[-7.12272,6.47769],[-7.1951,6.5942]]}},{"type":"Feature","properties":{"name":"FH_142_FERKE_RESIDENTIEL-FERKE_LANVIARA","description":"MicrowaveHUAWEI_AC936 FERKE_RESIDENTIEL-ET577 FERKE_LANVIARA","link_type":"FH","geometry_type":"LineString","vendor":"HUAWEI","folder":"LIEN FH / HUAWEI","color":"#00FF00","width":2.0},"geometry":{"type":"LineString","coordinates":[[-5.20901,9.57878],[-5.209248,9.59386]]}},{"type":"Feature","properties":{"name":"FH_143_GNATROA-DAGOUAHIO","description":"MicrowaveHUAWEI_ET145 GNATROA-AC264 DAGOUAHIO","link_type":"FH","geometry_type":"LineString","vendor":"HUAWEI","folder":"LIEN FH / HUAWEI","color":"#00FF00","width":2.0},"geometry":{"type":"LineString","coordinates":[[-6.153389,5.921389],[-6.2478,5.995]]}},{"type":"Feature","properties":{"name":"FH_144_DAGADJI-RAPID_GRAH","description":"MicrowaveHUAWEI_AC973 DAGADJI-AC477 RAPID_GRAH","link_type":"FH","geometry_type":"LineString","vendor":"HUAWEI","folder":"LIEN FH / HUAWEI","color":"#00FF00","width":2.0},"geometry":{"type":"LineString","coordinates":[[-6.80651,5.12558],[-6.6406,5.0966]]}},{"type":"Feature","properties":{"name":"FH_145_KANI-FADJADOUGOU","description":"MicrowaveHUAWEI_AC506 KANI-AC818 FADJADOUGOU","link_type":"FH","geometry_type":"LineString","vendor":"HUAWEI","folder":"LIEN FH / HUAWEI","color":"#00FF00","width":2.0},"geometry":{"type":"LineString","coordinates":[[-6.6053,8.4768],[-6.61468,8.70137]]}},{"type":"Feature","properties":{"name":"FH_146_GAGNOA_GARAGE-GAGNOA_MAMCOUL","description":"MicrowaveHUAWEI_AC143 GAGNOA_GARAGE-ET693 GAGNOA_MAMCOUL","link_type":"FH","geometry_type":"LineString","vendor":"HUAWEI","folder":"LIEN FH / HUAWEI","color":"#00FF00","width":2.0},"geometry":{"type":"LineString","coordinates":[[-5.963,6.1279],[-5.973192,6.136601]]}},{"type":"Feature","properties":{"name":"FH_147_BAZRA_NATTIS-VROUO_1","description":"MicrowaveHUAWEI_AC833 BAZRA_NATTIS-AC889 VROUO_1","link_type":"FH","geometry_type":"LineString","vendor":"HUAWEI","folder":"LIEN FH / HUAWEI","color":"#00FF00","width":2.0},"geometry":{"type":"LineString","coordinates":[[-6.5209,7.6096],[-6.5524,7.6937]]}},{"type":"Feature","properties":{"name":"FH_148_KOUTO-MARAMANA","description":"MicrowaveHUAWEI_AC568 KOUTO-AC697 MARAMANA","link_type":"FH","geometry_type":"LineString","vendor":"HUAWEI","folder":"LIEN FH / HUAWEI","color":"#00FF00","width":2.0},"geometry":{"type":"LineString","coordinates":[[-6.414,9.8929],[-6.261193,9.71814]]}},{"type":"Feature","properties":{"name":"FH_149_KOUTO-KASSERE","description":"MicrowaveHUAWEI_AC568 KOUTO-AC494 KASSERE","link_type":"FH","geometry_type":"LineString","vendor":"HUAWEI","folder":"LIEN FH / HUAWEI","color":"#00FF00","width":2.0},"geometry":{"type":"LineString","coordinates":[[-6.414,9.8929],[-6.227556,9.835111]]}},{"type":"Feature","properties":{"name":"FH_150_KOUTO-ZAGUINASSO","description":"MicrowaveHUAWEI_AC568 KOUTO-ET265 ZAGUINASSO","link_type":"FH","geometry_type":"LineString","vendor":"HUAWEI","folder":"LIEN FH / HUAWEI","color":"#00FF00","width":2.0},"geometry":{"type":"LineString","coordinates":[[-6.414,9.8929],[-6.3680555,10.0530027]]}},{"type":"Feature","properties":{"name":"FH_151_ADJOUFFOU_LYCEE-PORT-BOUET","description":"MicrowaveHUAWEI_ET380 ADJOUFFOU_LYCEE-ET537 PORT-BOUET","link_type":"FH","geometry_type":"LineString","vendor":"HUAWEI","folder":"LIEN FH / HUAWEI","color":"#00FF00","width":2.0},"geometry":{"type":"LineString","coordinates":[[-3.89998,5.24797],[-3.8907406,5.2771017]]}},{"type":"Feature","properties":{"name":"FH_152_BKE_OLIENOU-BKE_Belle Ville 4","description":"MicrowaveHUAWEI_AC431 BKE_OLIENOU-ET720 BKE_Belle Ville 4","link_type":"FH","geometry_type":"LineString","vendor":"HUAWEI","folder":"LIEN FH / HUAWEI","color":"#00FF00","width":2.0},"geometry":{"type":"LineString","coordinates":[[-4.9904,7.6962],[-4.9821073,7.7090124]]}},{"type":"Feature","properties":{"name":"FH_153_ANOKRO-MEAGUI_CIT","description":"MicrowaveHUAWEI_AC862 ANOKRO-AC268 MEAGUI_CIT","link_type":"FH","geometry_type":"LineString","vendor":"HUAWEI","folder":"LIEN FH / HUAWEI","color":"#00FF00","width":2.0},"geometry":{"type":"LineString","coordinates":[[-6.6402,5.4378],[-6.5664,5.4005]]}},{"type":"Feature","properties":{"name":"FH_154_ANOKRO-DJAPADJI","description":"MicrowaveHUAWEI_AC862 ANOKRO-AC897 DJAPADJI","link_type":"FH","geometry_type":"LineString","vendor":"HUAWEI","folder":"LIEN FH / HUAWEI","color":"#00FF00","width":2.0},"geometry":{"type":"LineString","coordinates":[[-6.6402,5.4378],[-6.8184,5.2962]]}},{"type":"Feature","properties":{"name":"FH_155_KOULAYERE-KONTROU","description":"MicrowaveHUAWEI_AC907 KOULAYERE-ET291 KONTROU","link_type":"FH","geometry_type":"LineString","vendor":"HUAWEI","folder":"LIEN FH / HUAWEI","color":"#00FF00","width":2.0},"geometry":{"type":"LineString","coordinates":[[-7.2028,7.3828],[-7.3366388,7.43996944]]}},{"type":"Feature","properties":{"name":"FH_156_MAN_2-KONTROU","description":"MicrowaveHUAWEI_AC941 MAN_2-ET291 KONTROU","link_type":"FH","geometry_type":"LineString","vendor":"HUAWEI","folder":"LIEN FH / HUAWEI","color":"#00FF00","width":2.0},"geometry":{"type":"LineString","coordinates":[[-7.54718,7.39064],[-7.3366388,7.43996944]]}},{"type":"Feature","properties":{"name":"FH_157_GBONNE-KONTROU","description":"MicrowaveHUAWEI_ET259 GBONNE-ET291 KONTROU","link_type":"FH","geometry_type":"LineString","vendor":"HUAWEI","folder":"LIEN FH / HUAWEI","color":"#00FF00","width":2.0},"geometry":{"type":"LineString","coordinates":[[-7.41775,7.541667],[-7.3366388,7.43996944]]}},{"type":"Feature","properties":{"name":"FH_158_LOGOUALE-KAHEN_ZARABAON","description":"MicrowaveHUAWEI_AC425 LOGOUALE-AC854 KAHEN_ZARABAON","link_type":"FH","geometry_type":"LineString","vendor":"HUAWEI","folder":"LIEN FH / HUAWEI","color":"#00FF00","width":2.0},"geometry":{"type":"LineString","coordinates":[[-7.5494,7.1136],[-7.6332,6.9171]]}},{"type":"Feature","properties":{"name":"FH_159_SEMIEN-DOUAGUE","description":"MicrowaveHUAWEI_AC881 SEMIEN-ET644 DOUAGUE","link_type":"FH","geometry_type":"LineString","vendor":"HUAWEI","folder":"LIEN FH / HUAWEI","color":"#00FF00","width":2.0},"geometry":{"type":"LineString","coordinates":[[-7.1304,7.6146],[-7.13191,7.47617]]}},{"type":"Feature","properties":{"name":"FH_160_KAHEN_ZARABAON-BANGOLO","description":"MicrowaveHUAWEI_AC854 KAHEN_ZARABAON-AC301 BANGOLO","link_type":"FH","geometry_type":"LineString","vendor":"HUAWEI","folder":"LIEN FH / HUAWEI","color":"#00FF00","width":2.0},"geometry":{"type":"LineString","coordinates":[[-7.6332,6.9171],[-7.485214,7.00197]]}},{"type":"Feature","properties":{"name":"FH_161_PORT-BOUET-ASECNA","description":"MicrowaveHUAWEI_ET536 PORT-BOUET-AC029 ASECNA","link_type":"FH","geometry_type":"LineString","vendor":"HUAWEI","folder":"LIEN FH / HUAWEI","color":"#00FF00","width":2.0},"geometry":{"type":"LineString","coordinates":[[-3.9439,5.27415119],[-3.9359727,5.25535895]]}},{"type":"Feature","properties":{"name":"FH_162_TIAHOUO-VAVOUA","description":"MicrowaveHUAWEI_AC874 TIAHOUO-AC299 VAVOUA","link_type":"FH","geometry_type":"LineString","vendor":"HUAWEI","folder":"LIEN FH / HUAWEI","color":"#00FF00","width":2.0},"geometry":{"type":"LineString","coordinates":[[-6.4819,7.4401],[-6.4758,7.3833]]}},{"type":"Feature","properties":{"name":"FH_163_TIAHOUO-BAZRA_NATTIS","description":"MicrowaveHUAWEI_AC874 TIAHOUO-AC833 BAZRA_NATTIS","link_type":"FH","geometry_type":"LineString","vendor":"HUAWEI","folder":"LIEN FH / HUAWEI","color":"#00FF00","width":2.0},"geometry":{"type":"LineString","coordinates":[[-6.4819,7.4401],[-6.5209,7.6096]]}},{"type":"Feature","properties":{"name":"FH_164_BASSAM_PHARE-ODDOS","description":"MicrowaveHUAWEI_ET582 BASSAM_PHARE-AC087 ODDOS","link_type":"FH","geometry_type":"LineString","vendor":"HUAWEI","folder":"LIEN FH / HUAWEI","color":"#00FF00","width":2.0},"geometry":{"type":"LineString","coordinates":[[-3.73139,5.20972],[-3.7371475,5.20743846]]}},{"type":"Feature","properties":{"name":"FH_165_BAMIEOUA-DIGNAGO","description":"MicrowaveHUAWEI_ET136 BAMIEOUA-ET158 DIGNAGO","link_type":"FH","geometry_type":"LineString","vendor":"HUAWEI","folder":"LIEN FH / HUAWEI","color":"#00FF00","width":2.0},"geometry":{"type":"LineString","coordinates":[[-6.161556,6.321472],[-6.273222,6.290861]]}},{"type":"Feature","properties":{"name":"FH_166_GRAND_GBAPLEU-MAN","description":"MicrowaveHUAWEI_AC896 GRAND_GBAPLEU-ET592 MAN","link_type":"FH","geometry_type":"LineString","vendor":"HUAWEI","folder":"LIEN FH / HUAWEI","color":"#00FF00","width":2.0},"geometry":{"type":"LineString","coordinates":[[-7.5297,7.4088],[-7.531137,7.39305]]}},{"type":"Feature","properties":{"name":"FH_167_MEAGUI_CIT-TOUIH","description":"MicrowaveHUAWEI_AC268 MEAGUI_CIT-AC478 TOUIH","link_type":"FH","geometry_type":"LineString","vendor":"HUAWEI","folder":"LIEN FH / HUAWEI","color":"#00FF00","width":2.0},"geometry":{"type":"LineString","coordinates":[[-6.5664,5.4005],[-6.52705,5.25822]]}},{"type":"Feature","properties":{"name":"FH_168_VAOU-DIAFLA","description":"MicrowaveHUAWEI_ET170 VAOU-AC906 DIAFLA","link_type":"FH","geometry_type":"LineString","vendor":"HUAWEI","folder":"LIEN FH / HUAWEI","color":"#00FF00","width":2.0},"geometry":{"type":"LineString","coordinates":[[-6.98479,7.43917],[-6.86436,7.41977]]}},{"type":"Feature","properties":{"name":"FH_169_ZAGNE-BEHIBO_V15","description":"MicrowaveHUAWEI_AC586 ZAGNE-AC898 BEHIBO_V15","link_type":"FH","geometry_type":"LineString","vendor":"HUAWEI","folder":"LIEN FH / HUAWEI","color":"#00FF00","width":2.0},"geometry":{"type":"LineString","coordinates":[[-7.4972,6.202],[-7.4199,6.3148]]}},{"type":"Feature","properties":{"name":"FH_170_DUEKOUE_CENTRE-BAHE_BLAON","description":"MicrowaveHUAWEI_AC205 DUEKOUE_CENTRE-AC828 BAHE_BLAON","link_type":"FH","geometry_type":"LineString","vendor":"HUAWEI","folder":"LIEN FH / HUAWEI","color":"#00FF00","width":2.0},"geometry":{"type":"LineString","coordinates":[[-7.3373,6.7311],[-7.3416,6.6717]]}},{"type":"Feature","properties":{"name":"FH_171_HIRE-TAABO","description":"MicrowaveHUAWEI_AC202 HIRE-AC468 TAABO","link_type":"FH","geometry_type":"LineString","vendor":"HUAWEI","folder":"LIEN FH / HUAWEI","color":"#00FF00","width":2.0},"geometry":{"type":"LineString","coordinates":[[-5.289,6.1861],[-5.0716,6.2716]]}},{"type":"Feature","properties":{"name":"FH_172_YAM_BSC-AKPESSEKRO","description":"MicrowaveHUAWEI_AC611 YAM_BSC-AC822 AKPESSEKRO","link_type":"FH","geometry_type":"LineString","vendor":"HUAWEI","folder":"LIEN FH / HUAWEI","color":"#00FF00","width":2.0},"geometry":{"type":"LineString","coordinates":[[-5.2427,6.7939],[-5.3031,6.7317]]}},{"type":"Feature","properties":{"name":"FH_173_YAM_BSC-YAM_HOTEL_DEPUTE","description":"MicrowaveHUAWEI_AC611 YAM_BSC-AC950 YAM_HOTEL_DEPUTE","link_type":"FH","geometry_type":"LineString","vendor":"HUAWEI","folder":"LIEN FH / HUAWEI","color":"#00FF00","width":2.0},"geometry":{"type":"LineString","coordinates":[[-5.2427,6.7939],[-5.23288,6.81153]]}},{"type":"Feature","properties":{"name":"FH_174_YAM_BSC-YAM_BARRAGE","description":"MicrowaveHUAWEI_AC611 YAM_BSC-AC421 YAM_BARRAGE","link_type":"FH","geometry_type":"LineString","vendor":"HUAWEI","folder":"LIEN FH / HUAWEI","color":"#00FF00","width":2.0},"geometry":{"type":"LineString","coordinates":[[-5.2427,6.7939],[-5.2315,6.7645]]}},{"type":"Feature","properties":{"name":"FH_175_BEDY-GOAZON-GUINKIN","description":"MicrowaveHUAWEI_ET607 BEDY-GOAZON-ET267 GUINKIN","link_type":"FH","geometry_type":"LineString","vendor":"HUAWEI","folder":"LIEN FH / HUAWEI","color":"#00FF00","width":2.0},"geometry":{"type":"LineString","coordinates":[[-7.781282,6.567008],[-7.722056,6.564028]]}},{"type":"Feature","properties":{"name":"FH_176_ZADDI-TONLA","description":"MicrowaveHUAWEI_ET249 ZADDI-ET248 TONLA","link_type":"FH","geometry_type":"LineString","vendor":"HUAWEI","folder":"LIEN FH / HUAWEI","color":"#00FF00","width":2.0},"geometry":{"type":"LineString","coordinates":[[-5.733056,6.331944],[-5.644468,6.351385]]}},{"type":"Feature","properties":{"name":"FH_177_BKE_DJAMOUROU-BKE_POINT_CARRE","description":"MicrowaveHUAWEI_AC239 BKE_DJAMOUROU-AC602 BKE_POINT_CARRE","link_type":"FH","geometry_type":"LineString","vendor":"HUAWEI","folder":"LIEN FH / HUAWEI","color":"#00FF00","width":2.0},"geometry":{"type":"LineString","coordinates":[[-5.0275,7.7072],[-5.0404,7.6816]]}},{"type":"Feature","properties":{"name":"FH_178_TONLA-DOUKOUYA","description":"MicrowaveHUAWEI_ET248 TONLA-ET154 DOUKOUYA","link_type":"FH","geometry_type":"LineString","vendor":"HUAWEI","folder":"LIEN FH / HUAWEI","color":"#00FF00","width":2.0},"geometry":{"type":"LineString","coordinates":[[-5.644468,6.351385],[-5.561056,6.418192]]}},{"type":"Feature","properties":{"name":"FH_179_ZAGORETA-SAIOUA","description":"MicrowaveHUAWEI_AC893 ZAGORETA-AC483 SAIOUA","link_type":"FH","geometry_type":"LineString","vendor":"HUAWEI","folder":"LIEN FH / HUAWEI","color":"#00FF00","width":2.0},"geometry":{"type":"LineString","coordinates":[[-6.1537,6.6753],[-6.2716,6.4916]]}},{"type":"Feature","properties":{"name":"FH_180_ZAGORETA-ZALIOHOUAN","description":"MicrowaveHUAWEI_AC893 ZAGORETA-AC894 ZALIOHOUAN","link_type":"FH","geometry_type":"LineString","vendor":"HUAWEI","folder":"LIEN FH / HUAWEI","color":"#00FF00","width":2.0},"geometry":{"type":"LineString","coordinates":[[-6.1537,6.6753],[-6.2387,6.7937]]}},{"type":"Feature","properties":{"name":"FH_181_DOMANGBEU-TOBLY_BANGOLO","description":"MicrowaveHUAWEI_ET167 DOMANGBEU-AC888 TOBLY_BANGOLO","link_type":"FH","geometry_type":"LineString","vendor":"HUAWEI","folder":"LIEN FH / HUAWEI","color":"#00FF00","width":2.0},"geometry":{"type":"LineString","coordinates":[[-7.0245,6.87652778],[-7.1899,6.743]]}},{"type":"Feature","properties":{"name":"FH_182_KEIBLY-TAI","description":"MicrowaveHUAWEI_AC856 KEIBLY-AC480 TAI","link_type":"FH","geometry_type":"LineString","vendor":"HUAWEI","folder":"LIEN FH / HUAWEI","color":"#00FF00","width":2.0},"geometry":{"type":"LineString","coordinates":[[-7.4732,5.9921],[-7.4685,5.88]]}},{"type":"Feature","properties":{"name":"FH_183_ISSIA-ISSIA_4","description":"MicrowaveHUAWEI_AC140 ISSIA-AC705 ISSIA_4","link_type":"FH","geometry_type":"LineString","vendor":"HUAWEI","folder":"LIEN FH / HUAWEI","color":"#00FF00","width":2.0},"geometry":{"type":"LineString","coordinates":[[-6.5893,6.4896],[-6.578997,6.495196]]}},{"type":"Feature","properties":{"name":"FH_184_ZRALOUO-ZUENOULA","description":"MicrowaveHUAWEI_AC869 ZRALOUO-AC209 ZUENOULA","link_type":"FH","geometry_type":"LineString","vendor":"HUAWEI","folder":"LIEN FH / HUAWEI","color":"#00FF00","width":2.0},"geometry":{"type":"LineString","coordinates":[[-5.8898,7.5722],[-6.0322,7.4244]]}},{"type":"Feature","properties":{"name":"FH_185_ZRALOUO-KOUNAHIRI","description":"MicrowaveHUAWEI_AC869 ZRALOUO-AC821 KOUNAHIRI","link_type":"FH","geometry_type":"LineString","vendor":"HUAWEI","folder":"LIEN FH / HUAWEI","color":"#00FF00","width":2.0},"geometry":{"type":"LineString","coordinates":[[-5.8898,7.5722],[-5.8342,7.7905]]}},{"type":"Feature","properties":{"name":"FH_186_MAHAPLEU-DANANE","description":"MicrowaveHUAWEI_AC441 MAHAPLEU-AC287 DANANE","link_type":"FH","geometry_type":"LineString","vendor":"HUAWEI","folder":"LIEN FH / HUAWEI","color":"#00FF00","width":2.0},"geometry":{"type":"LineString","coordinates":[[-7.9357,7.2284],[-8.1499,7.2603]]}},{"type":"Feature","properties":{"name":"FH_187_ZRALOUO-ZUENOULA_CPLX","description":"MicrowaveHUAWEI_AC869 ZRALOUO-AC439 ZUENOULA_CPLX","link_type":"FH","geometry_type":"LineString","vendor":"HUAWEI","folder":"LIEN FH / HUAWEI","color":"#00FF00","width":2.0},"geometry":{"type":"LineString","coordinates":[[-5.8898,7.5722],[-6.1273,7.6019]]}},{"type":"Feature","properties":{"name":"FH_188_THE-BIANKOUMA","description":"MicrowaveHUAWEI_ET177 THE-AC302 BIANKOUMA","link_type":"FH","geometry_type":"LineString","vendor":"HUAWEI","folder":"LIEN FH / HUAWEI","color":"#00FF00","width":2.0},"geometry":{"type":"LineString","coordinates":[[-7.5732,7.67882],[-7.61041,7.74564]]}},{"type":"Feature","properties":{"name":"FH_189_ZOUAN_HOUNIEN-GLANGLEU","description":"MicrowaveHUAWEI_AC306 ZOUAN_HOUNIEN-ET161 GLANGLEU","link_type":"FH","geometry_type":"LineString","vendor":"HUAWEI","folder":"LIEN FH / HUAWEI","color":"#00FF00","width":2.0},"geometry":{"type":"LineString","coordinates":[[-8.2051,6.9165],[-8.2519444,6.85335278]]}},{"type":"Feature","properties":{"name":"FH_190_GLIGBEUADJI-RAPID_GRAH","description":"MicrowaveHUAWEI_ET605 GLIGBEUADJI-AC477 RAPID_GRAH","link_type":"FH","geometry_type":"LineString","vendor":"HUAWEI","folder":"LIEN FH / HUAWEI","color":"#00FF00","width":2.0},"geometry":{"type":"LineString","coordinates":[[-6.69523,5.20306],[-6.6406,5.0966]]}},{"type":"Feature","properties":{"name":"FH_191_GD_ZATTRY-YACOLI","description":"MicrowaveHUAWEI_AC222 GD_ZATTRY-AC499 YACOLI","link_type":"FH","geometry_type":"LineString","vendor":"HUAWEI","folder":"LIEN FH / HUAWEI","color":"#00FF00","width":2.0},"geometry":{"type":"LineString","coordinates":[[-6.5361,6.1178],[-6.5116,5.9642]]}},{"type":"Feature","properties":{"name":"FH_192_BRINGO-SIFIE","description":"MicrowaveHUAWEI_AC910 BRINGO-AC849 SIFIE","link_type":"FH","geometry_type":"LineString","vendor":"HUAWEI","folder":"LIEN FH / HUAWEI","color":"#00FF00","width":2.0},"geometry":{"type":"LineString","coordinates":[[-7.03033,7.83256],[-6.9289,7.9799]]}},{"type":"Feature","properties":{"name":"FH_193_SEGUELA-VROUO_1","description":"MicrowaveHUAWEI_AC298 SEGUELA-AC889 VROUO_1","link_type":"FH","geometry_type":"LineString","vendor":"HUAWEI","folder":"LIEN FH / HUAWEI","color":"#00FF00","width":2.0},"geometry":{"type":"LineString","coordinates":[[-6.6692,7.9643],[-6.5524,7.6937]]}},{"type":"Feature","properties":{"name":"FH_194_KONG-NAFANAN","description":"MicrowaveHUAWEI_AC502 KONG-AC579 NAFANAN","link_type":"FH","geometry_type":"LineString","vendor":"HUAWEI","folder":"LIEN FH / HUAWEI","color":"#00FF00","width":2.0},"geometry":{"type":"LineString","coordinates":[[-4.6179,9.1526],[-4.7857,9.1928]]}},{"type":"Feature","properties":{"name":"FH_195_NAFANAN-TAFIRE","description":"MicrowaveHUAWEI_AC579 NAFANAN-AC253 TAFIRE","link_type":"FH","geometry_type":"LineString","vendor":"HUAWEI","folder":"LIEN FH / HUAWEI","color":"#00FF00","width":2.0},"geometry":{"type":"LineString","coordinates":[[-4.7857,9.1928],[-5.1705,9.0675]]}},{"type":"Feature","properties":{"name":"FH_196_BOROTOU_KORO-KORO","description":"MicrowaveHUAWEI_AC438 BOROTOU_KORO-AC303 KORO","link_type":"FH","geometry_type":"LineString","vendor":"HUAWEI","folder":"LIEN FH / HUAWEI","color":"#00FF00","width":2.0},"geometry":{"type":"LineString","coordinates":[[-7.2179,8.4886],[-7.4561,8.5494]]}},{"type":"Feature","properties":{"name":"FH_197_ZALIOHOUAN-DAL_BSC","description":"MicrowaveHUAWEI_AC894 ZALIOHOUAN-AC904 DAL_BSC","link_type":"FH","geometry_type":"LineString","vendor":"HUAWEI","folder":"LIEN FH / HUAWEI","color":"#00FF00","width":2.0},"geometry":{"type":"LineString","coordinates":[[-6.2387,6.7937],[-6.429886,6.880981]]}},{"type":"Feature","properties":{"name":"FH_198_BONON-SEHIZRA","description":"MicrowaveHUAWEI_AC132 BONON-AC255 SEHIZRA","link_type":"FH","geometry_type":"LineString","vendor":"HUAWEI","folder":"LIEN FH / HUAWEI","color":"#00FF00","width":2.0},"geometry":{"type":"LineString","coordinates":[[-6.0525,6.9266],[-6.1008,6.9189]]}},{"type":"Feature","properties":{"name":"FH_199_BACI_KOUTO-KOUTO","description":"MicrowaveHUAWEI_BACI_KOU BACI_KOUTO-AC568 KOUTO","link_type":"FH","geometry_type":"LineString","vendor":"HUAWEI","folder":"LIEN FH / HUAWEI","color":"#00FF00","width":2.0},"geometry":{"type":"LineString","coordinates":[[-6.410607,9.893774],[-6.414,9.8929]]}},{"type":"Feature","properties":{"name":"FH_200_ODAGONE-ZOU","description":"MicrowaveHUAWEI_ET663 ODAGONE-ET269 ZOU","link_type":"FH","geometry_type":"LineString","vendor":"HUAWEI","folder":"LIEN FH / HUAWEI","color":"#00FF00","width":2.0},"geometry":{"type":"LineString","coordinates":[[-7.7454,7.1551],[-7.8066666,6.97458333]]}},{"type":"Feature","properties":{"name":"FH_201_ODAGONE-SANGOUINE","description":"MicrowaveHUAWEI_ET663 ODAGONE-AC467 SANGOUINE","link_type":"FH","geometry_type":"LineString","vendor":"HUAWEI","folder":"LIEN FH / HUAWEI","color":"#00FF00","width":2.0},"geometry":{"type":"LineString","coordinates":[[-7.7454,7.1551],[-7.7779,7.2711]]}},{"type":"Feature","properties":{"name":"FH_202_DROPLEU-MAHAPLEU","description":"MicrowaveHUAWEI_ET527 DROPLEU-AC441 MAHAPLEU","link_type":"FH","geometry_type":"LineString","vendor":"HUAWEI","folder":"LIEN FH / HUAWEI","color":"#00FF00","width":2.0},"geometry":{"type":"LineString","coordinates":[[-7.99687,7.24407],[-7.9357,7.2284]]}},{"type":"Feature","properties":{"name":"FH_203_SOUBRE_CITE BARRAGE-KPEHIRI","description":"MicrowaveHUAWEI_ET600 SOUBRE_CITE BARRAGE-AC809 KPEHIRI","link_type":"FH","geometry_type":"LineString","vendor":"HUAWEI","folder":"LIEN FH / HUAWEI","color":"#00FF00","width":2.0},"geometry":{"type":"LineString","coordinates":[[-6.607225,5.798612],[-6.623168,5.778643]]}},{"type":"Feature","properties":{"name":"FH_204_IPOUAGUI-WALEBO","description":"MicrowaveHUAWEI_ET604 IPOUAGUI-AC890 WALEBO","link_type":"FH","geometry_type":"LineString","vendor":"HUAWEI","folder":"LIEN FH / HUAWEI","color":"#00FF00","width":2.0},"geometry":{"type":"LineString","coordinates":[[-6.871627,5.493225],[-6.834,5.5857]]}},{"type":"Feature","properties":{"name":"FH_205_TAABO-MORONOU","description":"MicrowaveHUAWEI_AC468 TAABO-AC224 MORONOU","link_type":"FH","geometry_type":"LineString","vendor":"HUAWEI","folder":"LIEN FH / HUAWEI","color":"#00FF00","width":2.0},"geometry":{"type":"LineString","coordinates":[[-5.0716,6.2716],[-4.97145,6.316567]]}},{"type":"Feature","properties":{"name":"FH_206_DOUGOUNOUKOUADIOKRO-YAM_BSC","description":"MicrowaveHUAWEI_ET499 DOUGOUNOUKOUADIOKRO-AC611 YAM_BSC","link_type":"FH","geometry_type":"LineString","vendor":"HUAWEI","folder":"LIEN FH / HUAWEI","color":"#00FF00","width":2.0},"geometry":{"type":"LineString","coordinates":[[-5.33514,6.83597],[-5.2427,6.7939]]}},{"type":"Feature","properties":{"name":"FH_207_TIEBISSOU_PDCI-TIEBISSOU","description":"MicrowaveHUAWEI_ET375 TIEBISSOU_PDCI-AC210 TIEBISSOU","link_type":"FH","geometry_type":"LineString","vendor":"HUAWEI","folder":"LIEN FH / HUAWEI","color":"#00FF00","width":2.0},"geometry":{"type":"LineString","coordinates":[[-5.22539,7.15811],[-5.2212,7.1568]]}},{"type":"Feature","properties":{"name":"FH_208_--DOUGOUNOUKOUADIOKRO","description":"MicrowaveHUAWEI_ET500 --ET499 DOUGOUNOUKOUADIOKRO","link_type":"FH","geometry_type":"LineString","vendor":"HUAWEI","folder":"LIEN FH / HUAWEI","color":"#00FF00","width":2.0},"geometry":{"type":"LineString","coordinates":[[-5.40467,6.88375],[-5.33514,6.83597]]}},{"type":"Feature","properties":{"name":"FH_209_--ZATTA","description":"MicrowaveHUAWEI_ET500 --AC484 ZATTA","link_type":"FH","geometry_type":"LineString","vendor":"HUAWEI","folder":"LIEN FH / HUAWEI","color":"#00FF00","width":2.0},"geometry":{"type":"LineString","coordinates":[[-5.40467,6.88375],[-5.386,6.8529]]}},{"type":"Feature","properties":{"name":"FH_210_MEAGUI-MEAGUI_CIT","description":"MicrowaveHUAWEI_AC150 MEAGUI-AC268 MEAGUI_CIT","link_type":"FH","geometry_type":"LineString","vendor":"HUAWEI","folder":"LIEN FH / HUAWEI","color":"#00FF00","width":2.0},"geometry":{"type":"LineString","coordinates":[[-6.5537,5.3994],[-6.5664,5.4005]]}},{"type":"Feature","properties":{"name":"FH_211_QUARTIER_ELEPHANT-Sante","description":"MicrowaveHUAWEI_AC715 QUARTIER_ELEPHANT-AC230 Sante","link_type":"FH","geometry_type":"LineString","vendor":"HUAWEI","folder":"LIEN FH / HUAWEI","color":"#00FF00","width":2.0},"geometry":{"type":"LineString","coordinates":[[-3.88829,5.24234],[-4.044492,5.320844]]}},{"type":"Feature","properties":{"name":"FH_212_DOKE-CIB_BLOLEQUIN","description":"MicrowaveHUAWEI_ET234 DOKE-ET636 CIB_BLOLEQUIN","link_type":"FH","geometry_type":"LineString","vendor":"HUAWEI","folder":"LIEN FH / HUAWEI","color":"#00FF00","width":2.0},"geometry":{"type":"LineString","coordinates":[[-8.121252,6.596276],[-7.894722,6.652778]]}},{"type":"Feature","properties":{"name":"FH_213_SOUBRE-OKROUYO","description":"MicrowaveHUAWEI_AC149 SOUBRE-AC495 OKROUYO","link_type":"FH","geometry_type":"LineString","vendor":"HUAWEI","folder":"LIEN FH / HUAWEI","color":"#00FF00","width":2.0},"geometry":{"type":"LineString","coordinates":[[-6.5955,5.7844],[-6.4447,5.7655]]}},{"type":"Feature","properties":{"name":"FH_214_GABIADJI-RAPID_GRAH","description":"MicrowaveHUAWEI_AC455 GABIADJI-AC477 RAPID_GRAH","link_type":"FH","geometry_type":"LineString","vendor":"HUAWEI","folder":"LIEN FH / HUAWEI","color":"#00FF00","width":2.0},"geometry":{"type":"LineString","coordinates":[[-6.558,5.0199],[-6.6406,5.0966]]}},{"type":"Feature","properties":{"name":"FH_215_TIENIGBOUE-BOUANDOUGOU","description":"MicrowaveHUAWEI_AC296 TIENIGBOUE-AC442 BOUANDOUGOU","link_type":"FH","geometry_type":"LineString","vendor":"HUAWEI","folder":"LIEN FH / HUAWEI","color":"#00FF00","width":2.0},"geometry":{"type":"LineString","coordinates":[[-5.72257,8.18131],[-5.662947,8.212892]]}},{"type":"Feature","properties":{"name":"FH_216_BEHIBO_V15-NIAZAHON_V16","description":"MicrowaveHUAWEI_AC898 BEHIBO_V15-AC851 NIAZAHON_V16","link_type":"FH","geometry_type":"LineString","vendor":"HUAWEI","folder":"LIEN FH / HUAWEI","color":"#00FF00","width":2.0},"geometry":{"type":"LineString","coordinates":[[-7.4199,6.3148],[-7.3926,6.3731]]}},{"type":"Feature","properties":{"name":"FH_217_OUYABLY-GNONDROU-KOULAYERE","description":"MicrowaveHUAWEI_ET630 OUYABLY-GNONDROU-AC907 KOULAYERE","link_type":"FH","geometry_type":"LineString","vendor":"HUAWEI","folder":"LIEN FH / HUAWEI","color":"#00FF00","width":2.0},"geometry":{"type":"LineString","coordinates":[[-7.21083,7.32806],[-7.2028,7.3828]]}},{"type":"Feature","properties":{"name":"FH_218_DIEKADIOKRO-MBATTO","description":"MicrowaveHUAWEI_AC262 DIEKADIOKRO-AC274 MBATTO","link_type":"FH","geometry_type":"LineString","vendor":"HUAWEI","folder":"LIEN FH / HUAWEI","color":"#00FF00","width":2.0},"geometry":{"type":"LineString","coordinates":[[-4.4146,6.4934],[-4.3647,6.475]]}},{"type":"Feature","properties":{"name":"FH_219_KOFFI_AMONKRO-PRIKRO","description":"MicrowaveHUAWEI_AC908 KOFFI_AMONKRO-AC901 PRIKRO","link_type":"FH","geometry_type":"LineString","vendor":"HUAWEI","folder":"LIEN FH / HUAWEI","color":"#00FF00","width":2.0},"geometry":{"type":"LineString","coordinates":[[-3.95902,7.47314],[-3.9876,7.6328]]}},{"type":"Feature","properties":{"name":"FH_220_TOUMODI-TOUMODI_MARCHE","description":"MicrowaveHUAWEI_AC115 TOUMODI-AC945 TOUMODI_MARCHE","link_type":"FH","geometry_type":"LineString","vendor":"HUAWEI","folder":"LIEN FH / HUAWEI","color":"#00FF00","width":2.0},"geometry":{"type":"LineString","coordinates":[[-5.0193,6.5581],[-5.01046,6.55482]]}},{"type":"Feature","properties":{"name":"FH_221_ALLOCOKRO-ANANDA","description":"MicrowaveHUAWEI_AC519 ALLOCOKRO-AC485 ANANDA","link_type":"FH","geometry_type":"LineString","vendor":"HUAWEI","folder":"LIEN FH / HUAWEI","color":"#00FF00","width":2.0},"geometry":{"type":"LineString","coordinates":[[-4.0671,7.1166],[-4.2495,7.2829]]}},{"type":"Feature","properties":{"name":"FH_222_OUEDALLAH-BOUANDOUGOU","description":"MicrowaveHUAWEI_AC855 OUEDALLAH-AC442 BOUANDOUGOU","link_type":"FH","geometry_type":"LineString","vendor":"HUAWEI","folder":"LIEN FH / HUAWEI","color":"#00FF00","width":2.0},"geometry":{"type":"LineString","coordinates":[[-5.7892,8.1778],[-5.662947,8.212892]]}},{"type":"Feature","properties":{"name":"FH_223_GOUANA-ANIKRO","description":"MicrowaveHUAWEI_AC472 GOUANA-ET474 ANIKRO","link_type":"FH","geometry_type":"LineString","vendor":"HUAWEI","folder":"LIEN FH / HUAWEI","color":"#00FF00","width":2.0},"geometry":{"type":"LineString","coordinates":[[-7.6846,8.0706],[-7.58814,7.78015]]}},{"type":"Feature","properties":{"name":"FH_224_BKE_DJEZOU-BKE_BOPHOR","description":"MicrowaveHUAWEI_AC240 BKE_DJEZOU-AC429 BKE_BOPHOR","link_type":"FH","geometry_type":"LineString","vendor":"HUAWEI","folder":"LIEN FH / HUAWEI","color":"#00FF00","width":2.0},"geometry":{"type":"LineString","coordinates":[[-5.0544,7.7058],[-5.0428,7.7156]]}},{"type":"Feature","properties":{"name":"FH_225_BKE_NGATTAKRO-BKE_ONUCI","description":"MicrowaveHUAWEI_AC244 BKE_NGATTAKRO-AC607 BKE_ONUCI","link_type":"FH","geometry_type":"LineString","vendor":"HUAWEI","folder":"LIEN FH / HUAWEI","color":"#00FF00","width":2.0},"geometry":{"type":"LineString","coordinates":[[-5.0254,7.6503],[-5.0286,7.6611]]}},{"type":"Feature","properties":{"name":"FH_226_GNIPI_2-KOREADJI","description":"MicrowaveHUAWEI_AC845 GNIPI_2-AC479 KOREADJI","link_type":"FH","geometry_type":"LineString","vendor":"HUAWEI","folder":"LIEN FH / HUAWEI","color":"#00FF00","width":2.0},"geometry":{"type":"LineString","coordinates":[[-6.6449,5.6676],[-6.592537,5.538406]]}},{"type":"Feature","properties":{"name":"FH_227_OUME-OUME 3","description":"MicrowaveHUAWEI_AC201 OUME-ET595 OUME 3","link_type":"FH","geometry_type":"LineString","vendor":"HUAWEI","folder":"LIEN FH / HUAWEI","color":"#00FF00","width":2.0},"geometry":{"type":"LineString","coordinates":[[-5.4056,6.3772],[-5.41577,6.388324]]}},{"type":"Feature","properties":{"name":"FH_228_VROUO II-VROUO_1","description":"MicrowaveHUAWEI_ET623 VROUO II-AC889 VROUO_1","link_type":"FH","geometry_type":"LineString","vendor":"HUAWEI","folder":"LIEN FH / HUAWEI","color":"#00FF00","width":2.0},"geometry":{"type":"LineString","coordinates":[[-6.66718,7.68621],[-6.5524,7.6937]]}},{"type":"Feature","properties":{"name":"FH_229_MATHIEUKRO-RAPID_GRAH","description":"MicrowaveHUAWEI_AC269 MATHIEUKRO-AC477 RAPID_GRAH","link_type":"FH","geometry_type":"LineString","vendor":"HUAWEI","folder":"LIEN FH / HUAWEI","color":"#00FF00","width":2.0},"geometry":{"type":"LineString","coordinates":[[-6.4989455,5.0246144],[-6.6406,5.0966]]}},{"type":"Feature","properties":{"name":"FH_230_MEAGUI_KABORE-MEAGUI_CIT","description":"MicrowaveHUAWEI_ET516 MEAGUI_KABORE-AC268 MEAGUI_CIT","link_type":"FH","geometry_type":"LineString","vendor":"HUAWEI","folder":"LIEN FH / HUAWEI","color":"#00FF00","width":2.0},"geometry":{"type":"LineString","coordinates":[[-6.555722,5.408719],[-6.5664,5.4005]]}},{"type":"Feature","properties":{"name":"FH_231_BOGUEDIA-ISSIA","description":"MicrowaveHUAWEI_AC265 BOGUEDIA-AC140 ISSIA","link_type":"FH","geometry_type":"LineString","vendor":"HUAWEI","folder":"LIEN FH / HUAWEI","color":"#00FF00","width":2.0},"geometry":{"type":"LineString","coordinates":[[-6.5213,6.6383],[-6.5893,6.4896]]}},{"type":"Feature","properties":{"name":"FH_232_DOUKOUYA-DIEGONEFLA","description":"MicrowaveHUAWEI_ET154 DOUKOUYA-AC200 DIEGONEFLA","link_type":"FH","geometry_type":"LineString","vendor":"HUAWEI","folder":"LIEN FH / HUAWEI","color":"#00FF00","width":2.0},"geometry":{"type":"LineString","coordinates":[[-5.561056,6.418192],[-5.575,6.2792]]}},{"type":"Feature","properties":{"name":"FH_233_GAGNOA CHÂTEAU-GAGNOA_SOKOURADJAN","description":"MicrowaveHUAWEI_ET578 GAGNOA CHÂTEAU-AC147 GAGNOA_SOKOURADJAN","link_type":"FH","geometry_type":"LineString","vendor":"HUAWEI","folder":"LIEN FH / HUAWEI","color":"#00FF00","width":2.0},"geometry":{"type":"LineString","coordinates":[[-5.959727,6.13858],[-5.9642,6.1466]]}},{"type":"Feature","properties":{"name":"FH_234_ISSIA-GBALEGUHE","description":"MicrowaveHUAWEI_AC140 ISSIA-AC267 GBALEGUHE","link_type":"FH","geometry_type":"LineString","vendor":"HUAWEI","folder":"LIEN FH / HUAWEI","color":"#00FF00","width":2.0},"geometry":{"type":"LineString","coordinates":[[-6.5893,6.4896],[-6.5148,6.2266]]}},{"type":"Feature","properties":{"name":"FH_235_NIELLE-DIAWALA","description":"MicrowaveHUAWEI_AC504 NIELLE-AC216 DIAWALA","link_type":"FH","geometry_type":"LineString","vendor":"HUAWEI","folder":"LIEN FH / HUAWEI","color":"#00FF00","width":2.0},"geometry":{"type":"LineString","coordinates":[[-5.6296,10.1937],[-5.4715,10.1106]]}},{"type":"Feature","properties":{"name":"FH_236_PEPRESSOU-DAOUKRO","description":"MicrowaveHUAWEI_AC959 PEPRESSOU-AC185 DAOUKRO","link_type":"FH","geometry_type":"LineString","vendor":"HUAWEI","folder":"LIEN FH / HUAWEI","color":"#00FF00","width":2.0},"geometry":{"type":"LineString","coordinates":[[-4.00573,7.0659],[-3.9672,7.055]]}},{"type":"Feature","properties":{"name":"FH_237_FARABA-DIANRA_VILLAGE","description":"MicrowaveHUAWEI_ET656 FARABA-ET257 DIANRA_VILLAGE","link_type":"FH","geometry_type":"LineString","vendor":"HUAWEI","folder":"LIEN FH / HUAWEI","color":"#00FF00","width":2.0},"geometry":{"type":"LineString","coordinates":[[-6.253547,8.657951],[-6.2386,8.7625]]}},{"type":"Feature","properties":{"name":"FH_238_DAOUKRO-DAOUKRO_120 Logements","description":"MicrowaveHUAWEI_AC185 DAOUKRO-ET574 DAOUKRO_120 Logements","link_type":"FH","geometry_type":"LineString","vendor":"HUAWEI","folder":"LIEN FH / HUAWEI","color":"#00FF00","width":2.0},"geometry":{"type":"LineString","coordinates":[[-3.9672,7.055],[-3.972069,7.045777]]}},{"type":"Feature","properties":{"name":"FH_239_YABAYO-OBROUAYO","description":"MicrowaveHUAWEI_AC148 YABAYO-ET610 OBROUAYO","link_type":"FH","geometry_type":"LineString","vendor":"HUAWEI","folder":"LIEN FH / HUAWEI","color":"#00FF00","width":2.0},"geometry":{"type":"LineString","coordinates":[[-6.601,5.9524],[-6.64952,5.88961]]}},{"type":"Feature","properties":{"name":"FH_240_BKE_POINT_CARRE-BKE_KOKO","description":"MicrowaveHUAWEI_AC602 BKE_POINT_CARRE-ET672 BKE_KOKO","link_type":"FH","geometry_type":"LineString","vendor":"HUAWEI","folder":"LIEN FH / HUAWEI","color":"#00FF00","width":2.0},"geometry":{"type":"LineString","coordinates":[[-5.0404,7.6816],[-5.033083,7.692556]]}},{"type":"Feature","properties":{"name":"FH_241_BKE_POINT_CARRE-BKE_AGENCE MOOV","description":"MicrowaveHUAWEI_AC602 BKE_POINT_CARRE-ET568 BKE_AGENCE MOOV","link_type":"FH","geometry_type":"LineString","vendor":"HUAWEI","folder":"LIEN FH / HUAWEI","color":"#00FF00","width":2.0},"geometry":{"type":"LineString","coordinates":[[-5.0404,7.6816],[-5.027851,7.681042]]}},{"type":"Feature","properties":{"name":"FH_242_BKE_BELVILLE-BKE_BELVIL2","description":"MicrowaveHUAWEI_AC311 BKE_BELVILLE-AC238 BKE_BELVIL2","link_type":"FH","geometry_type":"LineString","vendor":"HUAWEI","folder":"LIEN FH / HUAWEI","color":"#00FF00","width":2.0},"geometry":{"type":"LineString","coordinates":[[-4.9941,7.7176],[-5.0074,7.7001]]}},{"type":"Feature","properties":{"name":"FH_243_BKE_POINT_CARRE-BKE_BROUKRO","description":"MicrowaveHUAWEI_AC602 BKE_POINT_CARRE-AC235 BKE_BROUKRO","link_type":"FH","geometry_type":"LineString","vendor":"HUAWEI","folder":"LIEN FH / HUAWEI","color":"#00FF00","width":2.0},"geometry":{"type":"LineString","coordinates":[[-5.0404,7.6816],[-5.0443,7.67]]}},{"type":"Feature","properties":{"name":"FH_244_OUME-KOCOUMBO","description":"MicrowaveHUAWEI_AC201 OUME-AC481 KOCOUMBO","link_type":"FH","geometry_type":"LineString","vendor":"HUAWEI","folder":"LIEN FH / HUAWEI","color":"#00FF00","width":2.0},"geometry":{"type":"LineString","coordinates":[[-5.4056,6.3772],[-5.2577,6.5461]]}},{"type":"Feature","properties":{"name":"FH_245_OUME-KONEFLA","description":"MicrowaveHUAWEI_AC201 OUME-AC266 KONEFLA","link_type":"FH","geometry_type":"LineString","vendor":"HUAWEI","folder":"LIEN FH / HUAWEI","color":"#00FF00","width":2.0},"geometry":{"type":"LineString","coordinates":[[-5.4056,6.3772],[-5.5976,6.6554]]}},{"type":"Feature","properties":{"name":"FH_246_OUATTARADOUGOU-TOBLY_BANGOLO","description":"MicrowaveHUAWEI_AC873 OUATTARADOUGOU-AC888 TOBLY_BANGOLO","link_type":"FH","geometry_type":"LineString","vendor":"HUAWEI","folder":"LIEN FH / HUAWEI","color":"#00FF00","width":2.0},"geometry":{"type":"LineString","coordinates":[[-7.1951,6.5942],[-7.1899,6.743]]}},{"type":"Feature","properties":{"name":"FH_247_DUEKOUE-DUEKOUE_CENTRE","description":"MicrowaveHUAWEI_AC206 DUEKOUE-AC205 DUEKOUE_CENTRE","link_type":"FH","geometry_type":"LineString","vendor":"HUAWEI","folder":"LIEN FH / HUAWEI","color":"#00FF00","width":2.0},"geometry":{"type":"LineString","coordinates":[[-7.3398,6.7419],[-7.3373,6.7311]]}},{"type":"Feature","properties":{"name":"FH_248_MEAGUI_AA-MEAGUI_CIT","description":"MicrowaveHUAWEI_AC151 MEAGUI_AA-AC268 MEAGUI_CIT","link_type":"FH","geometry_type":"LineString","vendor":"HUAWEI","folder":"LIEN FH / HUAWEI","color":"#00FF00","width":2.0},"geometry":{"type":"LineString","coordinates":[[-6.5618,5.4155],[-6.5664,5.4005]]}},{"type":"Feature","properties":{"name":"FH_249_BKE_POINT_CARRE-BKE_AHOUGNANSOU","description":"MicrowaveHUAWEI_AC602 BKE_POINT_CARRE-AC236 BKE_AHOUGNANSOU","link_type":"FH","geometry_type":"LineString","vendor":"HUAWEI","folder":"LIEN FH / HUAWEI","color":"#00FF00","width":2.0},"geometry":{"type":"LineString","coordinates":[[-5.0404,7.6816],[-5.0516,7.6871]]}},{"type":"Feature","properties":{"name":"FH_250_TIEBISSOU-NGATTADOLIKRO","description":"MicrowaveHUAWEI_AC210 TIEBISSOU-AC463 NGATTADOLIKRO","link_type":"FH","geometry_type":"LineString","vendor":"HUAWEI","folder":"LIEN FH / HUAWEI","color":"#00FF00","width":2.0},"geometry":{"type":"LineString","coordinates":[[-5.2212,7.1568],[-5.14199,7.281]]}},{"type":"Feature","properties":{"name":"FH_251_DOMOUROU-MAN_KENEDY","description":"MicrowaveHUAWEI_ET363 DOMOUROU-ET364 MAN_KENEDY","link_type":"FH","geometry_type":"LineString","vendor":"HUAWEI","folder":"LIEN FH / HUAWEI","color":"#00FF00","width":2.0},"geometry":{"type":"LineString","coordinates":[[-7.55947,7.41031],[-7.54912,7.41969]]}},{"type":"Feature","properties":{"name":"FH_252_DAL_ESCADRON-DAL_BAPTISTE","description":"MicrowaveHUAWEI_AC137 DAL_ESCADRON-Ac136 DAL_BAPTISTE","link_type":"FH","geometry_type":"LineString","vendor":"HUAWEI","folder":"LIEN FH / HUAWEI","color":"#00FF00","width":2.0},"geometry":{"type":"LineString","coordinates":[[-6.4465,6.8527],[-6.4371,6.8705]]}},{"type":"Feature","properties":{"name":"FH_253_NDOUKAHAKRO-AKAKRO","description":"MicrowaveHUAWEI_AC475 NDOUKAHAKRO-AC825 AKAKRO","link_type":"FH","geometry_type":"LineString","vendor":"HUAWEI","folder":"LIEN FH / HUAWEI","color":"#00FF00","width":2.0},"geometry":{"type":"LineString","coordinates":[[-5.1474,6.6864],[-5.1036,6.6459]]}},{"type":"Feature","properties":{"name":"FH_254_SEITIFLA-DIAFLA","description":"MicrowaveHUAWEI_ET621 SEITIFLA-AC906 DIAFLA","link_type":"FH","geometry_type":"LineString","vendor":"HUAWEI","folder":"LIEN FH / HUAWEI","color":"#00FF00","width":2.0},"geometry":{"type":"LineString","coordinates":[[-6.71717,7.43595],[-6.86436,7.41977]]}},{"type":"Feature","properties":{"name":"FH_255_BKE_BELVILLE-BKE_BELVIL3","description":"MicrowaveHUAWEI_AC311 BKE_BELVILLE-AC604 BKE_BELVIL3","link_type":"FH","geometry_type":"LineString","vendor":"HUAWEI","folder":"LIEN FH / HUAWEI","color":"#00FF00","width":2.0},"geometry":{"type":"LineString","coordinates":[[-4.9941,7.7176],[-5.0015,7.724]]}},{"type":"Feature","properties":{"name":"FH_256_ZIZIESSOU-AHOUGNASSOU-ALLAHOU","description":"MicrowaveHUAWEI_AC511 ZIZIESSOU-AC658 AHOUGNASSOU-ALLAHOU","link_type":"FH","geometry_type":"LineString","vendor":"HUAWEI","folder":"LIEN FH / HUAWEI","color":"#00FF00","width":2.0},"geometry":{"type":"LineString","coordinates":[[-5.0745277,7.10052777],[-5.052893,7.160699]]}},{"type":"Feature","properties":{"name":"FH_257_SIFIE-GBETOGO","description":"MicrowaveHUAWEI_AC849 SIFIE-ET645 GBETOGO","link_type":"FH","geometry_type":"LineString","vendor":"HUAWEI","folder":"LIEN FH / HUAWEI","color":"#00FF00","width":2.0},"geometry":{"type":"LineString","coordinates":[[-6.9289,7.9799],[-6.941861,8.125056]]}},{"type":"Feature","properties":{"name":"FH_258_GRIBOUO-LOBOVILLE","description":"MicrowaveHUAWEI_AC852 GRIBOUO-AC798 LOBOVILLE","link_type":"FH","geometry_type":"LineString","vendor":"HUAWEI","folder":"LIEN FH / HUAWEI","color":"#00FF00","width":2.0},"geometry":{"type":"LineString","coordinates":[[-6.9093,6.1883],[-6.825898,6.133867]]}},{"type":"Feature","properties":{"name":"FH_259_DAL_BSC-DAL_BAPTISTE","description":"MicrowaveHUAWEI_AC904 DAL_BSC-Ac136 DAL_BAPTISTE","link_type":"FH","geometry_type":"LineString","vendor":"HUAWEI","folder":"LIEN FH / HUAWEI","color":"#00FF00","width":2.0},"geometry":{"type":"LineString","coordinates":[[-6.429886,6.880981],[-6.4371,6.8705]]}},{"type":"Feature","properties":{"name":"FH_260_DAL_BRIGADE-DAL_BSC","description":"MicrowaveHUAWEI_AC135 DAL_BRIGADE-AC904 DAL_BSC","link_type":"FH","geometry_type":"LineString","vendor":"HUAWEI","folder":"LIEN FH / HUAWEI","color":"#00FF00","width":2.0},"geometry":{"type":"LineString","coordinates":[[-6.4313,6.8924],[-6.429886,6.880981]]}},{"type":"Feature","properties":{"name":"FH_261_DAL_CIT-DAL_BSC","description":"MicrowaveHUAWEI_AC133 DAL_CIT-AC904 DAL_BSC","link_type":"FH","geometry_type":"LineString","vendor":"HUAWEI","folder":"LIEN FH / HUAWEI","color":"#00FF00","width":2.0},"geometry":{"type":"LineString","coordinates":[[-6.4505,6.8862],[-6.429886,6.880981]]}},{"type":"Feature","properties":{"name":"FH_262_DAL_BSC-BEGAFLA","description":"MicrowaveHUAWEI_AC904 DAL_BSC-AC836 BEGAFLA","link_type":"FH","geometry_type":"LineString","vendor":"HUAWEI","folder":"LIEN FH / HUAWEI","color":"#00FF00","width":2.0},"geometry":{"type":"LineString","coordinates":[[-6.429886,6.880981],[-6.3301,7.0189]]}},{"type":"Feature","properties":{"name":"FH_263_KAGBE-GABIA","description":"MicrowaveHUAWEI_AC780 KAGBE-ET155 GABIA","link_type":"FH","geometry_type":"LineString","vendor":"HUAWEI","folder":"LIEN FH / HUAWEI","color":"#00FF00","width":2.0},"geometry":{"type":"LineString","coordinates":[[-5.33179,6.15588],[-5.381364,6.308639]]}},{"type":"Feature","properties":{"name":"FH_264_BKE_POINT_CARRE-BACI_BKE","description":"MicrowaveHUAWEI_AC602 BKE_POINT_CARRE-BACI_BKE BACI_BKE","link_type":"FH","geometry_type":"LineString","vendor":"HUAWEI","folder":"LIEN FH / HUAWEI","color":"#00FF00","width":2.0},"geometry":{"type":"LineString","coordinates":[[-5.0404,7.6816],[-5.029289,7.68024]]}},{"type":"Feature","properties":{"name":"FH_265_YACOLI-LESSIRI","description":"MicrowaveHUAWEI_AC499 YACOLI-ET614 LESSIRI","link_type":"FH","geometry_type":"LineString","vendor":"HUAWEI","folder":"LIEN FH / HUAWEI","color":"#00FF00","width":2.0},"geometry":{"type":"LineString","coordinates":[[-6.5116,5.9642],[-6.486609,5.917291]]}},{"type":"Feature","properties":{"name":"FH_266_NIAPOYO-OUREYO","description":"MicrowaveHUAWEI_AC850 NIAPOYO-ET261 OUREYO","link_type":"FH","geometry_type":"LineString","vendor":"HUAWEI","folder":"LIEN FH / HUAWEI","color":"#00FF00","width":2.0},"geometry":{"type":"LineString","coordinates":[[-6.6584,6.0215],[-6.596831,6.020642]]}},{"type":"Feature","properties":{"name":"FH_267_GRIBOUO-GBLIGLO","description":"MicrowaveHUAWEI_AC852 GRIBOUO-AC612 GBLIGLO","link_type":"FH","geometry_type":"LineString","vendor":"HUAWEI","folder":"LIEN FH / HUAWEI","color":"#00FF00","width":2.0},"geometry":{"type":"LineString","coordinates":[[-6.9093,6.1883],[-7.0294,6.13968]]}},{"type":"Feature","properties":{"name":"FH_268_GAGNOA_CIB-AHIZABRE","description":"MicrowaveHUAWEI_AC142 GAGNOA_CIB-ET258 AHIZABRE","link_type":"FH","geometry_type":"LineString","vendor":"HUAWEI","folder":"LIEN FH / HUAWEI","color":"#00FF00","width":2.0},"geometry":{"type":"LineString","coordinates":[[-5.9864,6.1149],[-6.10345,6.047097]]}},{"type":"Feature","properties":{"name":"FH_269_GAGNOA_SOKOURADJAN-OURAGAHIO","description":"MicrowaveHUAWEI_AC147 GAGNOA_SOKOURADJAN-AC204 OURAGAHIO","link_type":"FH","geometry_type":"LineString","vendor":"HUAWEI","folder":"LIEN FH / HUAWEI","color":"#00FF00","width":2.0},"geometry":{"type":"LineString","coordinates":[[-5.9642,6.1466],[-5.9277,6.3036]]}},{"type":"Feature","properties":{"name":"FH_270_BKE_POINT_CARRE-BKE_ONUCI","description":"MicrowaveHUAWEI_AC602 BKE_POINT_CARRE-AC607 BKE_ONUCI","link_type":"FH","geometry_type":"LineString","vendor":"HUAWEI","folder":"LIEN FH / HUAWEI","color":"#00FF00","width":2.0},"geometry":{"type":"LineString","coordinates":[[-5.0404,7.6816],[-5.0286,7.6611]]}},{"type":"Feature","properties":{"name":"FH_271_PHCIE_RT_BASSAM-GONZAG","description":"MicrowaveHUAWEI_ET529 PHCIE_RT_BASSAM-AC031 GONZAG","link_type":"FH","geometry_type":"LineString","vendor":"HUAWEI","folder":"LIEN FH / HUAWEI","color":"#00FF00","width":2.0},"geometry":{"type":"LineString","coordinates":[[-3.91019,5.241082],[-3.8988588,5.24194484]]}},{"type":"Feature","properties":{"name":"FH_272_CAFOP-COCOTERAIE","description":"MicrowaveHUAWEI_AC088 CAFOP-ET346 COCOTERAIE","link_type":"FH","geometry_type":"LineString","vendor":"HUAWEI","folder":"LIEN FH / HUAWEI","color":"#00FF00","width":2.0},"geometry":{"type":"LineString","coordinates":[[-3.7420314,5.21722934],[-3.775192,5.214664]]}},{"type":"Feature","properties":{"name":"FH_273_CAFOP-ARTISANAL","description":"MicrowaveHUAWEI_AC088 CAFOP-AC693 ARTISANAL","link_type":"FH","geometry_type":"LineString","vendor":"HUAWEI","folder":"LIEN FH / HUAWEI","color":"#00FF00","width":2.0},"geometry":{"type":"LineString","coordinates":[[-3.7420314,5.21722934],[-3.7601,5.20969]]}},{"type":"Feature","properties":{"name":"FH_274_CAFOP-ODDOS","description":"MicrowaveHUAWEI_AC088 CAFOP-AC087 ODDOS","link_type":"FH","geometry_type":"LineString","vendor":"HUAWEI","folder":"LIEN FH / HUAWEI","color":"#00FF00","width":2.0},"geometry":{"type":"LineString","coordinates":[[-3.7420314,5.21722934],[-3.7371475,5.20743846]]}},{"type":"Feature","properties":{"name":"FH_275_BKE_TOUR-BKE_POINT_CARRE","description":"MicrowaveHUAWEI_AC233 BKE_TOUR-AC602 BKE_POINT_CARRE","link_type":"FH","geometry_type":"LineString","vendor":"HUAWEI","folder":"LIEN FH / HUAWEI","color":"#00FF00","width":2.0},"geometry":{"type":"LineString","coordinates":[[-5.0289,7.6884],[-5.0404,7.6816]]}},{"type":"Feature","properties":{"name":"FH_276_BKE_SITAB-BKE_POINT_CARRE","description":"MicrowaveHUAWEI_AC596 BKE_SITAB-AC602 BKE_POINT_CARRE","link_type":"FH","geometry_type":"LineString","vendor":"HUAWEI","folder":"LIEN FH / HUAWEI","color":"#00FF00","width":2.0},"geometry":{"type":"LineString","coordinates":[[-5.0412,7.6934],[-5.0404,7.6816]]}},{"type":"Feature","properties":{"name":"FH_277_BKE_COMMERCE-BKE_POINT_CARRE","description":"MicrowaveHUAWEI_AC428 BKE_COMMERCE-AC602 BKE_POINT_CARRE","link_type":"FH","geometry_type":"LineString","vendor":"HUAWEI","folder":"LIEN FH / HUAWEI","color":"#00FF00","width":2.0},"geometry":{"type":"LineString","coordinates":[[-5.0294,7.6769],[-5.0404,7.6816]]}},{"type":"Feature","properties":{"name":"FH_278_CAFOP-BASSAM_CAFOP2","description":"MicrowaveHUAWEI_AC088 CAFOP-ET367 BASSAM_CAFOP2","link_type":"FH","geometry_type":"LineString","vendor":"HUAWEI","folder":"LIEN FH / HUAWEI","color":"#00FF00","width":2.0},"geometry":{"type":"LineString","coordinates":[[-3.7420314,5.21722934],[-3.754359,5.217982]]}},{"type":"Feature","properties":{"name":"FH_279_CAFOP-PALAIS_ROYAL","description":"MicrowaveHUAWEI_AC088 CAFOP-AC928 PALAIS_ROYAL","link_type":"FH","geometry_type":"LineString","vendor":"HUAWEI","folder":"LIEN FH / HUAWEI","color":"#00FF00","width":2.0},"geometry":{"type":"LineString","coordinates":[[-3.7420314,5.21722934],[-3.725,5.22348]]}},{"type":"Feature","properties":{"name":"FH_280_CAFOP-MOQUEVILLE","description":"MicrowaveHUAWEI_AC088 CAFOP-ET180 MOQUEVILLE","link_type":"FH","geometry_type":"LineString","vendor":"HUAWEI","folder":"LIEN FH / HUAWEI","color":"#00FF00","width":2.0},"geometry":{"type":"LineString","coordinates":[[-3.7420314,5.21722934],[-3.765172,5.225132]]}},{"type":"Feature","properties":{"name":"FH_281_MARANDALLAH-LAMADOUGOU","description":"MicrowaveHUAWEI_ET276 MARANDALLAH-ET159 LAMADOUGOU","link_type":"FH","geometry_type":"LineString","vendor":"HUAWEI","folder":"LIEN FH / HUAWEI","color":"#00FF00","width":2.0},"geometry":{"type":"LineString","coordinates":[[-5.919222,8.444444],[-5.9335833,8.14522222]]}},{"type":"Feature","properties":{"name":"FH_282_ASECNA-PLACE_AKWABA","description":"MicrowaveHUAWEI_AC029 ASECNA-ET384 PLACE_AKWABA","link_type":"FH","geometry_type":"LineString","vendor":"HUAWEI","folder":"LIEN FH / HUAWEI","color":"#00FF00","width":2.0},"geometry":{"type":"LineString","coordinates":[[-3.9359727,5.25535895],[-3.941578,5.26027]]}},{"type":"Feature","properties":{"name":"FH_283_ASECNA-SIRENE","description":"MicrowaveHUAWEI_AC029 ASECNA-AC032 SIRENE","link_type":"FH","geometry_type":"LineString","vendor":"HUAWEI","folder":"LIEN FH / HUAWEI","color":"#00FF00","width":2.0},"geometry":{"type":"LineString","coordinates":[[-3.9359727,5.25535895],[-3.9434886,5.25509436]]}},{"type":"Feature","properties":{"name":"FH_284_NAMANE-LUEHOUAN","description":"MicrowaveHUAWEI_AC871 NAMANE-ET613 LUEHOUAN","link_type":"FH","geometry_type":"LineString","vendor":"HUAWEI","folder":"LIEN FH / HUAWEI","color":"#00FF00","width":2.0},"geometry":{"type":"LineString","coordinates":[[-6.7052,6.3891],[-6.80089,6.29085]]}},{"type":"Feature","properties":{"name":"FH_285_ISSIA-NAMANE","description":"MicrowaveHUAWEI_AC140 ISSIA-AC871 NAMANE","link_type":"FH","geometry_type":"LineString","vendor":"HUAWEI","folder":"LIEN FH / HUAWEI","color":"#00FF00","width":2.0},"geometry":{"type":"LineString","coordinates":[[-6.5893,6.4896],[-6.7052,6.3891]]}},{"type":"Feature","properties":{"name":"FH_286_KOUNTIGUISSO-KORO","description":"MicrowaveHUAWEI_ET153 KOUNTIGUISSO-AC303 KORO","link_type":"FH","geometry_type":"LineString","vendor":"HUAWEI","folder":"LIEN FH / HUAWEI","color":"#00FF00","width":2.0},"geometry":{"type":"LineString","coordinates":[[-7.3763333,8.51425],[-7.4561,8.5494]]}},{"type":"Feature","properties":{"name":"FH_287_GONZAG-YOP_SODEFOR_BESSIKOI","description":"MicrowaveHUAWEI_AC031 GONZAG-ET430 YOP_SODEFOR_BESSIKOI","link_type":"FH","geometry_type":"LineString","vendor":"HUAWEI","folder":"LIEN FH / HUAWEI","color":"#00FF00","width":2.0},"geometry":{"type":"LineString","coordinates":[[-3.8988588,5.24194484],[-3.86605,5.23478]]}},{"type":"Feature","properties":{"name":"FH_288_ADJOUFOU-QUARTIER_ELEPHANT","description":"MicrowaveHUAWEI_AC030 ADJOUFOU-AC715 QUARTIER_ELEPHANT","link_type":"FH","geometry_type":"LineString","vendor":"HUAWEI","folder":"LIEN FH / HUAWEI","color":"#00FF00","width":2.0},"geometry":{"type":"LineString","coordinates":[[-3.9183603,5.2437256],[-3.88829,5.24234]]}},{"type":"Feature","properties":{"name":"FH_289_ADJOUFOU-GONZAG_MARCHE","description":"MicrowaveHUAWEI_AC030 ADJOUFOU-AC989 GONZAG_MARCHE","link_type":"FH","geometry_type":"LineString","vendor":"HUAWEI","folder":"LIEN FH / HUAWEI","color":"#00FF00","width":2.0},"geometry":{"type":"LineString","coordinates":[[-3.9183603,5.2437256],[-3.9086,5.2446]]}},{"type":"Feature","properties":{"name":"FH_290_ADJOUFOU-EFYM","description":"MicrowaveHUAWEI_AC030 ADJOUFOU-AC633 EFYM","link_type":"FH","geometry_type":"LineString","vendor":"HUAWEI","folder":"LIEN FH / HUAWEI","color":"#00FF00","width":2.0},"geometry":{"type":"LineString","coordinates":[[-3.9183603,5.2437256],[-3.9079,5.25]]}},{"type":"Feature","properties":{"name":"FH_291_ODIENNE_TEXAS-ODIENNE","description":"MicrowaveHUAWEI_AC808 ODIENNE_TEXAS-AC305 ODIENNE","link_type":"FH","geometry_type":"LineString","vendor":"HUAWEI","folder":"LIEN FH / HUAWEI","color":"#00FF00","width":2.0},"geometry":{"type":"LineString","coordinates":[[-7.564911,9.493677],[-7.5621,9.4999]]}},{"type":"Feature","properties":{"name":"FH_292_TOUADJI-KOREADJI","description":"MicrowaveHUAWEI_ET518 TOUADJI-AC479 KOREADJI","link_type":"FH","geometry_type":"LineString","vendor":"HUAWEI","folder":"LIEN FH / HUAWEI","color":"#00FF00","width":2.0},"geometry":{"type":"LineString","coordinates":[[-6.57778,5.51058],[-6.592537,5.538406]]}},{"type":"Feature","properties":{"name":"FH_293_GUIGLO-SADA","description":"MicrowaveHUAWEI_AC207 GUIGLO-AC801 SADA","link_type":"FH","geometry_type":"LineString","vendor":"HUAWEI","folder":"LIEN FH / HUAWEI","color":"#00FF00","width":2.0},"geometry":{"type":"LineString","coordinates":[[-7.4918,6.5444],[-7.602795,6.634859]]}},{"type":"Feature","properties":{"name":"FH_294_ASSOUINDE-ASSINIE","description":"MicrowaveHUAWEI_AC213 ASSOUINDE-AC168 ASSINIE","link_type":"FH","geometry_type":"LineString","vendor":"HUAWEI","folder":"LIEN FH / HUAWEI","color":"#00FF00","width":2.0},"geometry":{"type":"LineString","coordinates":[[-3.4626709,5.15986325],[-3.40678,5.15454]]}},{"type":"Feature","properties":{"name":"FH_295_ASSOUINDE-KOUAKRO_CIT","description":"MicrowaveHUAWEI_AC213 ASSOUINDE-AC256 KOUAKRO_CIT","link_type":"FH","geometry_type":"LineString","vendor":"HUAWEI","folder":"LIEN FH / HUAWEI","color":"#00FF00","width":2.0},"geometry":{"type":"LineString","coordinates":[[-3.4626709,5.15986325],[-3.4905582,5.28499696]]}},{"type":"Feature","properties":{"name":"FH_296_DAL_KHALIL-DIGBAPIA","description":"MicrowaveHUAWEI_AC138 DAL_KHALIL-AC450 DIGBAPIA","link_type":"FH","geometry_type":"LineString","vendor":"HUAWEI","folder":"LIEN FH / HUAWEI","color":"#00FF00","width":2.0},"geometry":{"type":"LineString","coordinates":[[-6.4529,6.9056],[-6.6261,6.8322]]}},{"type":"Feature","properties":{"name":"FH_297_BLENIMEOUIN-KOUIBLY","description":"MicrowaveHUAWEI_AC842 BLENIMEOUIN-ET171 KOUIBLY","link_type":"FH","geometry_type":"LineString","vendor":"HUAWEI","folder":"LIEN FH / HUAWEI","color":"#00FF00","width":2.0},"geometry":{"type":"LineString","coordinates":[[-7.1854,7.1434],[-7.230834,7.253891]]}},{"type":"Feature","properties":{"name":"FH_298_MAN-BACI_MAN","description":"MicrowaveHUAWEI_AC290 MAN-BACIM BACI_MAN","link_type":"FH","geometry_type":"LineString","vendor":"HUAWEI","folder":"LIEN FH / HUAWEI","color":"#00FF00","width":2.0},"geometry":{"type":"LineString","coordinates":[[-7.5488,7.4111],[-7.553441,7.409083]]}},{"type":"Feature","properties":{"name":"FH_299_KOR_QUARTIER14-KORHOGO_FHB","description":"MicrowaveHUAWEI_ET345 KOR_QUARTIER14-AC247 KORHOGO_FHB","link_type":"FH","geometry_type":"LineString","vendor":"HUAWEI","folder":"LIEN FH / HUAWEI","color":"#00FF00","width":2.0},"geometry":{"type":"LineString","coordinates":[[-5.62713,9.44596],[-5.62479,9.41894]]}},{"type":"Feature","properties":{"name":"FH_300_GRIBOUO-GNABOYA_V4","description":"MicrowaveHUAWEI_AC852 GRIBOUO-ET126 GNABOYA_V4","link_type":"FH","geometry_type":"LineString","vendor":"HUAWEI","folder":"LIEN FH / HUAWEI","color":"#00FF00","width":2.0},"geometry":{"type":"LineString","coordinates":[[-6.9093,6.1883],[-6.931362,6.078919]]}},{"type":"Feature","properties":{"name":"FH_301_KAHANSO-ODIENNE","description":"MicrowaveHUAWEI_ET290 KAHANSO-AC305 ODIENNE","link_type":"FH","geometry_type":"LineString","vendor":"HUAWEI","folder":"LIEN FH / HUAWEI","color":"#00FF00","width":2.0},"geometry":{"type":"LineString","coordinates":[[-7.6048888,9.24966666],[-7.5621,9.4999]]}},{"type":"Feature","properties":{"name":"FH_302_OUARANIERE-KOR_LYC_SAKANOKO","description":"MicrowaveHUAWEI_ET361 OUARANIERE-AC248 KOR_LYC_SAKANOKO","link_type":"FH","geometry_type":"LineString","vendor":"HUAWEI","folder":"LIEN FH / HUAWEI","color":"#00FF00","width":2.0},"geometry":{"type":"LineString","coordinates":[[-5.66778,9.42469],[-5.6581,9.4547]]}},{"type":"Feature","properties":{"name":"FH_303_SEMIEN-DIAFLA","description":"MicrowaveHUAWEI_AC881 SEMIEN-AC906 DIAFLA","link_type":"FH","geometry_type":"LineString","vendor":"HUAWEI","folder":"LIEN FH / HUAWEI","color":"#00FF00","width":2.0},"geometry":{"type":"LineString","coordinates":[[-7.1304,7.6146],[-6.86436,7.41977]]}},{"type":"Feature","properties":{"name":"FH_304_KOULAYERE-SEMIEN","description":"MicrowaveHUAWEI_AC907 KOULAYERE-AC881 SEMIEN","link_type":"FH","geometry_type":"LineString","vendor":"HUAWEI","folder":"LIEN FH / HUAWEI","color":"#00FF00","width":2.0},"geometry":{"type":"LineString","coordinates":[[-7.2028,7.3828],[-7.1304,7.6146]]}},{"type":"Feature","properties":{"name":"FH_305_SINFRA_NV_QTIER-SANEGOURIFLA","description":"MicrowaveHUAWEI_AC905 SINFRA_NV_QTIER-AC876 SANEGOURIFLA","link_type":"FH","geometry_type":"LineString","vendor":"HUAWEI","folder":"LIEN FH / HUAWEI","color":"#00FF00","width":2.0},"geometry":{"type":"LineString","coordinates":[[-5.91602,6.61213],[-5.7996,6.6563]]}},{"type":"Feature","properties":{"name":"FH_306_NOUKPOUDOU_LBS-ABOKA_ou_V9","description":"MicrowaveHUAWEI_ET242 NOUKPOUDOU_LBS-AC902 ABOKA_ou_V9","link_type":"FH","geometry_type":"LineString","vendor":"HUAWEI","folder":"LIEN FH / HUAWEI","color":"#00FF00","width":2.0},"geometry":{"type":"LineString","coordinates":[[-6.898917,6.398333],[-6.8221,6.5365]]}},{"type":"Feature","properties":{"name":"FH_307_BANAKRO-GOULIA","description":"MicrowaveHUAWEI_ET664 BANAKRO-ET260 GOULIA","link_type":"FH","geometry_type":"LineString","vendor":"HUAWEI","folder":"LIEN FH / HUAWEI","color":"#00FF00","width":2.0},"geometry":{"type":"LineString","coordinates":[[-7.397611,9.809833],[-7.205139,10.015861]]}},{"type":"Feature","properties":{"name":"FH_308_BKE_CORRIDOR_ND-BKE_CARREFOUR_ATTO","description":"MicrowaveHUAWEI_AC610 BKE_CORRIDOR_ND-AC603 BKE_CARREFOUR_ATTO","link_type":"FH","geometry_type":"LineString","vendor":"HUAWEI","folder":"LIEN FH / HUAWEI","color":"#00FF00","width":2.0},"geometry":{"type":"LineString","coordinates":[[-5.0361,7.7456],[-5.0327,7.7149]]}},{"type":"Feature","properties":{"name":"FH_309_MEAGUI_CIT-KOREADJI","description":"MicrowaveHUAWEI_AC268 MEAGUI_CIT-AC479 KOREADJI","link_type":"FH","geometry_type":"LineString","vendor":"HUAWEI","folder":"LIEN FH / HUAWEI","color":"#00FF00","width":2.0},"geometry":{"type":"LineString","coordinates":[[-6.5664,5.4005],[-6.592537,5.538406]]}},{"type":"Feature","properties":{"name":"FH_310_BKE_ODIENEKOURANI-BKE_AHOUGNANSOU","description":"MicrowaveHUAWEI_AC435 BKE_ODIENEKOURANI-AC236 BKE_AHOUGNANSOU","link_type":"FH","geometry_type":"LineString","vendor":"HUAWEI","folder":"LIEN FH / HUAWEI","color":"#00FF00","width":2.0},"geometry":{"type":"LineString","coordinates":[[-5.0629,7.6999],[-5.0516,7.6871]]}},{"type":"Feature","properties":{"name":"FH_311_BKE_UNIVERSITE-BKE_AHOUGNANSOU","description":"MicrowaveHUAWEI_AC597 BKE_UNIVERSITE-AC236 BKE_AHOUGNANSOU","link_type":"FH","geometry_type":"LineString","vendor":"HUAWEI","folder":"LIEN FH / HUAWEI","color":"#00FF00","width":2.0},"geometry":{"type":"LineString","coordinates":[[-5.0667,7.687],[-5.0516,7.6871]]}},{"type":"Feature","properties":{"name":"FH_312_GUIGLO-GOYA_1","description":"MicrowaveHUAWEI_AC207 GUIGLO-AC866 GOYA_1","link_type":"FH","geometry_type":"LineString","vendor":"HUAWEI","folder":"LIEN FH / HUAWEI","color":"#00FF00","width":2.0},"geometry":{"type":"LineString","coordinates":[[-7.4918,6.5444],[-7.4272,6.5648]]}},{"type":"Feature","properties":{"name":"FH_313_PEPRESSOU-ALLOCOKRO","description":"MicrowaveHUAWEI_AC959 PEPRESSOU-AC519 ALLOCOKRO","link_type":"FH","geometry_type":"LineString","vendor":"HUAWEI","folder":"LIEN FH / HUAWEI","color":"#00FF00","width":2.0},"geometry":{"type":"LineString","coordinates":[[-4.00573,7.0659],[-4.0671,7.1166]]}},{"type":"Feature","properties":{"name":"FH_314_ASSIE_KOUMASSI-BONGOUANOU","description":"MicrowaveHUAWEI_ET120 ASSIE_KOUMASSI-AC190 BONGOUANOU","link_type":"FH","geometry_type":"LineString","vendor":"HUAWEI","folder":"LIEN FH / HUAWEI","color":"#00FF00","width":2.0},"geometry":{"type":"LineString","coordinates":[[-4.286028,6.769722],[-4.2054,6.6581]]}},{"type":"Feature","properties":{"name":"FH_315_TOBLY_BANGOLO-GUEZON","description":"MicrowaveHUAWEI_AC888 TOBLY_BANGOLO-AC423 GUEZON","link_type":"FH","geometry_type":"LineString","vendor":"HUAWEI","folder":"LIEN FH / HUAWEI","color":"#00FF00","width":2.0},"geometry":{"type":"LineString","coordinates":[[-7.1899,6.743],[-7.1169999,6.73967076]]}},{"type":"Feature","properties":{"name":"FH_316_TOUMBOKRO-BAONFLA","description":"MicrowaveHUAWEI_ET123 TOUMBOKRO-AC832 BAONFLA","link_type":"FH","geometry_type":"LineString","vendor":"HUAWEI","folder":"LIEN FH / HUAWEI","color":"#00FF00","width":2.0},"geometry":{"type":"LineString","coordinates":[[-5.50182,6.92731],[-5.4989,6.8327]]}},{"type":"Feature","properties":{"name":"FH_317_KASSERE-NIOFOIN","description":"MicrowaveHUAWEI_AC494 KASSERE-ET279 NIOFOIN","link_type":"FH","geometry_type":"LineString","vendor":"HUAWEI","folder":"LIEN FH / HUAWEI","color":"#00FF00","width":2.0},"geometry":{"type":"LineString","coordinates":[[-6.227556,9.835111],[-6.075889,9.619638]]}},{"type":"Feature","properties":{"name":"FH_318_WALEBO-SELIGBANGAN","description":"MicrowaveHUAWEI_AC890 WALEBO-ET188 SELIGBANGAN","link_type":"FH","geometry_type":"LineString","vendor":"HUAWEI","folder":"LIEN FH / HUAWEI","color":"#00FF00","width":2.0},"geometry":{"type":"LineString","coordinates":[[-6.834,5.5857],[-6.70952,5.53297]]}},{"type":"Feature","properties":{"name":"FH_319_BEGAFLA-LUENOUFLA","description":"MicrowaveHUAWEI_AC836 BEGAFLA-AC867 LUENOUFLA","link_type":"FH","geometry_type":"LineString","vendor":"HUAWEI","folder":"LIEN FH / HUAWEI","color":"#00FF00","width":2.0},"geometry":{"type":"LineString","coordinates":[[-6.3301,7.0189],[-6.2434,7.0679]]}},{"type":"Feature","properties":{"name":"FH_320_SARAKAGUI-ANGAGUI","description":"MicrowaveHUAWEI_AC877 SARAKAGUI-AC823 ANGAGUI","link_type":"FH","geometry_type":"LineString","vendor":"HUAWEI","folder":"LIEN FH / HUAWEI","color":"#00FF00","width":2.0},"geometry":{"type":"LineString","coordinates":[[-6.8032,5.8258],[-6.8016,5.9294]]}},{"type":"Feature","properties":{"name":"FH_321_NOUKPOUDOU_LBS-GRIBOUO","description":"MicrowaveHUAWEI_ET242 NOUKPOUDOU_LBS-AC852 GRIBOUO","link_type":"FH","geometry_type":"LineString","vendor":"HUAWEI","folder":"LIEN FH / HUAWEI","color":"#00FF00","width":2.0},"geometry":{"type":"LineString","coordinates":[[-6.898917,6.398333],[-6.9093,6.1883]]}},{"type":"Feature","properties":{"name":"FH_322_KOFFI_AMONKRO-ANYANOU","description":"MicrowaveHUAWEI_AC908 KOFFI_AMONKRO-AC970 ANYANOU","link_type":"FH","geometry_type":"LineString","vendor":"HUAWEI","folder":"LIEN FH / HUAWEI","color":"#00FF00","width":2.0},"geometry":{"type":"LineString","coordinates":[[-3.95902,7.47314],[-3.75986,7.69057]]}},{"type":"Feature","properties":{"name":"FH_323_GUIGLO-GUINKIN","description":"MicrowaveHUAWEI_AC207 GUIGLO-ET267 GUINKIN","link_type":"FH","geometry_type":"LineString","vendor":"HUAWEI","folder":"LIEN FH / HUAWEI","color":"#00FF00","width":2.0},"geometry":{"type":"LineString","coordinates":[[-7.4918,6.5444],[-7.722056,6.564028]]}},{"type":"Feature","properties":{"name":"FH_324_BAHE_BLAON-PINHOU","description":"MicrowaveHUAWEI_AC828 BAHE_BLAON-AC949 PINHOU","link_type":"FH","geometry_type":"LineString","vendor":"HUAWEI","folder":"LIEN FH / HUAWEI","color":"#00FF00","width":2.0},"geometry":{"type":"LineString","coordinates":[[-7.3416,6.6717],[-7.3434694,6.64420682]]}},{"type":"Feature","properties":{"name":"FH_325_ITY-GLANGLEU","description":"MicrowaveHUAWEI_AC551 ITY-ET161 GLANGLEU","link_type":"FH","geometry_type":"LineString","vendor":"HUAWEI","folder":"LIEN FH / HUAWEI","color":"#00FF00","width":2.0},"geometry":{"type":"LineString","coordinates":[[-8.1185,6.8859],[-8.2519444,6.85335278]]}},{"type":"Feature","properties":{"name":"FH_326_BLOLEQUIN-BEOUELAYAN_CIT","description":"MicrowaveHUAWEI_AC445 BLOLEQUIN-AC418 BEOUELAYAN_CIT","link_type":"FH","geometry_type":"LineString","vendor":"HUAWEI","folder":"LIEN FH / HUAWEI","color":"#00FF00","width":2.0},"geometry":{"type":"LineString","coordinates":[[-8.0075,6.5735],[-7.8858,6.5411]]}},{"type":"Feature","properties":{"name":"FH_327_PEPRESSOU-GOUABO","description":"MicrowaveHUAWEI_AC959 PEPRESSOU-AC496 GOUABO","link_type":"FH","geometry_type":"LineString","vendor":"HUAWEI","folder":"LIEN FH / HUAWEI","color":"#00FF00","width":2.0},"geometry":{"type":"LineString","coordinates":[[-4.00573,7.0659],[-3.9887,6.9851]]}},{"type":"Feature","properties":{"name":"FH_328_SEMIEN-BRINGO","description":"MicrowaveHUAWEI_AC881 SEMIEN-AC910 BRINGO","link_type":"FH","geometry_type":"LineString","vendor":"HUAWEI","folder":"LIEN FH / HUAWEI","color":"#00FF00","width":2.0},"geometry":{"type":"LineString","coordinates":[[-7.1304,7.6146],[-7.03033,7.83256]]}},{"type":"Feature","properties":{"name":"FH_329_BONGOUANOU-NZUEKOKORE","description":"MicrowaveHUAWEI_AC190 BONGOUANOU-ET116 NZUEKOKORE","link_type":"FH","geometry_type":"LineString","vendor":"HUAWEI","folder":"LIEN FH / HUAWEI","color":"#00FF00","width":2.0},"geometry":{"type":"LineString","coordinates":[[-4.2054,6.6581],[-4.2845833,6.57038888]]}},{"type":"Feature","properties":{"name":"FH_330_DIEKADIOKRO-NZUEKOKORE","description":"MicrowaveHUAWEI_AC262 DIEKADIOKRO-ET116 NZUEKOKORE","link_type":"FH","geometry_type":"LineString","vendor":"HUAWEI","folder":"LIEN FH / HUAWEI","color":"#00FF00","width":2.0},"geometry":{"type":"LineString","coordinates":[[-4.4146,6.4934],[-4.2845833,6.57038888]]}},{"type":"Feature","properties":{"name":"FH_331_GUEYO-NIOROUHIO","description":"MicrowaveHUAWEI_AC457 GUEYO-ET266 NIOROUHIO","link_type":"FH","geometry_type":"LineString","vendor":"HUAWEI","folder":"LIEN FH / HUAWEI","color":"#00FF00","width":2.0},"geometry":{"type":"LineString","coordinates":[[-6.0726,5.6821],[-6.126028,5.77]]}},{"type":"Feature","properties":{"name":"FH_332_SELIGBANGAN-KOREADJI","description":"MicrowaveHUAWEI_ET188 SELIGBANGAN-AC479 KOREADJI","link_type":"FH","geometry_type":"LineString","vendor":"HUAWEI","folder":"LIEN FH / HUAWEI","color":"#00FF00","width":2.0},"geometry":{"type":"LineString","coordinates":[[-6.70952,5.53297],[-6.592537,5.538406]]}},{"type":"Feature","properties":{"name":"FH_333_BLEANIANDA-BOODA","description":"MicrowaveHUAWEI_AC841 BLEANIANDA-AC847 BOODA","link_type":"FH","geometry_type":"LineString","vendor":"HUAWEI","folder":"LIEN FH / HUAWEI","color":"#00FF00","width":2.0},"geometry":{"type":"LineString","coordinates":[[-5.7064,6.3046],[-5.6896,6.3599]]}},{"type":"Feature","properties":{"name":"FH_334_BELLE_VILLE-GUESSABO","description":"MicrowaveHUAWEI_AC837 BELLE_VILLE-AC456 GUESSABO","link_type":"FH","geometry_type":"LineString","vendor":"HUAWEI","folder":"LIEN FH / HUAWEI","color":"#00FF00","width":2.0},"geometry":{"type":"LineString","coordinates":[[-6.848,6.8726],[-6.9534,6.7364]]}},{"type":"Feature","properties":{"name":"FH_335_TOURATO-MBENGUEDOUGOU","description":"MicrowaveHUAWEI_AC696 TOURATO-AC507 MBENGUEDOUGOU","link_type":"FH","geometry_type":"LineString","vendor":"HUAWEI","folder":"LIEN FH / HUAWEI","color":"#00FF00","width":2.0},"geometry":{"type":"LineString","coordinates":[[-5.99793,9.5417],[-5.818387,9.52095]]}},{"type":"Feature","properties":{"name":"FH_336_KOLIA-MARAMANA","description":"MicrowaveHUAWEI_AC584 KOLIA-AC697 MARAMANA","link_type":"FH","geometry_type":"LineString","vendor":"HUAWEI","folder":"LIEN FH / HUAWEI","color":"#00FF00","width":2.0},"geometry":{"type":"LineString","coordinates":[[-6.4603,9.7713],[-6.261193,9.71814]]}},{"type":"Feature","properties":{"name":"FH_337_TOULEPLEU-DOKE","description":"MicrowaveHUAWEI_AC307 TOULEPLEU-ET234 DOKE","link_type":"FH","geometry_type":"LineString","vendor":"HUAWEI","folder":"LIEN FH / HUAWEI","color":"#00FF00","width":2.0},"geometry":{"type":"LineString","coordinates":[[-8.4083,6.5902],[-8.121252,6.596276]]}},{"type":"Feature","properties":{"name":"FH_338_BINHOUYE-TOULEPLEU","description":"MicrowaveHUAWEI_AC444 BINHOUYE-AC307 TOULEPLEU","link_type":"FH","geometry_type":"LineString","vendor":"HUAWEI","folder":"LIEN FH / HUAWEI","color":"#00FF00","width":2.0},"geometry":{"type":"LineString","coordinates":[[-8.3156,6.7844],[-8.4083,6.5902]]}},{"type":"Feature","properties":{"name":"FH_339_BINHOUYE-GLANGLEU","description":"MicrowaveHUAWEI_AC444 BINHOUYE-ET161 GLANGLEU","link_type":"FH","geometry_type":"LineString","vendor":"HUAWEI","folder":"LIEN FH / HUAWEI","color":"#00FF00","width":2.0},"geometry":{"type":"LineString","coordinates":[[-8.3156,6.7844],[-8.2519444,6.85335278]]}},{"type":"Feature","properties":{"name":"FH_340_BEFLA-BANDIAHI","description":"MicrowaveHUAWEI_AC835 BEFLA-AC831 BANDIAHI","link_type":"FH","geometry_type":"LineString","vendor":"HUAWEI","folder":"LIEN FH / HUAWEI","color":"#00FF00","width":2.0},"geometry":{"type":"LineString","coordinates":[[-6.1375,7.2116],[-6.1856,7.1982]]}},{"type":"Feature","properties":{"name":"FH_341_GNAKOBLONOUAN-DJOUKOUYO","description":"MicrowaveHUAWEI_ET204 GNAKOBLONOUAN-ET128 DJOUKOUYO","link_type":"FH","geometry_type":"LineString","vendor":"HUAWEI","folder":"LIEN FH / HUAWEI","color":"#00FF00","width":2.0},"geometry":{"type":"LineString","coordinates":[[-5.9791111,5.71133333],[-5.9607777,5.82761111]]}},{"type":"Feature","properties":{"name":"FH_342_BANDIAHI-LUENOUFLA","description":"MicrowaveHUAWEI_AC831 BANDIAHI-AC867 LUENOUFLA","link_type":"FH","geometry_type":"LineString","vendor":"HUAWEI","folder":"LIEN FH / HUAWEI","color":"#00FF00","width":2.0},"geometry":{"type":"LineString","coordinates":[[-6.1856,7.1982],[-6.2434,7.0679]]}},{"type":"Feature","properties":{"name":"FH_343_BKE_NDAKRO-BKE_BROUKRO_EXT","description":"MicrowaveHUAWEI_ET103 BKE_NDAKRO-AC606 BKE_BROUKRO_EXT","link_type":"FH","geometry_type":"LineString","vendor":"HUAWEI","folder":"LIEN FH / HUAWEI","color":"#00FF00","width":2.0},"geometry":{"type":"LineString","coordinates":[[-5.07354,7.66988],[-5.0536,7.6738]]}},{"type":"Feature","properties":{"name":"FH_344_NIAPOYO-YACOLI","description":"MicrowaveHUAWEI_AC850 NIAPOYO-AC499 YACOLI","link_type":"FH","geometry_type":"LineString","vendor":"HUAWEI","folder":"LIEN FH / HUAWEI","color":"#00FF00","width":2.0},"geometry":{"type":"LineString","coordinates":[[-6.6584,6.0215],[-6.5116,5.9642]]}},{"type":"Feature","properties":{"name":"FH_345_BODOKRO-BEOUMI","description":"MicrowaveHUAWEI_AC491 BODOKRO-AC443 BEOUMI","link_type":"FH","geometry_type":"LineString","vendor":"HUAWEI","folder":"LIEN FH / HUAWEI","color":"#00FF00","width":2.0},"geometry":{"type":"LineString","coordinates":[[-5.47721,7.86776],[-5.57126,7.67851]]}},{"type":"Feature","properties":{"name":"FH_346_NIAPOYO-LOGOGBA","description":"MicrowaveHUAWEI_AC850 NIAPOYO-AC865 LOGOGBA","link_type":"FH","geometry_type":"LineString","vendor":"HUAWEI","folder":"LIEN FH / HUAWEI","color":"#00FF00","width":2.0},"geometry":{"type":"LineString","coordinates":[[-6.6584,6.0215],[-6.7393,5.9835]]}},{"type":"Feature","properties":{"name":"FH_347_DOKE-BLOLEQUIN","description":"MicrowaveHUAWEI_ET234 DOKE-AC445 BLOLEQUIN","link_type":"FH","geometry_type":"LineString","vendor":"HUAWEI","folder":"LIEN FH / HUAWEI","color":"#00FF00","width":2.0},"geometry":{"type":"LineString","coordinates":[[-8.121252,6.596276],[-8.0075,6.5735]]}},{"type":"Feature","properties":{"name":"FH_348_BOCANDA-NZEKREZESSOU","description":"MicrowaveHUAWEI_AC187 BOCANDA-ET235 NZEKREZESSOU","link_type":"FH","geometry_type":"LineString","vendor":"HUAWEI","folder":"LIEN FH / HUAWEI","color":"#00FF00","width":2.0},"geometry":{"type":"LineString","coordinates":[[-4.4997,7.0675],[-4.272667,7.069444]]}},{"type":"Feature","properties":{"name":"FH_349_GUESSABO-ZOUKOUGBEU","description":"MicrowaveHUAWEI_AC456 GUESSABO-AC300 ZOUKOUGBEU","link_type":"FH","geometry_type":"LineString","vendor":"HUAWEI","folder":"LIEN FH / HUAWEI","color":"#00FF00","width":2.0},"geometry":{"type":"LineString","coordinates":[[-6.9534,6.7364],[-6.8656,6.7646]]}},{"type":"Feature","properties":{"name":"FH_350_DIDIEVI-BOLI","description":"MicrowaveHUAWEI_AC493 DIDIEVI-AC846 BOLI","link_type":"FH","geometry_type":"LineString","vendor":"HUAWEI","folder":"LIEN FH / HUAWEI","color":"#00FF00","width":2.0},"geometry":{"type":"LineString","coordinates":[[-4.9061,7.1335],[-4.8058,7.2275]]}},{"type":"Feature","properties":{"name":"FH_351_KETRO_BASSAM-DANIA","description":"MicrowaveHUAWEI_AC857 KETRO_BASSAM-AC827 DANIA","link_type":"FH","geometry_type":"LineString","vendor":"HUAWEI","folder":"LIEN FH / HUAWEI","color":"#00FF00","width":2.0},"geometry":{"type":"LineString","coordinates":[[-6.6372,7.1808],[-6.8421,7.1529]]}},{"type":"Feature","properties":{"name":"FH_352_BOBOUA_BAHOUAN-KETRO_BASSAM","description":"MicrowaveHUAWEI_AC844 BOBOUA_BAHOUAN-AC857 KETRO_BASSAM","link_type":"FH","geometry_type":"LineString","vendor":"HUAWEI","folder":"LIEN FH / HUAWEI","color":"#00FF00","width":2.0},"geometry":{"type":"LineString","coordinates":[[-6.47,7.0192],[-6.6372,7.1808]]}},{"type":"Feature","properties":{"name":"FH_353_TIEMELEKRO-DIEKADIOKRO","description":"MicrowaveHUAWEI_AC887 TIEMELEKRO-AC262 DIEKADIOKRO","link_type":"FH","geometry_type":"LineString","vendor":"HUAWEI","folder":"LIEN FH / HUAWEI","color":"#00FF00","width":2.0},"geometry":{"type":"LineString","coordinates":[[-4.6172,6.4964],[-4.4146,6.4934]]}},{"type":"Feature","properties":{"name":"FH_354_GUESSABO-TOBLY_BANGOLO","description":"MicrowaveHUAWEI_AC456 GUESSABO-AC888 TOBLY_BANGOLO","link_type":"FH","geometry_type":"LineString","vendor":"HUAWEI","folder":"LIEN FH / HUAWEI","color":"#00FF00","width":2.0},"geometry":{"type":"LineString","coordinates":[[-6.9534,6.7364],[-7.1899,6.743]]}},{"type":"Feature","properties":{"name":"FH_355_SARHALA-TOMONO","description":"MicrowaveHUAWEI_AC952 SARHALA-AC469 TOMONO","link_type":"FH","geometry_type":"LineString","vendor":"HUAWEI","folder":"LIEN FH / HUAWEI","color":"#00FF00","width":2.0},"geometry":{"type":"LineString","coordinates":[[-6.1738,8.42937],[-6.10454,8.33091]]}},{"type":"Feature","properties":{"name":"FH_356_GUIBEROUA-BAMIEOUA","description":"MicrowaveHUAWEI_AC141 GUIBEROUA-ET136 BAMIEOUA","link_type":"FH","geometry_type":"LineString","vendor":"HUAWEI","folder":"LIEN FH / HUAWEI","color":"#00FF00","width":2.0},"geometry":{"type":"LineString","coordinates":[[-6.1733,6.2392],[-6.161556,6.321472]]}},{"type":"Feature","properties":{"name":"FH_357_BROU_AKPAOUSSOU-GOUABO","description":"MicrowaveHUAWEI_AC497 BROU_AKPAOUSSOU-AC496 GOUABO","link_type":"FH","geometry_type":"LineString","vendor":"HUAWEI","folder":"LIEN FH / HUAWEI","color":"#00FF00","width":2.0},"geometry":{"type":"LineString","coordinates":[[-4.0554,6.915],[-3.9887,6.9851]]}},{"type":"Feature","properties":{"name":"FH_358_BOLI-KOUASSIKOUASSIKRO","description":"MicrowaveHUAWEI_AC846 BOLI-AC512 KOUASSIKOUASSIKRO","link_type":"FH","geometry_type":"LineString","vendor":"HUAWEI","folder":"LIEN FH / HUAWEI","color":"#00FF00","width":2.0},"geometry":{"type":"LineString","coordinates":[[-4.8058,7.2275],[-4.6784,7.3422]]}},{"type":"Feature","properties":{"name":"FH_359_DIDIEVI-ZIZIESSOU","description":"MicrowaveHUAWEI_AC493 DIDIEVI-AC511 ZIZIESSOU","link_type":"FH","geometry_type":"LineString","vendor":"HUAWEI","folder":"LIEN FH / HUAWEI","color":"#00FF00","width":2.0},"geometry":{"type":"LineString","coordinates":[[-4.9061,7.1335],[-5.0745277,7.10052777]]}},{"type":"Feature","properties":{"name":"FH_360_ALLOCOKRO-NZEKREZESSOU","description":"MicrowaveHUAWEI_AC519 ALLOCOKRO-ET235 NZEKREZESSOU","link_type":"FH","geometry_type":"LineString","vendor":"HUAWEI","folder":"LIEN FH / HUAWEI","color":"#00FF00","width":2.0},"geometry":{"type":"LineString","coordinates":[[-4.0671,7.1166],[-4.272667,7.069444]]}},{"type":"Feature","properties":{"name":"FH_361_DUALLA-DIANRABANA","description":"MicrowaveHUAWEI_AC453 DUALLA-AC982 DIANRABANA","link_type":"FH","geometry_type":"LineString","vendor":"HUAWEI","folder":"LIEN FH / HUAWEI","color":"#00FF00","width":2.0},"geometry":{"type":"LineString","coordinates":[[-6.5424,8.1166],[-6.60739,8.19028]]}},{"type":"Feature","properties":{"name":"FH_362_ZAHIBO-BOBOUA_BAHOUAN","description":"MicrowaveHUAWEI_AC840 ZAHIBO-AC844 BOBOUA_BAHOUAN","link_type":"FH","geometry_type":"LineString","vendor":"HUAWEI","folder":"LIEN FH / HUAWEI","color":"#00FF00","width":2.0},"geometry":{"type":"LineString","coordinates":[[-6.5657,6.9106],[-6.47,7.0192]]}},{"type":"Feature","properties":{"name":"FH_363_WALEBO-TAKORAGUI","description":"MicrowaveHUAWEI_AC890 WALEBO-AC884 TAKORAGUI","link_type":"FH","geometry_type":"LineString","vendor":"HUAWEI","folder":"LIEN FH / HUAWEI","color":"#00FF00","width":2.0},"geometry":{"type":"LineString","coordinates":[[-6.834,5.5857],[-6.7897,5.756]]}},{"type":"Feature","properties":{"name":"FH_364_SARAKAGUI-TAKORAGUI","description":"MicrowaveHUAWEI_AC877 SARAKAGUI-AC884 TAKORAGUI","link_type":"FH","geometry_type":"LineString","vendor":"HUAWEI","folder":"LIEN FH / HUAWEI","color":"#00FF00","width":2.0},"geometry":{"type":"LineString","coordinates":[[-6.8032,5.8258],[-6.7897,5.756]]}},{"type":"Feature","properties":{"name":"FH_365_TEHIRI-OURAGAHIO","description":"MicrowaveHUAWEI_AC885 TEHIRI-AC204 OURAGAHIO","link_type":"FH","geometry_type":"LineString","vendor":"HUAWEI","folder":"LIEN FH / HUAWEI","color":"#00FF00","width":2.0},"geometry":{"type":"LineString","coordinates":[[-5.9851,6.397],[-5.9277,6.3036]]}},{"type":"Feature","properties":{"name":"FH_366_BEHIBO_V15-ZRO_TOUYA","description":"MicrowaveHUAWEI_AC898 BEHIBO_V15-AC863 ZRO_TOUYA","link_type":"FH","geometry_type":"LineString","vendor":"HUAWEI","folder":"LIEN FH / HUAWEI","color":"#00FF00","width":2.0},"geometry":{"type":"LineString","coordinates":[[-7.4199,6.3148],[-7.5132,6.3018]]}},{"type":"Feature","properties":{"name":"FH_367_SANEGOURIFLA-KONONFLA","description":"MicrowaveHUAWEI_AC876 SANEGOURIFLA-AC903 KONONFLA","link_type":"FH","geometry_type":"LineString","vendor":"HUAWEI","folder":"LIEN FH / HUAWEI","color":"#00FF00","width":2.0},"geometry":{"type":"LineString","coordinates":[[-5.7996,6.6563],[-5.60721,6.65118]]}},{"type":"Feature","properties":{"name":"FH_368_KOREGUHE-ZOUGOUZOA","description":"MicrowaveHUAWEI_ET125 KOREGUHE-ET134 ZOUGOUZOA","link_type":"FH","geometry_type":"LineString","vendor":"HUAWEI","folder":"LIEN FH / HUAWEI","color":"#00FF00","width":2.0},"geometry":{"type":"LineString","coordinates":[[-6.6640608,6.17283226],[-6.590689,6.210972]]}},{"type":"Feature","properties":{"name":"FH_369_ZIZIESSOU-TIEBISSOU","description":"MicrowaveHUAWEI_AC511 ZIZIESSOU-AC210 TIEBISSOU","link_type":"FH","geometry_type":"LineString","vendor":"HUAWEI","folder":"LIEN FH / HUAWEI","color":"#00FF00","width":2.0},"geometry":{"type":"LineString","coordinates":[[-5.0745277,7.10052777],[-5.2212,7.1568]]}},{"type":"Feature","properties":{"name":"FH_370_BEHIBO_V15-GUIGLO_PONAN","description":"MicrowaveHUAWEI_AC898 BEHIBO_V15-ET165 GUIGLO_PONAN","link_type":"FH","geometry_type":"LineString","vendor":"HUAWEI","folder":"LIEN FH / HUAWEI","color":"#00FF00","width":2.0},"geometry":{"type":"LineString","coordinates":[[-7.4199,6.3148],[-7.5485555,6.40674722]]}},{"type":"Feature","properties":{"name":"FH_371_BOODA-SCIERIE_JACOB","description":"MicrowaveHUAWEI_AC847 BOODA-AC878 SCIERIE_JACOB","link_type":"FH","geometry_type":"LineString","vendor":"HUAWEI","folder":"LIEN FH / HUAWEI","color":"#00FF00","width":2.0},"geometry":{"type":"LineString","coordinates":[[-5.6896,6.3599],[-5.5248,6.3287]]}},{"type":"Feature","properties":{"name":"FH_372_AFOTOBO-BEOUMI","description":"MicrowaveHUAWEI_ET496 AFOTOBO-AC443 BEOUMI","link_type":"FH","geometry_type":"LineString","vendor":"HUAWEI","folder":"LIEN FH / HUAWEI","color":"#00FF00","width":2.0},"geometry":{"type":"LineString","coordinates":[[-5.46105,7.67077],[-5.57126,7.67851]]}},{"type":"Feature","properties":{"name":"FH_373_GUINKIN-BEOUELAYAN_CIT","description":"MicrowaveHUAWEI_ET267 GUINKIN-AC418 BEOUELAYAN_CIT","link_type":"FH","geometry_type":"LineString","vendor":"HUAWEI","folder":"LIEN FH / HUAWEI","color":"#00FF00","width":2.0},"geometry":{"type":"LineString","coordinates":[[-7.722056,6.564028],[-7.8858,6.5411]]}},{"type":"Feature","properties":{"name":"FH_374_NIEKEIDE-TEHIRI","description":"MicrowaveHUAWEI_AC872 NIEKEIDE-AC885 TEHIRI","link_type":"FH","geometry_type":"LineString","vendor":"HUAWEI","folder":"LIEN FH / HUAWEI","color":"#00FF00","width":2.0},"geometry":{"type":"LineString","coordinates":[[-5.9982,6.464],[-5.9851,6.397]]}},{"type":"Feature","properties":{"name":"FH_375_TOBLY_BANGOLO-DUEKOUE_CENTRE","description":"MicrowaveHUAWEI_AC888 TOBLY_BANGOLO-AC205 DUEKOUE_CENTRE","link_type":"FH","geometry_type":"LineString","vendor":"HUAWEI","folder":"LIEN FH / HUAWEI","color":"#00FF00","width":2.0},"geometry":{"type":"LineString","coordinates":[[-7.1899,6.743],[-7.3373,6.7311]]}},{"type":"Feature","properties":{"name":"FH_376_NIEKEIDE-BAMIEOUA","description":"MicrowaveHUAWEI_AC872 NIEKEIDE-ET136 BAMIEOUA","link_type":"FH","geometry_type":"LineString","vendor":"HUAWEI","folder":"LIEN FH / HUAWEI","color":"#00FF00","width":2.0},"geometry":{"type":"LineString","coordinates":[[-5.9982,6.464],[-6.161556,6.321472]]}},{"type":"Feature","properties":{"name":"FH_377_GUESSABO-SELIEGUHE","description":"MicrowaveHUAWEI_AC456 GUESSABO-AC880 SELIEGUHE","link_type":"FH","geometry_type":"LineString","vendor":"HUAWEI","folder":"LIEN FH / HUAWEI","color":"#00FF00","width":2.0},"geometry":{"type":"LineString","coordinates":[[-6.9534,6.7364],[-6.8676,6.622]]}},{"type":"Feature","properties":{"name":"FH_378_BODOKRO-BOTRO","description":"MicrowaveHUAWEI_AC491 BODOKRO-AC448 BOTRO","link_type":"FH","geometry_type":"LineString","vendor":"HUAWEI","folder":"LIEN FH / HUAWEI","color":"#00FF00","width":2.0},"geometry":{"type":"LineString","coordinates":[[-5.47721,7.86776],[-5.30758,7.83159]]}},{"type":"Feature","properties":{"name":"FH_379_ABOKA_ou_V9-SELIEGUHE","description":"MicrowaveHUAWEI_AC902 ABOKA_ou_V9-AC880 SELIEGUHE","link_type":"FH","geometry_type":"LineString","vendor":"HUAWEI","folder":"LIEN FH / HUAWEI","color":"#00FF00","width":2.0},"geometry":{"type":"LineString","coordinates":[[-6.8221,6.5365],[-6.8676,6.622]]}},{"type":"Feature","properties":{"name":"FH_380_ZAMBAKRO-BOUNAFLA","description":"MicrowaveHUAWEI_AC492 ZAMBAKRO-AC482 BOUNAFLA","link_type":"FH","geometry_type":"LineString","vendor":"HUAWEI","folder":"LIEN FH / HUAWEI","color":"#00FF00","width":2.0},"geometry":{"type":"LineString","coordinates":[[-5.40987,6.73427],[-5.508383,6.725505]]}},{"type":"Feature","properties":{"name":"FH_381_ZAMBAKRO-YAM_BSC","description":"MicrowaveHUAWEI_AC492 ZAMBAKRO-AC611 YAM_BSC","link_type":"FH","geometry_type":"LineString","vendor":"HUAWEI","folder":"LIEN FH / HUAWEI","color":"#00FF00","width":2.0},"geometry":{"type":"LineString","coordinates":[[-5.40987,6.73427],[-5.2427,6.7939]]}},{"type":"Feature","properties":{"name":"FH_382_ZOUGOUZOA-GD_ZATTRY","description":"MicrowaveHUAWEI_ET134 ZOUGOUZOA-AC222 GD_ZATTRY","link_type":"FH","geometry_type":"LineString","vendor":"HUAWEI","folder":"LIEN FH / HUAWEI","color":"#00FF00","width":2.0},"geometry":{"type":"LineString","coordinates":[[-6.590689,6.210972],[-6.5361,6.1178]]}},{"type":"Feature","properties":{"name":"FH_383_MAMINIGUI-BOUAFLA","description":"MicrowaveHUAWEI_AC868 MAMINIGUI-AC848 BOUAFLA","link_type":"FH","geometry_type":"LineString","vendor":"HUAWEI","folder":"LIEN FH / HUAWEI","color":"#00FF00","width":2.0},"geometry":{"type":"LineString","coordinates":[[-5.8441,7.4032],[-5.8521,7.2513]]}},{"type":"Feature","properties":{"name":"FH_384_DOUGOUNOUKOUADIOKRO-BAONFLA","description":"MicrowaveHUAWEI_ET499 DOUGOUNOUKOUADIOKRO-AC832 BAONFLA","link_type":"FH","geometry_type":"LineString","vendor":"HUAWEI","folder":"LIEN FH / HUAWEI","color":"#00FF00","width":2.0},"geometry":{"type":"LineString","coordinates":[[-5.33514,6.83597],[-5.4989,6.8327]]}},{"type":"Feature","properties":{"name":"FH_385_BLEANIANDA-LAHOUDA","description":"MicrowaveHUAWEI_AC841 BLEANIANDA-AC983 LAHOUDA","link_type":"FH","geometry_type":"LineString","vendor":"HUAWEI","folder":"LIEN FH / HUAWEI","color":"#00FF00","width":2.0},"geometry":{"type":"LineString","coordinates":[[-5.7064,6.3046],[-5.70031,6.2096]]}},{"type":"Feature","properties":{"name":"FH_386_ZIPLIGNAN-BLEANIANDA","description":"MicrowaveHUAWEI_AC895 ZIPLIGNAN-AC841 BLEANIANDA","link_type":"FH","geometry_type":"LineString","vendor":"HUAWEI","folder":"LIEN FH / HUAWEI","color":"#00FF00","width":2.0},"geometry":{"type":"LineString","coordinates":[[-5.8398,6.4522],[-5.7064,6.3046]]}},{"type":"Feature","properties":{"name":"FH_387_TOURATO-SIEMPOURGO","description":"MicrowaveHUAWEI_AC696 TOURATO-AC460 SIEMPOURGO","link_type":"FH","geometry_type":"LineString","vendor":"HUAWEI","folder":"LIEN FH / HUAWEI","color":"#00FF00","width":2.0},"geometry":{"type":"LineString","coordinates":[[-5.99793,9.5417],[-6.1988,9.5188]]}},{"type":"Feature","properties":{"name":"FH_388_BOBOUA_BAHOUAN-DAL_BSC","description":"MicrowaveHUAWEI_AC844 BOBOUA_BAHOUAN-AC904 DAL_BSC","link_type":"FH","geometry_type":"LineString","vendor":"HUAWEI","folder":"LIEN FH / HUAWEI","color":"#00FF00","width":2.0},"geometry":{"type":"LineString","coordinates":[[-6.47,7.0192],[-6.429886,6.880981]]}},{"type":"Feature","properties":{"name":"FH_389_ZIPLIGNAN-NIEKEIDE","description":"MicrowaveHUAWEI_AC895 ZIPLIGNAN-AC872 NIEKEIDE","link_type":"FH","geometry_type":"LineString","vendor":"HUAWEI","folder":"LIEN FH / HUAWEI","color":"#00FF00","width":2.0},"geometry":{"type":"LineString","coordinates":[[-5.8398,6.4522],[-5.9982,6.464]]}},{"type":"Feature","properties":{"name":"FH_390_BAGOLEHOUA-GD_ZATTRY","description":"MicrowaveHUAWEI_AC978 BAGOLEHOUA-AC222 GD_ZATTRY","link_type":"FH","geometry_type":"LineString","vendor":"HUAWEI","folder":"LIEN FH / HUAWEI","color":"#00FF00","width":2.0},"geometry":{"type":"LineString","coordinates":[[-6.52262,6.16875],[-6.5361,6.1178]]}},{"type":"Feature","properties":{"name":"FH_391_ZERGBEU-YACOLI","description":"MicrowaveHUAWEI_AC891 ZERGBEU-AC499 YACOLI","link_type":"FH","geometry_type":"LineString","vendor":"HUAWEI","folder":"LIEN FH / HUAWEI","color":"#00FF00","width":2.0},"geometry":{"type":"LineString","coordinates":[[-6.5933,5.9012],[-6.5116,5.9642]]}},{"type":"Feature","properties":{"name":"FH_392_NDOUKAHAKRO-TOUMODI","description":"MicrowaveHUAWEI_AC475 NDOUKAHAKRO-AC115 TOUMODI","link_type":"FH","geometry_type":"LineString","vendor":"HUAWEI","folder":"LIEN FH / HUAWEI","color":"#00FF00","width":2.0},"geometry":{"type":"LineString","coordinates":[[-5.1474,6.6864],[-5.0193,6.5581]]}},{"type":"Feature","properties":{"name":"FH_393_HUAFLA-SAKAHOUO","description":"MicrowaveHUAWEI_ET294 HUAFLA-ET156 SAKAHOUO","link_type":"FH","geometry_type":"LineString","vendor":"HUAWEI","folder":"LIEN FH / HUAWEI","color":"#00FF00","width":2.0},"geometry":{"type":"LineString","coordinates":[[-5.795805,6.559166],[-5.6930022,6.45883013]]}},{"type":"Feature","properties":{"name":"FH_394_LOUKOU_YAOKRO-TOUMODI","description":"MicrowaveHUAWEI_ET241 LOUKOU_YAOKRO-AC115 TOUMODI","link_type":"FH","geometry_type":"LineString","vendor":"HUAWEI","folder":"LIEN FH / HUAWEI","color":"#00FF00","width":2.0},"geometry":{"type":"LineString","coordinates":[[-4.8744722,6.5795],[-5.0193,6.5581]]}},{"type":"Feature","properties":{"name":"FH_395_BKE_AHOUGNANSOU-BKE_CHATEAU","description":"MicrowaveHUAWEI_AC236 BKE_AHOUGNANSOU-AC434 BKE_CHATEAU","link_type":"FH","geometry_type":"LineString","vendor":"HUAWEI","folder":"LIEN FH / HUAWEI","color":"#00FF00","width":2.0},"geometry":{"type":"LineString","coordinates":[[-5.0516,7.6871],[-5.0665,7.6748056]]}},{"type":"Feature","properties":{"name":"FH_396_YOBOUEKRO-BAONFLA","description":"MicrowaveHUAWEI_AC892 YOBOUEKRO-AC832 BAONFLA","link_type":"FH","geometry_type":"LineString","vendor":"HUAWEI","folder":"LIEN FH / HUAWEI","color":"#00FF00","width":2.0},"geometry":{"type":"LineString","coordinates":[[-5.4656,6.9111],[-5.4989,6.8327]]}},{"type":"Feature","properties":{"name":"FH_397_DIANOUFLA-KOUETINFLA","description":"MicrowaveHUAWEI_ET238 DIANOUFLA-AC860 KOUETINFLA","link_type":"FH","geometry_type":"LineString","vendor":"HUAWEI","folder":"LIEN FH / HUAWEI","color":"#00FF00","width":2.0},"geometry":{"type":"LineString","coordinates":[[-6.014628,6.79996],[-6.046,6.6211]]}},{"type":"Feature","properties":{"name":"FH_398_AKA_NGUESSANKRO-BOUAFLE","description":"MicrowaveHUAWEI_AC834 AKA_NGUESSANKRO-AC131 BOUAFLE","link_type":"FH","geometry_type":"LineString","vendor":"HUAWEI","folder":"LIEN FH / HUAWEI","color":"#00FF00","width":2.0},"geometry":{"type":"LineString","coordinates":[[-5.7402,7.1418],[-5.7488,6.9882]]}},{"type":"Feature","properties":{"name":"FH_399_SIEMPOURGO-MARAMANA","description":"MicrowaveHUAWEI_AC460 SIEMPOURGO-AC697 MARAMANA","link_type":"FH","geometry_type":"LineString","vendor":"HUAWEI","folder":"LIEN FH / HUAWEI","color":"#00FF00","width":2.0},"geometry":{"type":"LineString","coordinates":[[-6.1988,9.5188],[-6.261193,9.71814]]}},{"type":"Feature","properties":{"name":"FH_400_DABOUYO-BALEKO","description":"MicrowaveHUAWEI_ET185 DABOUYO-ET264 BALEKO","link_type":"FH","geometry_type":"LineString","vendor":"HUAWEI","folder":"LIEN FH / HUAWEI","color":"#00FF00","width":2.0},"geometry":{"type":"LineString","coordinates":[[-6.039922,5.543334],[-6.026667,5.433889]]}},{"type":"Feature","properties":{"name":"FH_401_SINFRA_NV_QTIER-HUAFLA","description":"MicrowaveHUAWEI_AC905 SINFRA_NV_QTIER-ET294 HUAFLA","link_type":"FH","geometry_type":"LineString","vendor":"HUAWEI","folder":"LIEN FH / HUAWEI","color":"#00FF00","width":2.0},"geometry":{"type":"LineString","coordinates":[[-5.91602,6.61213],[-5.795805,6.559166]]}},{"type":"Feature","properties":{"name":"FH_402_GOHITAFLA-ZRALOUO","description":"MicrowaveHUAWEI_AC875 GOHITAFLA-AC869 ZRALOUO","link_type":"FH","geometry_type":"LineString","vendor":"HUAWEI","folder":"LIEN FH / HUAWEI","color":"#00FF00","width":2.0},"geometry":{"type":"LineString","coordinates":[[-5.8709,7.495],[-5.8898,7.5722]]}},{"type":"Feature","properties":{"name":"FH_403_KOULAYERE-BLENIMEOUIN","description":"MicrowaveHUAWEI_AC907 KOULAYERE-AC842 BLENIMEOUIN","link_type":"FH","geometry_type":"LineString","vendor":"HUAWEI","folder":"LIEN FH / HUAWEI","color":"#00FF00","width":2.0},"geometry":{"type":"LineString","coordinates":[[-7.2028,7.3828],[-7.1854,7.1434]]}},{"type":"Feature","properties":{"name":"FH_404_BOUAFLA-AKA_NGUESSANKRO","description":"MicrowaveHUAWEI_AC848 BOUAFLA-AC834 AKA_NGUESSANKRO","link_type":"FH","geometry_type":"LineString","vendor":"HUAWEI","folder":"LIEN FH / HUAWEI","color":"#00FF00","width":2.0},"geometry":{"type":"LineString","coordinates":[[-5.8521,7.2513],[-5.7402,7.1418]]}},{"type":"Feature","properties":{"name":"FH_405_KONEFLA-BOUNAFLA","description":"MicrowaveHUAWEI_AC266 KONEFLA-AC482 BOUNAFLA","link_type":"FH","geometry_type":"LineString","vendor":"HUAWEI","folder":"LIEN FH / HUAWEI","color":"#00FF00","width":2.0},"geometry":{"type":"LineString","coordinates":[[-5.5976,6.6554],[-5.508383,6.725505]]}},{"type":"Feature","properties":{"name":"FH_406_MAMINIGUI-GOHITAFLA","description":"MicrowaveHUAWEI_AC868 MAMINIGUI-AC875 GOHITAFLA","link_type":"FH","geometry_type":"LineString","vendor":"HUAWEI","folder":"LIEN FH / HUAWEI","color":"#00FF00","width":2.0},"geometry":{"type":"LineString","coordinates":[[-5.8441,7.4032],[-5.8709,7.495]]}},{"type":"Feature","properties":{"name":"FH_407_KOR_NATIO-KOR_LYC_MUNICIPAL","description":"MicrowaveHUAWEI_ET362 KOR_NATIO-AC249 KOR_LYC_MUNICIPAL","link_type":"FH","geometry_type":"LineString","vendor":"HUAWEI","folder":"LIEN FH / HUAWEI","color":"#00FF00","width":2.0},"geometry":{"type":"LineString","coordinates":[[-5.59628,9.47945],[-5.64321,9.47972]]}},{"type":"Feature","properties":{"name":"FH_408_DIGBAPIA-ZOUKOUGBEU","description":"MicrowaveHUAWEI_AC450 DIGBAPIA-AC300 ZOUKOUGBEU","link_type":"FH","geometry_type":"LineString","vendor":"HUAWEI","folder":"LIEN FH / HUAWEI","color":"#00FF00","width":2.0},"geometry":{"type":"LineString","coordinates":[[-6.6261,6.8322],[-6.8656,6.7646]]}},{"type":"Feature","properties":{"name":"FH_409_KONEFLA-KONONFLA","description":"MicrowaveHUAWEI_AC266 KONEFLA-AC903 KONONFLA","link_type":"FH","geometry_type":"LineString","vendor":"HUAWEI","folder":"LIEN FH / HUAWEI","color":"#00FF00","width":2.0},"geometry":{"type":"LineString","coordinates":[[-5.5976,6.6554],[-5.60721,6.65118]]}},{"type":"Feature","properties":{"name":"FH_410_BLENIMEOUIN-GUEZONTAHOKE","description":"MicrowaveHUAWEI_AC842 BLENIMEOUIN-ET251 GUEZONTAHOKE","link_type":"FH","geometry_type":"LineString","vendor":"HUAWEI","folder":"LIEN FH / HUAWEI","color":"#00FF00","width":2.0},"geometry":{"type":"LineString","coordinates":[[-7.1854,7.1434],[-7.17965,7.08295]]}},{"type":"Feature","properties":{"name":"FH_411_KOUNAHIRI-BEOUMI","description":"MicrowaveHUAWEI_AC821 KOUNAHIRI-AC443 BEOUMI","link_type":"FH","geometry_type":"LineString","vendor":"HUAWEI","folder":"LIEN FH / HUAWEI","color":"#00FF00","width":2.0},"geometry":{"type":"LineString","coordinates":[[-5.8342,7.7905],[-5.57126,7.67851]]}},{"type":"Feature","properties":{"name":"FH_412_BKE_ONUCI-BKE_PRESIDENCE","description":"MicrowaveHUAWEI_AC607 BKE_ONUCI-ET351 BKE_PRESIDENCE","link_type":"FH","geometry_type":"LineString","vendor":"HUAWEI","folder":"LIEN FH / HUAWEI","color":"#00FF00","width":2.0},"geometry":{"type":"LineString","coordinates":[[-5.0286,7.6611],[-5.03431,7.67129]]}},{"type":"Feature","properties":{"name":"FH_413_YAM_CAFOP-YAM_220_LGTS","description":"MicrowaveHUAWEI_AC420 YAM_CAFOP-AC129 YAM_220_LGTS","link_type":"FH","geometry_type":"LineString","vendor":"HUAWEI","folder":"LIEN FH / HUAWEI","color":"#00FF00","width":2.0},"geometry":{"type":"LineString","coordinates":[[-5.2804,6.863],[-5.2554,6.8208]]}},{"type":"Feature","properties":{"name":"FH_414_YAM_AEROPORT-YAM_CAFOP","description":"MicrowaveHUAWEI_AC948 YAM_AEROPORT-AC420 YAM_CAFOP","link_type":"FH","geometry_type":"LineString","vendor":"HUAWEI","folder":"LIEN FH / HUAWEI","color":"#00FF00","width":2.0},"geometry":{"type":"LineString","coordinates":[[-5.34308,6.88406],[-5.2804,6.863]]}},{"type":"Feature","properties":{"name":"FH_415_DAL_BAPTISTE-DAL_ORLY","description":"MicrowaveHUAWEI_AC136 DAL_BAPTISTE-AC139 DAL_ORLY","link_type":"FH","geometry_type":"LineString","vendor":"HUAWEI","folder":"LIEN FH / HUAWEI","color":"#00FF00","width":2.0},"geometry":{"type":"LineString","coordinates":[[-6.4371,6.8705],[-6.458,6.8686]]}},{"type":"Feature","properties":{"name":"FH_416_BLODY-BAGOHOUO","description":"MicrowaveHUAWEI_AC843 BLODY-AC826 BAGOHOUO","link_type":"FH","geometry_type":"LineString","vendor":"HUAWEI","folder":"LIEN FH / HUAWEI","color":"#00FF00","width":2.0},"geometry":{"type":"LineString","coordinates":[[-7.2963,6.7933],[-7.196,6.8866]]}},{"type":"Feature","properties":{"name":"FH_417_DOTENZIA-KOSSOU","description":"MicrowaveHUAWEI_AC283 DOTENZIA-AC459 KOSSOU","link_type":"FH","geometry_type":"LineString","vendor":"HUAWEI","folder":"LIEN FH / HUAWEI","color":"#00FF00","width":2.0},"geometry":{"type":"LineString","coordinates":[[-5.604,6.9847],[-5.4781,7.0054]]}},{"type":"Feature","properties":{"name":"FH_418_ANGOVIA-DOTENZIA","description":"MicrowaveHUAWEI_ET135 ANGOVIA-AC283 DOTENZIA","link_type":"FH","geometry_type":"LineString","vendor":"HUAWEI","folder":"LIEN FH / HUAWEI","color":"#00FF00","width":2.0},"geometry":{"type":"LineString","coordinates":[[-5.54085,7.03589],[-5.604,6.9847]]}},{"type":"Feature","properties":{"name":"FH_419_YAM_ASSABOU-YAM_KPANGBASSOU","description":"MicrowaveHUAWEI_AC116 YAM_ASSABOU-AC419 YAM_KPANGBASSOU","link_type":"FH","geometry_type":"LineString","vendor":"HUAWEI","folder":"LIEN FH / HUAWEI","color":"#00FF00","width":2.0},"geometry":{"type":"LineString","coordinates":[[-5.2591,6.8422],[-5.242651,6.82089]]}},{"type":"Feature","properties":{"name":"FH_420_SOUBRE-SOUBRE_SANS_LOI","description":"MicrowaveHUAWEI_AC149 SOUBRE-AC951 SOUBRE_SANS_LOI","link_type":"FH","geometry_type":"LineString","vendor":"HUAWEI","folder":"LIEN FH / HUAWEI","color":"#00FF00","width":2.0},"geometry":{"type":"LineString","coordinates":[[-6.5955,5.7844],[-6.5826,5.78547]]}},{"type":"Feature","properties":{"name":"FH_421_BOUAFLE-DOTENZIA","description":"MicrowaveHUAWEI_AC131 BOUAFLE-AC283 DOTENZIA","link_type":"FH","geometry_type":"LineString","vendor":"HUAWEI","folder":"LIEN FH / HUAWEI","color":"#00FF00","width":2.0},"geometry":{"type":"LineString","coordinates":[[-5.7488,6.9882],[-5.604,6.9847]]}},{"type":"Feature","properties":{"name":"FH_422_DAL_KHALIL-ZEBRA","description":"MicrowaveHUAWEI_AC138 DAL_KHALIL-AC498 ZEBRA","link_type":"FH","geometry_type":"LineString","vendor":"HUAWEI","folder":"LIEN FH / HUAWEI","color":"#00FF00","width":2.0},"geometry":{"type":"LineString","coordinates":[[-6.4529,6.9056],[-6.5274,6.9209]]}},{"type":"Feature","properties":{"name":"FH_423_KAYETA-KONONFLA","description":"MicrowaveHUAWEI_AC861 KAYETA-AC903 KONONFLA","link_type":"FH","geometry_type":"LineString","vendor":"HUAWEI","folder":"LIEN FH / HUAWEI","color":"#00FF00","width":2.0},"geometry":{"type":"LineString","coordinates":[[-5.6542,6.639],[-5.60721,6.65118]]}},{"type":"Feature","properties":{"name":"FH_424_TIAHOUO-DANANON","description":"MicrowaveHUAWEI_AC874 TIAHOUO-ET301 DANANON","link_type":"FH","geometry_type":"LineString","vendor":"HUAWEI","folder":"LIEN FH / HUAWEI","color":"#00FF00","width":2.0},"geometry":{"type":"LineString","coordinates":[[-6.4819,7.4401],[-6.361861,7.61275]]}},{"type":"Feature","properties":{"name":"FH_425_SEGUELA-CARR_SEGUELA","description":"MicrowaveHUAWEI_AC298 SEGUELA-AC943 CARR_SEGUELA","link_type":"FH","geometry_type":"LineString","vendor":"HUAWEI","folder":"LIEN FH / HUAWEI","color":"#00FF00","width":2.0},"geometry":{"type":"LineString","coordinates":[[-6.6692,7.9643],[-6.67938,7.95683]]}},{"type":"Feature","properties":{"name":"FH_426_LALERABA-KAOUARA","description":"MicrowaveHUAWEI_AC510 LALERABA-AC576 KAOUARA","link_type":"FH","geometry_type":"LineString","vendor":"HUAWEI","folder":"LIEN FH / HUAWEI","color":"#00FF00","width":2.0},"geometry":{"type":"LineString","coordinates":[[-5.0868,10.1323],[-5.1964,10.0939]]}},{"type":"Feature","properties":{"name":"FH_427_CARR_MANKONO-MANKONO","description":"MicrowaveHUAWEI_AC956 CARR_MANKONO-AC297 MANKONO","link_type":"FH","geometry_type":"LineString","vendor":"HUAWEI","folder":"LIEN FH / HUAWEI","color":"#00FF00","width":2.0},"geometry":{"type":"LineString","coordinates":[[-6.19572,8.07106],[-6.18685,8.05022]]}},{"type":"Feature","properties":{"name":"FH_428_OUME-ZANGUE","description":"MicrowaveHUAWEI_AC201 OUME-ET271 ZANGUE","link_type":"FH","geometry_type":"LineString","vendor":"HUAWEI","folder":"LIEN FH / HUAWEI","color":"#00FF00","width":2.0},"geometry":{"type":"LineString","coordinates":[[-5.4056,6.3772],[-5.354439,6.428222]]}},{"type":"Feature","properties":{"name":"FH_429_KORHOGO_FHB-KOMBORODOUGOU","description":"MicrowaveHUAWEI_AC247 KORHOGO_FHB-ET272 KOMBORODOUGOU","link_type":"FH","geometry_type":"LineString","vendor":"HUAWEI","folder":"LIEN FH / HUAWEI","color":"#00FF00","width":2.0},"geometry":{"type":"LineString","coordinates":[[-5.62479,9.41894],[-5.424153,9.33563]]}},{"type":"Feature","properties":{"name":"FH_430_KORHOGO_SINISTRE-NANGOUNKAHA","description":"MicrowaveHUAWEI_AC953 KORHOGO_SINISTRE-ET122 NANGOUNKAHA","link_type":"FH","geometry_type":"LineString","vendor":"HUAWEI","folder":"LIEN FH / HUAWEI","color":"#00FF00","width":2.0},"geometry":{"type":"LineString","coordinates":[[-5.6171,9.443203],[-5.5344722,9.493]]}},{"type":"Feature","properties":{"name":"FH_431_OUANGOLODOUGOU-OUANGOLO","description":"MicrowaveHUAWEI_AC588 OUANGOLODOUGOU-AC293 OUANGOLO","link_type":"FH","geometry_type":"LineString","vendor":"HUAWEI","folder":"LIEN FH / HUAWEI","color":"#00FF00","width":2.0},"geometry":{"type":"LineString","coordinates":[[-5.1587,9.959],[-5.1556,9.9709]]}},{"type":"Feature","properties":{"name":"FH_432_BKE_DARESALAM-BKE_DAR_ES_SALAM_II","description":"MicrowaveHUAWEI_AC241 BKE_DARESALAM-AC430 BKE_DAR_ES_SALAM_II","link_type":"FH","geometry_type":"LineString","vendor":"HUAWEI","folder":"LIEN FH / HUAWEI","color":"#00FF00","width":2.0},"geometry":{"type":"LineString","coordinates":[[-5.0152,7.7328],[-5.0303,7.7229]]}},{"type":"Feature","properties":{"name":"FH_433_BKE_OLIENOU-BKE_OLAM","description":"MicrowaveHUAWEI_AC431 BKE_OLIENOU-AC940 BKE_OLAM","link_type":"FH","geometry_type":"LineString","vendor":"HUAWEI","folder":"LIEN FH / HUAWEI","color":"#00FF00","width":2.0},"geometry":{"type":"LineString","coordinates":[[-4.9904,7.6962],[-4.9711,7.69707]]}},{"type":"Feature","properties":{"name":"FH_434_BKE_BELVIL2-BKE_OLIENOU","description":"MicrowaveHUAWEI_AC238 BKE_BELVIL2-AC431 BKE_OLIENOU","link_type":"FH","geometry_type":"LineString","vendor":"HUAWEI","folder":"LIEN FH / HUAWEI","color":"#00FF00","width":2.0},"geometry":{"type":"LineString","coordinates":[[-5.0074,7.7001],[-4.9904,7.6962]]}},{"type":"Feature","properties":{"name":"FH_435_BKE_MLK-BKE_KENNEDY","description":"MicrowaveHUAWEI_AC939 BKE_MLK-AC237 BKE_KENNEDY","link_type":"FH","geometry_type":"LineString","vendor":"HUAWEI","folder":"LIEN FH / HUAWEI","color":"#00FF00","width":2.0},"geometry":{"type":"LineString","coordinates":[[-4.99425,7.67773],[-5.0055,7.6833]]}},{"type":"Feature","properties":{"name":"FH_436_BKE_KOUTCHAKRO-BKE_DARESALAM","description":"MicrowaveHUAWEI_AC433 BKE_KOUTCHAKRO-AC241 BKE_DARESALAM","link_type":"FH","geometry_type":"LineString","vendor":"HUAWEI","folder":"LIEN FH / HUAWEI","color":"#00FF00","width":2.0},"geometry":{"type":"LineString","coordinates":[[-5.0229,7.7358],[-5.0152,7.7328]]}},{"type":"Feature","properties":{"name":"FH_437_BKE_CORRIDOR_ND-BKE_KOUTCHAKRO","description":"MicrowaveHUAWEI_AC610 BKE_CORRIDOR_ND-AC433 BKE_KOUTCHAKRO","link_type":"FH","geometry_type":"LineString","vendor":"HUAWEI","folder":"LIEN FH / HUAWEI","color":"#00FF00","width":2.0},"geometry":{"type":"LineString","coordinates":[[-5.0361,7.7456],[-5.0229,7.7358]]}},{"type":"Feature","properties":{"name":"FH_438_BKE_POINT_CARRE-BKE_BROUKRO_EXT","description":"MicrowaveHUAWEI_AC602 BKE_POINT_CARRE-AC606 BKE_BROUKRO_EXT","link_type":"FH","geometry_type":"LineString","vendor":"HUAWEI","folder":"LIEN FH / HUAWEI","color":"#00FF00","width":2.0},"geometry":{"type":"LineString","coordinates":[[-5.0404,7.6816],[-5.0536,7.6738]]}},{"type":"Feature","properties":{"name":"FH_439_BKE_UNIVERSITE-BKE_ROUTE_BEOUMI","description":"MicrowaveHUAWEI_AC597 BKE_UNIVERSITE-AC609 BKE_ROUTE_BEOUMI","link_type":"FH","geometry_type":"LineString","vendor":"HUAWEI","folder":"LIEN FH / HUAWEI","color":"#00FF00","width":2.0},"geometry":{"type":"LineString","coordinates":[[-5.0667,7.687],[-5.09292,7.68389]]}},{"type":"Feature","properties":{"name":"FH_440_BKE_BELVIL2-BKE_CAMP_MIL","description":"MicrowaveHUAWEI_AC238 BKE_BELVIL2-AC608 BKE_CAMP_MIL","link_type":"FH","geometry_type":"LineString","vendor":"HUAWEI","folder":"LIEN FH / HUAWEI","color":"#00FF00","width":2.0},"geometry":{"type":"LineString","coordinates":[[-5.0074,7.7001],[-5.0207,7.7008]]}},{"type":"Feature","properties":{"name":"FH_441_BKE_GONFREVIL-BKE_RESIDENTIEL","description":"MicrowaveHUAWEI_AC242 BKE_GONFREVIL-AC243 BKE_RESIDENTIEL","link_type":"FH","geometry_type":"LineString","vendor":"HUAWEI","folder":"LIEN FH / HUAWEI","color":"#00FF00","width":2.0},"geometry":{"type":"LineString","coordinates":[[-5.0545,7.7328],[-5.0375,7.7335]]}},{"type":"Feature","properties":{"name":"FH_442_BKE_BROUKRO_EXT-BROUKRO3","description":"MicrowaveHUAWEI_AC606 BKE_BROUKRO_EXT-ET352 BROUKRO3","link_type":"FH","geometry_type":"LineString","vendor":"HUAWEI","folder":"LIEN FH / HUAWEI","color":"#00FF00","width":2.0},"geometry":{"type":"LineString","coordinates":[[-5.0536,7.6738],[-5.058197,7.666438]]}},{"type":"Feature","properties":{"name":"FH_443_BKE_DJEZOU-BKE_KONANKANKRO","description":"MicrowaveHUAWEI_AC240 BKE_DJEZOU-AC432 BKE_KONANKANKRO","link_type":"FH","geometry_type":"LineString","vendor":"HUAWEI","folder":"LIEN FH / HUAWEI","color":"#00FF00","width":2.0},"geometry":{"type":"LineString","coordinates":[[-5.0544,7.7058],[-5.0716,7.7196]]}},{"type":"Feature","properties":{"name":"FH_444_BKE_ROUTE_ZONE-BKE_DJEZOU","description":"MicrowaveHUAWEI_AC598 BKE_ROUTE_ZONE-AC240 BKE_DJEZOU","link_type":"FH","geometry_type":"LineString","vendor":"HUAWEI","folder":"LIEN FH / HUAWEI","color":"#00FF00","width":2.0},"geometry":{"type":"LineString","coordinates":[[-5.0526,7.7178],[-5.0544,7.7058]]}},{"type":"Feature","properties":{"name":"FH_445_BKE_DJEZOU-BKE_GONFREVIL","description":"MicrowaveHUAWEI_AC240 BKE_DJEZOU-AC242 BKE_GONFREVIL","link_type":"FH","geometry_type":"LineString","vendor":"HUAWEI","folder":"LIEN FH / HUAWEI","color":"#00FF00","width":2.0},"geometry":{"type":"LineString","coordinates":[[-5.0544,7.7058],[-5.0545,7.7328]]}},{"type":"Feature","properties":{"name":"FH_446_BKE_POINT_CARRE-BKE_DJEZOU","description":"MicrowaveHUAWEI_AC602 BKE_POINT_CARRE-AC240 BKE_DJEZOU","link_type":"FH","geometry_type":"LineString","vendor":"HUAWEI","folder":"LIEN FH / HUAWEI","color":"#00FF00","width":2.0},"geometry":{"type":"LineString","coordinates":[[-5.0404,7.6816],[-5.0544,7.7058]]}},{"type":"Feature","properties":{"name":"FH_447_KANAKONO-BLESSEGUE","description":"MicrowaveHUAWEI_AC583 KANAKONO-AC569 BLESSEGUE","link_type":"FH","geometry_type":"LineString","vendor":"HUAWEI","folder":"LIEN FH / HUAWEI","color":"#00FF00","width":2.0},"geometry":{"type":"LineString","coordinates":[[-6.242,10.3563],[-6.4134,10.1995]]}},{"type":"Feature","properties":{"name":"FH_448_BONOUFLA-BAHOULIFLA","description":"MicrowaveHUAWEI_AC447 BONOUFLA-ET139 BAHOULIFLA","link_type":"FH","geometry_type":"LineString","vendor":"HUAWEI","folder":"LIEN FH / HUAWEI","color":"#00FF00","width":2.0},"geometry":{"type":"LineString","coordinates":[[-6.4818,7.1369],[-6.472437,7.233983]]}},{"type":"Feature","properties":{"name":"FH_449_KIEMOU-DIKODOUGOU","description":"MicrowaveHUAWEI_AC698 KIEMOU-AC451 DIKODOUGOU","link_type":"FH","geometry_type":"LineString","vendor":"HUAWEI","folder":"LIEN FH / HUAWEI","color":"#00FF00","width":2.0},"geometry":{"type":"LineString","coordinates":[[-5.5544,9.0561],[-5.773556,9.068722]]}},{"type":"Feature","properties":{"name":"FH_450_YACOLI-GNONGBOYO","description":"MicrowaveHUAWEI_AC499 YACOLI-AC593 GNONGBOYO","link_type":"FH","geometry_type":"LineString","vendor":"HUAWEI","folder":"LIEN FH / HUAWEI","color":"#00FF00","width":2.0},"geometry":{"type":"LineString","coordinates":[[-6.5116,5.9642],[-6.4063,5.8706]]}},{"type":"Feature","properties":{"name":"FH_451_ASSOUNVOUE-TOUMODI","description":"MicrowaveHUAWEI_AC474 ASSOUNVOUE-AC115 TOUMODI","link_type":"FH","geometry_type":"LineString","vendor":"HUAWEI","folder":"LIEN FH / HUAWEI","color":"#00FF00","width":2.0},"geometry":{"type":"LineString","coordinates":[[-4.9816153,6.48149982],[-5.0193,6.5581]]}},{"type":"Feature","properties":{"name":"FH_452_ODIENNE-Massadougou","description":"MicrowaveHUAWEI_AC305 ODIENNE-AC870 Massadougou","link_type":"FH","geometry_type":"LineString","vendor":"HUAWEI","folder":"LIEN FH / HUAWEI","color":"#00FF00","width":2.0},"geometry":{"type":"LineString","coordinates":[[-7.5621,9.4999],[-7.568747,9.625361]]}},{"type":"Feature","properties":{"name":"FH_453_BEDIALA-BONOUFLA","description":"MicrowaveHUAWEI_AC501 BEDIALA-AC447 BONOUFLA","link_type":"FH","geometry_type":"LineString","vendor":"HUAWEI","folder":"LIEN FH / HUAWEI","color":"#00FF00","width":2.0},"geometry":{"type":"LineString","coordinates":[[-6.3062,7.1582],[-6.4818,7.1369]]}},{"type":"Feature","properties":{"name":"FH_454_DIANRA_VILLAGE-FADJADOUGOU","description":"MicrowaveHUAWEI_ET257 DIANRA_VILLAGE-AC818 FADJADOUGOU","link_type":"FH","geometry_type":"LineString","vendor":"HUAWEI","folder":"LIEN FH / HUAWEI","color":"#00FF00","width":2.0},"geometry":{"type":"LineString","coordinates":[[-6.2386,8.7625],[-6.61468,8.70137]]}},{"type":"Feature","properties":{"name":"FH_455_TIEME-BANAKRO","description":"MicrowaveHUAWEI_AC489 TIEME-ET664 BANAKRO","link_type":"FH","geometry_type":"LineString","vendor":"HUAWEI","folder":"LIEN FH / HUAWEI","color":"#00FF00","width":2.0},"geometry":{"type":"LineString","coordinates":[[-7.2866,9.5486],[-7.397611,9.809833]]}},{"type":"Feature","properties":{"name":"FH_456_TIEME-ODIENNE","description":"MicrowaveHUAWEI_AC489 TIEME-AC305 ODIENNE","link_type":"FH","geometry_type":"LineString","vendor":"HUAWEI","folder":"LIEN FH / HUAWEI","color":"#00FF00","width":2.0},"geometry":{"type":"LineString","coordinates":[[-7.2866,9.5486],[-7.5621,9.4999]]}},{"type":"Feature","properties":{"name":"FH_457_KORO-BOROTOU","description":"MicrowaveHUAWEI_AC303 KORO-AC304 BOROTOU","link_type":"FH","geometry_type":"LineString","vendor":"HUAWEI","folder":"LIEN FH / HUAWEI","color":"#00FF00","width":2.0},"geometry":{"type":"LineString","coordinates":[[-7.4561,8.5494],[-7.4934,8.7318]]}},{"type":"Feature","properties":{"name":"FH_458_ZALA-KORO","description":"MicrowaveHUAWEI_AC505 ZALA-AC303 KORO","link_type":"FH","geometry_type":"LineString","vendor":"HUAWEI","folder":"LIEN FH / HUAWEI","color":"#00FF00","width":2.0},"geometry":{"type":"LineString","coordinates":[[-7.6159,8.2244],[-7.4561,8.5494]]}},{"type":"Feature","properties":{"name":"FH_459_SOKORODOUGOU-BANAKORO","description":"MicrowaveHUAWEI_AC509 SOKORODOUGOU-ET662 BANAKORO","link_type":"FH","geometry_type":"LineString","vendor":"HUAWEI","folder":"LIEN FH / HUAWEI","color":"#00FF00","width":2.0},"geometry":{"type":"LineString","coordinates":[[-7.5533,9.0319],[-7.24741,8.98575]]}},{"type":"Feature","properties":{"name":"FH_460_DJIBROSSO-BANAKORO","description":"MicrowaveHUAWEI_ET254 DJIBROSSO-ET662 BANAKORO","link_type":"FH","geometry_type":"LineString","vendor":"HUAWEI","folder":"LIEN FH / HUAWEI","color":"#00FF00","width":2.0},"geometry":{"type":"LineString","coordinates":[[-6.99747,8.767976],[-7.24741,8.98575]]}},{"type":"Feature","properties":{"name":"FH_461_BANADJE-DJIBROSSO","description":"MicrowaveHUAWEI_ET661 BANADJE-ET254 DJIBROSSO","link_type":"FH","geometry_type":"LineString","vendor":"HUAWEI","folder":"LIEN FH / HUAWEI","color":"#00FF00","width":2.0},"geometry":{"type":"LineString","coordinates":[[-6.74611,8.82135],[-6.99747,8.767976]]}},{"type":"Feature","properties":{"name":"FH_462_FADJADOUGOU-BANADJE","description":"MicrowaveHUAWEI_AC818 FADJADOUGOU-ET661 BANADJE","link_type":"FH","geometry_type":"LineString","vendor":"HUAWEI","folder":"LIEN FH / HUAWEI","color":"#00FF00","width":2.0},"geometry":{"type":"LineString","coordinates":[[-6.61468,8.70137],[-6.74611,8.82135]]}},{"type":"Feature","properties":{"name":"FH_463_NABINGUE-OUANGOLODOUGOU","description":"MicrowaveHUAWEI_AC578 NABINGUE-AC588 OUANGOLODOUGOU","link_type":"FH","geometry_type":"LineString","vendor":"HUAWEI","folder":"LIEN FH / HUAWEI","color":"#00FF00","width":2.0},"geometry":{"type":"LineString","coordinates":[[-5.3206,10.0507],[-5.1587,9.959]]}},{"type":"Feature","properties":{"name":"FH_464_MADINANI-TIEME","description":"MicrowaveHUAWEI_AC500 MADINANI-AC489 TIEME","link_type":"FH","geometry_type":"LineString","vendor":"HUAWEI","folder":"LIEN FH / HUAWEI","color":"#00FF00","width":2.0},"geometry":{"type":"LineString","coordinates":[[-6.9416,9.6203],[-7.2866,9.5486]]}},{"type":"Feature","properties":{"name":"FH_465_SEGUELA-DUALLA","description":"MicrowaveHUAWEI_AC298 SEGUELA-AC453 DUALLA","link_type":"FH","geometry_type":"LineString","vendor":"HUAWEI","folder":"LIEN FH / HUAWEI","color":"#00FF00","width":2.0},"geometry":{"type":"LineString","coordinates":[[-6.6692,7.9643],[-6.5424,8.1166]]}},{"type":"Feature","properties":{"name":"FH_466_BOROTOU-SOKORODOUGOU","description":"MicrowaveHUAWEI_AC304 BOROTOU-AC509 SOKORODOUGOU","link_type":"FH","geometry_type":"LineString","vendor":"HUAWEI","folder":"LIEN FH / HUAWEI","color":"#00FF00","width":2.0},"geometry":{"type":"LineString","coordinates":[[-7.4934,8.7318],[-7.5533,9.0319]]}},{"type":"Feature","properties":{"name":"FH_467_BLESSEGUE-ZAGUINASSO","description":"MicrowaveHUAWEI_AC569 BLESSEGUE-ET265 ZAGUINASSO","link_type":"FH","geometry_type":"LineString","vendor":"HUAWEI","folder":"LIEN FH / HUAWEI","color":"#00FF00","width":2.0},"geometry":{"type":"LineString","coordinates":[[-6.4134,10.1995],[-6.3680555,10.0530027]]}},{"type":"Feature","properties":{"name":"FH_468_TOUVRE-KOLIA","description":"MicrowaveHUAWEI_AC454 TOUVRE-AC584 KOLIA","link_type":"FH","geometry_type":"LineString","vendor":"HUAWEI","folder":"LIEN FH / HUAWEI","color":"#00FF00","width":2.0},"geometry":{"type":"LineString","coordinates":[[-6.5031,9.9059],[-6.4603,9.7713]]}},{"type":"Feature","properties":{"name":"FH_469_KOUTO-TOUVRE","description":"MicrowaveHUAWEI_AC568 KOUTO-AC454 TOUVRE","link_type":"FH","geometry_type":"LineString","vendor":"HUAWEI","folder":"LIEN FH / HUAWEI","color":"#00FF00","width":2.0},"geometry":{"type":"LineString","coordinates":[[-6.414,9.8929],[-6.5031,9.9059]]}},{"type":"Feature","properties":{"name":"FH_470_ZEAGLO-GUINKIN","description":"MicrowaveHUAWEI_ET168 ZEAGLO-ET267 GUINKIN","link_type":"FH","geometry_type":"LineString","vendor":"HUAWEI","folder":"LIEN FH / HUAWEI","color":"#00FF00","width":2.0},"geometry":{"type":"LineString","coordinates":[[-7.83559,6.55699],[-7.722056,6.564028]]}},{"type":"Feature","properties":{"name":"FH_471_BONOUFLA-VAVOUA","description":"MicrowaveHUAWEI_AC447 BONOUFLA-AC299 VAVOUA","link_type":"FH","geometry_type":"LineString","vendor":"HUAWEI","folder":"LIEN FH / HUAWEI","color":"#00FF00","width":2.0},"geometry":{"type":"LineString","coordinates":[[-6.4818,7.1369],[-6.4758,7.3833]]}},{"type":"Feature","properties":{"name":"FH_472_DAL_KHALIL-BONOUFLA","description":"MicrowaveHUAWEI_AC138 DAL_KHALIL-AC447 BONOUFLA","link_type":"FH","geometry_type":"LineString","vendor":"HUAWEI","folder":"LIEN FH / HUAWEI","color":"#00FF00","width":2.0},"geometry":{"type":"LineString","coordinates":[[-6.4529,6.9056],[-6.4818,7.1369]]}},{"type":"Feature","properties":{"name":"FH_473_DAOUKRO-GOUABO","description":"MicrowaveHUAWEI_AC185 DAOUKRO-AC496 GOUABO","link_type":"FH","geometry_type":"LineString","vendor":"HUAWEI","folder":"LIEN FH / HUAWEI","color":"#00FF00","width":2.0},"geometry":{"type":"LineString","coordinates":[[-3.9672,7.055],[-3.9887,6.9851]]}},{"type":"Feature","properties":{"name":"FH_474_DIAWALA-NABINGUE","description":"MicrowaveHUAWEI_AC216 DIAWALA-AC578 NABINGUE","link_type":"FH","geometry_type":"LineString","vendor":"HUAWEI","folder":"LIEN FH / HUAWEI","color":"#00FF00","width":2.0},"geometry":{"type":"LineString","coordinates":[[-5.4715,10.1106],[-5.3206,10.0507]]}},{"type":"Feature","properties":{"name":"FH_475_0-ZAGORETA","description":"MicrowaveHUAWEI_AC838 0-AC893 ZAGORETA","link_type":"FH","geometry_type":"LineString","vendor":"HUAWEI","folder":"LIEN FH / HUAWEI","color":"#00FF00","width":2.0},"geometry":{"type":"LineString","coordinates":[[-6.23148,6.6129],[-6.1537,6.6753]]}},{"type":"Feature","properties":{"name":"FH_476_AFOTOBO-AHOUGNANFOUTOU","description":"MicrowaveHUAWEI_ET496 AFOTOBO-ET497 AHOUGNANFOUTOU","link_type":"FH","geometry_type":"LineString","vendor":"HUAWEI","folder":"LIEN FH / HUAWEI","color":"#00FF00","width":2.0},"geometry":{"type":"LineString","coordinates":[[-5.46105,7.67077],[-5.31903,7.68706]]}},{"type":"Feature","properties":{"name":"FH_477_SAMO-KOUAKRO_CIT","description":"MicrowaveHUAWEI_ET483 SAMO-AC256 KOUAKRO_CIT","link_type":"FH","geometry_type":"LineString","vendor":"HUAWEI","folder":"LIEN FH / HUAWEI","color":"#00FF00","width":2.0},"geometry":{"type":"LineString","coordinates":[[-3.511526,5.288519],[-3.4905582,5.28499696]]}},{"type":"Feature","properties":{"name":"FH_478_YAM_MOROFE-SEMAN","description":"MicrowaveHUAWEI_AC120 YAM_MOROFE-AC591 SEMAN","link_type":"FH","geometry_type":"LineString","vendor":"HUAWEI","folder":"LIEN FH / HUAWEI","color":"#00FF00","width":2.0},"geometry":{"type":"LineString","coordinates":[[-5.291,6.8453],[-5.2983,6.8923]]}},{"type":"Feature","properties":{"name":"FH_479_YACOLI-BAKAYO","description":"MicrowaveHUAWEI_AC499 YACOLI-AC592 BAKAYO","link_type":"FH","geometry_type":"LineString","vendor":"HUAWEI","folder":"LIEN FH / HUAWEI","color":"#00FF00","width":2.0},"geometry":{"type":"LineString","coordinates":[[-6.5116,5.9642],[-6.4293,5.9909]]}},{"type":"Feature","properties":{"name":"FH_480_LILIYO-BAKAYO","description":"MicrowaveHUAWEI_AC864 LILIYO-AC592 BAKAYO","link_type":"FH","geometry_type":"LineString","vendor":"HUAWEI","folder":"LIEN FH / HUAWEI","color":"#00FF00","width":2.0},"geometry":{"type":"LineString","coordinates":[[-6.3607,5.9971],[-6.4293,5.9909]]}},{"type":"Feature","properties":{"name":"FH_481_AKOVIEBO-GOBAZRA","description":"MicrowaveHUAWEI_AC523 AKOVIEBO-ET502 GOBAZRA","link_type":"FH","geometry_type":"LineString","vendor":"HUAWEI","folder":"LIEN FH / HUAWEI","color":"#00FF00","width":2.0},"geometry":{"type":"LineString","coordinates":[[-5.8736,6.9461],[-5.96948,6.94469]]}},{"type":"Feature","properties":{"name":"FH_482_GARANGO-AKOVIEBO","description":"MicrowaveHUAWEI_ET288 GARANGO-AC523 AKOVIEBO","link_type":"FH","geometry_type":"LineString","vendor":"HUAWEI","folder":"LIEN FH / HUAWEI","color":"#00FF00","width":2.0},"geometry":{"type":"LineString","coordinates":[[-5.819944,6.962028],[-5.8736,6.9461]]}},{"type":"Feature","properties":{"name":"FH_483_BOUAFLE-GARANGO","description":"MicrowaveHUAWEI_AC131 BOUAFLE-ET288 GARANGO","link_type":"FH","geometry_type":"LineString","vendor":"HUAWEI","folder":"LIEN FH / HUAWEI","color":"#00FF00","width":2.0},"geometry":{"type":"LineString","coordinates":[[-5.7488,6.9882],[-5.819944,6.962028]]}},{"type":"Feature","properties":{"name":"FH_484_CEG-PBOUET","description":"MicrowaveHUAWEI_AC407 CEG-AC028 PBOUET","link_type":"FH","geometry_type":"LineString","vendor":"HUAWEI","folder":"LIEN FH / HUAWEI","color":"#00FF00","width":2.0},"geometry":{"type":"LineString","coordinates":[[-3.9601543,5.25496944],[-3.9656459,5.25857003]]}},{"type":"Feature","properties":{"name":"FH_485_DJAHAKRO-SEHIZRA","description":"MicrowaveHUAWEI_ET503 DJAHAKRO-AC255 SEHIZRA","link_type":"FH","geometry_type":"LineString","vendor":"HUAWEI","folder":"LIEN FH / HUAWEI","color":"#00FF00","width":2.0},"geometry":{"type":"LineString","coordinates":[[-6.14778,6.89919],[-6.1008,6.9189]]}},{"type":"Feature","properties":{"name":"FH_486_PETIT_YAPO-AZAGUIE","description":"MicrowaveHUAWEI_AC755 PETIT_YAPO-AC191 AZAGUIE","link_type":"FH","geometry_type":"LineString","vendor":"HUAWEI","folder":"LIEN FH / HUAWEI","color":"#00FF00","width":2.0},"geometry":{"type":"LineString","coordinates":[[-4.143,5.80293],[-4.0690037,5.64055906]]}},{"type":"Feature","properties":{"name":"FH_487_PK18_SICOGI-AZAGUIE","description":"MicrowaveHUAWEI_AC638 PK18_SICOGI-AC191 AZAGUIE","link_type":"FH","geometry_type":"LineString","vendor":"HUAWEI","folder":"LIEN FH / HUAWEI","color":"#00FF00","width":2.0},"geometry":{"type":"LineString","coordinates":[[-4.04935,5.45777],[-4.0690037,5.64055906]]}},{"type":"Feature","properties":{"name":"FH_488_SONONZO-MARANDALLAH","description":"MicrowaveHUAWEI_ET247 SONONZO-ET276 MARANDALLAH","link_type":"FH","geometry_type":"LineString","vendor":"HUAWEI","folder":"LIEN FH / HUAWEI","color":"#00FF00","width":2.0},"geometry":{"type":"LineString","coordinates":[[-6.133972,8.632111],[-5.919222,8.444444]]}},{"type":"Feature","properties":{"name":"FH_489_TIENINGBOUE_2-MARANDALLAH","description":"MicrowaveHUAWEI_ET237 TIENINGBOUE_2-ET276 MARANDALLAH","link_type":"FH","geometry_type":"LineString","vendor":"HUAWEI","folder":"LIEN FH / HUAWEI","color":"#00FF00","width":2.0},"geometry":{"type":"LineString","coordinates":[[-5.7840833,8.45619444],[-5.919222,8.444444]]}},{"type":"Feature","properties":{"name":"FH_490_BOUANDOUGOU-TIENINGBOUE_2","description":"MicrowaveHUAWEI_AC442 BOUANDOUGOU-ET237 TIENINGBOUE_2","link_type":"FH","geometry_type":"LineString","vendor":"HUAWEI","folder":"LIEN FH / HUAWEI","color":"#00FF00","width":2.0},"geometry":{"type":"LineString","coordinates":[[-5.662947,8.212892],[-5.7840833,8.45619444]]}},{"type":"Feature","properties":{"name":"FH_491_MARABADIASSA-BOUANDOUGOU","description":"MicrowaveHUAWEI_AC217 MARABADIASSA-AC442 BOUANDOUGOU","link_type":"FH","geometry_type":"LineString","vendor":"HUAWEI","folder":"LIEN FH / HUAWEI","color":"#00FF00","width":2.0},"geometry":{"type":"LineString","coordinates":[[-5.44239,8.09501],[-5.662947,8.212892]]}},{"type":"Feature","properties":{"name":"FH_492_NGUESSANKRO-MARABADIASSA","description":"MicrowaveHUAWEI_AC587 NGUESSANKRO-AC217 MARABADIASSA","link_type":"FH","geometry_type":"LineString","vendor":"HUAWEI","folder":"LIEN FH / HUAWEI","color":"#00FF00","width":2.0},"geometry":{"type":"LineString","coordinates":[[-5.44118,8.00048],[-5.44239,8.09501]]}},{"type":"Feature","properties":{"name":"FH_493_NGUESSANKRO-BOTRO","description":"MicrowaveHUAWEI_AC587 NGUESSANKRO-AC448 BOTRO","link_type":"FH","geometry_type":"LineString","vendor":"HUAWEI","folder":"LIEN FH / HUAWEI","color":"#00FF00","width":2.0},"geometry":{"type":"LineString","coordinates":[[-5.44118,8.00048],[-5.30758,7.83159]]}},{"type":"Feature","properties":{"name":"FH_494_DIABO-BOTRO","description":"MicrowaveHUAWEI_AC294 DIABO-AC448 BOTRO","link_type":"FH","geometry_type":"LineString","vendor":"HUAWEI","folder":"LIEN FH / HUAWEI","color":"#00FF00","width":2.0},"geometry":{"type":"LineString","coordinates":[[-5.175443,7.787822],[-5.30758,7.83159]]}},{"type":"Feature","properties":{"name":"FH_495_KOUDOUGOU-GOURGUI","description":"MicrowaveHUAWEI_AC859 KOUDOUGOU-ET501 GOURGUI","link_type":"FH","geometry_type":"LineString","vendor":"HUAWEI","folder":"LIEN FH / HUAWEI","color":"#00FF00","width":2.0},"geometry":{"type":"LineString","coordinates":[[-5.6721,6.932],[-5.59667,6.91806]]}},{"type":"Feature","properties":{"name":"FH_496_KANAWOLO-NAWOKAHA","description":"MicrowaveHUAWEI_AC574 KANAWOLO-AC699 NAWOKAHA","link_type":"FH","geometry_type":"LineString","vendor":"HUAWEI","folder":"LIEN FH / HUAWEI","color":"#00FF00","width":2.0},"geometry":{"type":"LineString","coordinates":[[-5.3117,8.7876],[-5.37225,8.89171]]}},{"type":"Feature","properties":{"name":"FH_497_TIENGARA-FERKESSEDOUGOU","description":"MicrowaveHUAWEI_AC695 TIENGARA-AC252 FERKESSEDOUGOU","link_type":"FH","geometry_type":"LineString","vendor":"HUAWEI","folder":"LIEN FH / HUAWEI","color":"#00FF00","width":2.0},"geometry":{"type":"LineString","coordinates":[[-5.23718,9.39737],[-5.1876,9.5918]]}},{"type":"Feature","properties":{"name":"FH_498_TIENGARA-FERKE2","description":"MicrowaveHUAWEI_AC695 TIENGARA-AC437 FERKE2","link_type":"FH","geometry_type":"LineString","vendor":"HUAWEI","folder":"LIEN FH / HUAWEI","color":"#00FF00","width":2.0},"geometry":{"type":"LineString","coordinates":[[-5.23718,9.39737],[-5.2716,9.296]]}},{"type":"Feature","properties":{"name":"FH_499_KIEMOU-NAWOKAHA","description":"MicrowaveHUAWEI_AC698 KIEMOU-AC699 NAWOKAHA","link_type":"FH","geometry_type":"LineString","vendor":"HUAWEI","folder":"LIEN FH / HUAWEI","color":"#00FF00","width":2.0},"geometry":{"type":"LineString","coordinates":[[-5.5544,9.0561],[-5.37225,8.89171]]}},{"type":"Feature","properties":{"name":"FH_500_BADIKAHA-TAFIRE","description":"MicrowaveHUAWEI_AC702 BADIKAHA-AC253 TAFIRE","link_type":"FH","geometry_type":"LineString","vendor":"HUAWEI","folder":"LIEN FH / HUAWEI","color":"#00FF00","width":2.0},"geometry":{"type":"LineString","coordinates":[[-5.16193,9.18993],[-5.1705,9.0675]]}},{"type":"Feature","properties":{"name":"FH_501_KIEMOU-NAPIE","description":"MicrowaveHUAWEI_AC698 KIEMOU-AC254 NAPIE","link_type":"FH","geometry_type":"LineString","vendor":"HUAWEI","folder":"LIEN FH / HUAWEI","color":"#00FF00","width":2.0},"geometry":{"type":"LineString","coordinates":[[-5.5544,9.0561],[-5.5888,9.2963]]}},{"type":"Feature","properties":{"name":"FH_502_KOR_LYC_SAKANOKO-GBALEKAHA","description":"MicrowaveHUAWEI_AC248 KOR_LYC_SAKANOKO-AC573 GBALEKAHA","link_type":"FH","geometry_type":"LineString","vendor":"HUAWEI","folder":"LIEN FH / HUAWEI","color":"#00FF00","width":2.0},"geometry":{"type":"LineString","coordinates":[[-5.6581,9.4547],[-5.4797,9.5098]]}},{"type":"Feature","properties":{"name":"FH_503_OUNANDIE-TIMOROKAHA","description":"MicrowaveHUAWEI_ET460 OUNANDIE-AC571 TIMOROKAHA","link_type":"FH","geometry_type":"LineString","vendor":"HUAWEI","folder":"LIEN FH / HUAWEI","color":"#00FF00","width":2.0},"geometry":{"type":"LineString","coordinates":[[-5.189334,8.451174],[-5.20234,8.50268]]}},{"type":"Feature","properties":{"name":"FH_504_BAMORO-TOURO","description":"MicrowaveHUAWEI_AC700 BAMORO-AC471 TOURO","link_type":"FH","geometry_type":"LineString","vendor":"HUAWEI","folder":"LIEN FH / HUAWEI","color":"#00FF00","width":2.0},"geometry":{"type":"LineString","coordinates":[[-5.04839,7.83214],[-5.0716,7.9981]]}},{"type":"Feature","properties":{"name":"FH_505_TAFIRE-NAMBANAKAHA","description":"MicrowaveHUAWEI_AC253 TAFIRE-AC694 NAMBANAKAHA","link_type":"FH","geometry_type":"LineString","vendor":"HUAWEI","folder":"LIEN FH / HUAWEI","color":"#00FF00","width":2.0},"geometry":{"type":"LineString","coordinates":[[-5.1705,9.0675],[-5.173139,8.936139]]}},{"type":"Feature","properties":{"name":"FH_506_NAMBANAKAHA-KANAWOLO","description":"MicrowaveHUAWEI_AC694 NAMBANAKAHA-AC574 KANAWOLO","link_type":"FH","geometry_type":"LineString","vendor":"HUAWEI","folder":"LIEN FH / HUAWEI","color":"#00FF00","width":2.0},"geometry":{"type":"LineString","coordinates":[[-5.173139,8.936139],[-5.3117,8.7876]]}},{"type":"Feature","properties":{"name":"FH_507_LAOGUIE-DIAPE","description":"MicrowaveHUAWEI_AC278 LAOGUIE-AC750 DIAPE","link_type":"FH","geometry_type":"LineString","vendor":"HUAWEI","folder":"LIEN FH / HUAWEI","color":"#00FF00","width":2.0},"geometry":{"type":"LineString","coordinates":[[-4.1608369,5.96500117],[-3.92875,6.01554]]}},{"type":"Feature","properties":{"name":"FH_508_ADZOPE-DIAPE","description":"MicrowaveHUAWEI_AC171 ADZOPE-AC750 DIAPE","link_type":"FH","geometry_type":"LineString","vendor":"HUAWEI","folder":"LIEN FH / HUAWEI","color":"#00FF00","width":2.0},"geometry":{"type":"LineString","coordinates":[[-3.8604889,6.0991788],[-3.92875,6.01554]]}},{"type":"Feature","properties":{"name":"FH_509_NIAKARA-KANAWOLO","description":"MicrowaveHUAWEI_AC309 NIAKARA-AC574 KANAWOLO","link_type":"FH","geometry_type":"LineString","vendor":"HUAWEI","folder":"LIEN FH / HUAWEI","color":"#00FF00","width":2.0},"geometry":{"type":"LineString","coordinates":[[-5.27643,8.6555],[-5.3117,8.7876]]}},{"type":"Feature","properties":{"name":"FH_510_FRONAN-OUENEDIAKAHA","description":"MicrowaveHUAWEI_AC295 FRONAN-AC701 OUENEDIAKAHA","link_type":"FH","geometry_type":"LineString","vendor":"HUAWEI","folder":"LIEN FH / HUAWEI","color":"#00FF00","width":2.0},"geometry":{"type":"LineString","coordinates":[[-5.12667,8.23081],[-5.17496,8.36562]]}},{"type":"Feature","properties":{"name":"FH_511_AKOUPE-BOUAPE","description":"MicrowaveHUAWEI_AC173 AKOUPE-AC259 BOUAPE","link_type":"FH","geometry_type":"LineString","vendor":"HUAWEI","folder":"LIEN FH / HUAWEI","color":"#00FF00","width":2.0},"geometry":{"type":"LineString","coordinates":[[-3.8856593,6.38121188],[-3.8162532,6.26327616]]}},{"type":"Feature","properties":{"name":"FH_512_BAYOTA-NIEKEIDE","description":"MicrowaveHUAWEI_AC488 BAYOTA-AC872 NIEKEIDE","link_type":"FH","geometry_type":"LineString","vendor":"HUAWEI","folder":"LIEN FH / HUAWEI","color":"#00FF00","width":2.0},"geometry":{"type":"LineString","coordinates":[[-5.9619,6.4705],[-5.9982,6.464]]}},{"type":"Feature","properties":{"name":"FH_513_NIAKARA-TIMOROKAHA","description":"MicrowaveHUAWEI_AC309 NIAKARA-AC571 TIMOROKAHA","link_type":"FH","geometry_type":"LineString","vendor":"HUAWEI","folder":"LIEN FH / HUAWEI","color":"#00FF00","width":2.0},"geometry":{"type":"LineString","coordinates":[[-5.27643,8.6555],[-5.20234,8.50268]]}},{"type":"Feature","properties":{"name":"FH_514_OUENEDIAKAHA-TIMOROKAHA","description":"MicrowaveHUAWEI_AC701 OUENEDIAKAHA-AC571 TIMOROKAHA","link_type":"FH","geometry_type":"LineString","vendor":"HUAWEI","folder":"LIEN FH / HUAWEI","color":"#00FF00","width":2.0},"geometry":{"type":"LineString","coordinates":[[-5.17496,8.36562],[-5.20234,8.50268]]}},{"type":"Feature","properties":{"name":"FH_515_GONZAG-EL_SHANAN","description":"MicrowaveHUAWEI_AC031 GONZAG-ET379 EL_SHANAN","link_type":"FH","geometry_type":"LineString","vendor":"HUAWEI","folder":"LIEN FH / HUAWEI","color":"#00FF00","width":2.0},"geometry":{"type":"LineString","coordinates":[[-3.8988588,5.24194484],[-3.88796,5.254351]]}},{"type":"Feature","properties":{"name":"FH_516_MOAPE-BOUAPE","description":"MicrowaveHUAWEI_AC561 MOAPE-AC259 BOUAPE","link_type":"FH","geometry_type":"LineString","vendor":"HUAWEI","folder":"LIEN FH / HUAWEI","color":"#00FF00","width":2.0},"geometry":{"type":"LineString","coordinates":[[-3.8078017,6.19259974],[-3.8162532,6.26327616]]}},{"type":"Feature","properties":{"name":"FH_517_AKOUPE-BEKOUEFIN","description":"MicrowaveHUAWEI_AC173 AKOUPE-AC279 BEKOUEFIN","link_type":"FH","geometry_type":"LineString","vendor":"HUAWEI","folder":"LIEN FH / HUAWEI","color":"#00FF00","width":2.0},"geometry":{"type":"LineString","coordinates":[[-3.8856593,6.38121188],[-3.8431145,6.4769997]]}},{"type":"Feature","properties":{"name":"FH_518_LOBIKRO-ANIASSUE","description":"MicrowaveHUAWEI_AC176 LOBIKRO-AC260 ANIASSUE","link_type":"FH","geometry_type":"LineString","vendor":"HUAWEI","folder":"LIEN FH / HUAWEI","color":"#00FF00","width":2.0},"geometry":{"type":"LineString","coordinates":[[-3.5061712,6.74194552],[-3.6830877,6.65858428]]}},{"type":"Feature","properties":{"name":"FH_519_ADZOPE-MOAPE","description":"MicrowaveHUAWEI_AC171 ADZOPE-AC561 MOAPE","link_type":"FH","geometry_type":"LineString","vendor":"HUAWEI","folder":"LIEN FH / HUAWEI","color":"#00FF00","width":2.0},"geometry":{"type":"LineString","coordinates":[[-3.8604889,6.0991788],[-3.8078017,6.19259974]]}},{"type":"Feature","properties":{"name":"FH_520_PETIT_YAPO-LAOGUIE","description":"MicrowaveHUAWEI_AC755 PETIT_YAPO-AC278 LAOGUIE","link_type":"FH","geometry_type":"LineString","vendor":"HUAWEI","folder":"LIEN FH / HUAWEI","color":"#00FF00","width":2.0},"geometry":{"type":"LineString","coordinates":[[-4.143,5.80293],[-4.1608369,5.96500117]]}},{"type":"Feature","properties":{"name":"FH_521_TOURO-ALLAKRO","description":"MicrowaveHUAWEI_AC471 TOURO-ET477 ALLAKRO","link_type":"FH","geometry_type":"LineString","vendor":"HUAWEI","folder":"LIEN FH / HUAWEI","color":"#00FF00","width":2.0},"geometry":{"type":"LineString","coordinates":[[-5.0716,7.9981],[-5.05644,7.93708]]}},{"type":"Feature","properties":{"name":"FH_522_BOBIA-ZIKISSO","description":"MicrowaveHUAWEI_AC968 BOBIA-AC969 ZIKISSO","link_type":"FH","geometry_type":"LineString","vendor":"HUAWEI","folder":"LIEN FH / HUAWEI","color":"#00FF00","width":2.0},"geometry":{"type":"LineString","coordinates":[[-5.82491,6.06762],[-5.69856,6.05792]]}},{"type":"Feature","properties":{"name":"FH_523_BOUNDIALI_BELE-BOUNDIALI","description":"MicrowaveHUAWEI_ET353 BOUNDIALI_BELE-AC215 BOUNDIALI","link_type":"FH","geometry_type":"LineString","vendor":"HUAWEI","folder":"LIEN FH / HUAWEI","color":"#00FF00","width":2.0},"geometry":{"type":"LineString","coordinates":[[-6.47789,9.53908],[-6.4827,9.5223]]}},{"type":"Feature","properties":{"name":"FH_524_GAGNOA_SOKOURADJAN-BOBIA","description":"MicrowaveHUAWEI_AC147 GAGNOA_SOKOURADJAN-AC968 BOBIA","link_type":"FH","geometry_type":"LineString","vendor":"HUAWEI","folder":"LIEN FH / HUAWEI","color":"#00FF00","width":2.0},"geometry":{"type":"LineString","coordinates":[[-5.9642,6.1466],[-5.82491,6.06762]]}},{"type":"Feature","properties":{"name":"FH_525_NAPIE-GUIEMBE","description":"MicrowaveHUAWEI_AC254 NAPIE-AC508 GUIEMBE","link_type":"FH","geometry_type":"LineString","vendor":"HUAWEI","folder":"LIEN FH / HUAWEI","color":"#00FF00","width":2.0},"geometry":{"type":"LineString","coordinates":[[-5.5888,9.2963],[-5.7129,9.231]]}},{"type":"Feature","properties":{"name":"FH_526_BADIKAHA-NGOLODOUGOU","description":"MicrowaveHUAWEI_AC702 BADIKAHA-ET457 NGOLODOUGOU","link_type":"FH","geometry_type":"LineString","vendor":"HUAWEI","folder":"LIEN FH / HUAWEI","color":"#00FF00","width":2.0},"geometry":{"type":"LineString","coordinates":[[-5.16193,9.18993],[-5.163153,9.131906]]}},{"type":"Feature","properties":{"name":"FH_527_BROBO-BKE_RUE_19","description":"MicrowaveHUAWEI_AC486 BROBO-AC601 BKE_RUE_19","link_type":"FH","geometry_type":"LineString","vendor":"HUAWEI","folder":"LIEN FH / HUAWEI","color":"#00FF00","width":2.0},"geometry":{"type":"LineString","coordinates":[[-4.83167,7.63417],[-5.0191,7.6817]]}},{"type":"Feature","properties":{"name":"FH_528_ISSIA-ZOUGOUZOA","description":"MicrowaveHUAWEI_AC140 ISSIA-ET134 ZOUGOUZOA","link_type":"FH","geometry_type":"LineString","vendor":"HUAWEI","folder":"LIEN FH / HUAWEI","color":"#00FF00","width":2.0},"geometry":{"type":"LineString","coordinates":[[-6.5893,6.4896],[-6.590689,6.210972]]}},{"type":"Feature","properties":{"name":"FH_529_BONOUA_MARCHE-BONOUA_YAOU","description":"MicrowaveHUAWEI_AC424 BONOUA_MARCHE-ET431 BONOUA_YAOU","link_type":"FH","geometry_type":"LineString","vendor":"HUAWEI","folder":"LIEN FH / HUAWEI","color":"#00FF00","width":2.0},"geometry":{"type":"LineString","coordinates":[[-3.599592,5.275339],[-3.63506,5.24156]]}},{"type":"Feature","properties":{"name":"FH_530_KAOUARA-LALERABA","description":"MicrowaveHUAWEI_AC576 KAOUARA-ET482 LALERABA","link_type":"FH","geometry_type":"LineString","vendor":"HUAWEI","folder":"LIEN FH / HUAWEI","color":"#00FF00","width":2.0},"geometry":{"type":"LineString","coordinates":[[-5.1964,10.0939],[-5.074782,10.159515]]}},{"type":"Feature","properties":{"name":"FH_531_NANIEVOGO-SEPENEDIOKAHA","description":"MicrowaveHUAWEI_AC577 NANIEVOGO-ET480 SEPENEDIOKAHA","link_type":"FH","geometry_type":"LineString","vendor":"HUAWEI","folder":"LIEN FH / HUAWEI","color":"#00FF00","width":2.0},"geometry":{"type":"LineString","coordinates":[[-5.1433,9.7874],[-5.16055,9.84503]]}},{"type":"Feature","properties":{"name":"FH_532_OUANGOLODOUGOU-KAOUARA","description":"MicrowaveHUAWEI_AC588 OUANGOLODOUGOU-AC576 KAOUARA","link_type":"FH","geometry_type":"LineString","vendor":"HUAWEI","folder":"LIEN FH / HUAWEI","color":"#00FF00","width":2.0},"geometry":{"type":"LineString","coordinates":[[-5.1587,9.959],[-5.1964,10.0939]]}},{"type":"Feature","properties":{"name":"FH_533_MOMIRASSO-FERKE_RESIDENTIEL2","description":"MicrowaveHUAWEI_ET479 MOMIRASSO-AC942 FERKE_RESIDENTIEL2","link_type":"FH","geometry_type":"LineString","vendor":"HUAWEI","folder":"LIEN FH / HUAWEI","color":"#00FF00","width":2.0},"geometry":{"type":"LineString","coordinates":[[-5.17064,9.71222],[-5.18509,9.61507]]}},{"type":"Feature","properties":{"name":"FH_534_DAOUKRO-GAGOU2","description":"MicrowaveHUAWEI_AC185 DAOUKRO-ET357 GAGOU2","link_type":"FH","geometry_type":"LineString","vendor":"HUAWEI","folder":"LIEN FH / HUAWEI","color":"#00FF00","width":2.0},"geometry":{"type":"LineString","coordinates":[[-3.9672,7.055],[-3.96207,7.06642]]}},{"type":"Feature","properties":{"name":"FH_535_HOUPHOUETKAHA-SINEMATIALI","description":"MicrowaveHUAWEI_ET478 HOUPHOUETKAHA-AC251 SINEMATIALI","link_type":"FH","geometry_type":"LineString","vendor":"HUAWEI","folder":"LIEN FH / HUAWEI","color":"#00FF00","width":2.0},"geometry":{"type":"LineString","coordinates":[[-5.28033,9.60447],[-5.4009,9.5721]]}},{"type":"Feature","properties":{"name":"FH_536_LOMO_SUD-MORONOU","description":"MicrowaveHUAWEI_ET464 LOMO_SUD-AC224 MORONOU","link_type":"FH","geometry_type":"LineString","vendor":"HUAWEI","folder":"LIEN FH / HUAWEI","color":"#00FF00","width":2.0},"geometry":{"type":"LineString","coordinates":[[-4.97286,6.3183],[-4.97145,6.316567]]}},{"type":"Feature","properties":{"name":"FH_537_TOUMODIFO-TOUMODI","description":"MicrowaveHUAWEI_ET481 TOUMODIFO-AC115 TOUMODI","link_type":"FH","geometry_type":"LineString","vendor":"HUAWEI","folder":"LIEN FH / HUAWEI","color":"#00FF00","width":2.0},"geometry":{"type":"LineString","coordinates":[[-5.035216,6.547657],[-5.0193,6.5581]]}},{"type":"Feature","properties":{"name":"FH_538_NDOUKAHAKRO-NDOUKAHAKRO","description":"MicrowaveHUAWEI_ET473 NDOUKAHAKRO-AC475 NDOUKAHAKRO","link_type":"FH","geometry_type":"LineString","vendor":"HUAWEI","folder":"LIEN FH / HUAWEI","color":"#00FF00","width":2.0},"geometry":{"type":"LineString","coordinates":[[-5.185017,6.711511],[-5.1474,6.6864]]}},{"type":"Feature","properties":{"name":"FH_539_TOUNZUEBO-LOLOBO","description":"MicrowaveHUAWEI_ET459 TOUNZUEBO-AC275 LOLOBO","link_type":"FH","geometry_type":"LineString","vendor":"HUAWEI","folder":"LIEN FH / HUAWEI","color":"#00FF00","width":2.0},"geometry":{"type":"LineString","coordinates":[[-5.24306,7.07861],[-5.2683,6.955]]}},{"type":"Feature","properties":{"name":"FH_540_LOLOBO-SAKIARE","description":"MicrowaveHUAWEI_AC275 LOLOBO-ET475 SAKIARE","link_type":"FH","geometry_type":"LineString","vendor":"HUAWEI","folder":"LIEN FH / HUAWEI","color":"#00FF00","width":2.0},"geometry":{"type":"LineString","coordinates":[[-5.2683,6.955],[-5.26961,7.03339]]}},{"type":"Feature","properties":{"name":"FH_541_LOLOBO-NDEBO","description":"MicrowaveHUAWEI_AC275 LOLOBO-ET458 NDEBO","link_type":"FH","geometry_type":"LineString","vendor":"HUAWEI","folder":"LIEN FH / HUAWEI","color":"#00FF00","width":2.0},"geometry":{"type":"LineString","coordinates":[[-5.2683,6.955],[-5.27736,6.98739]]}},{"type":"Feature","properties":{"name":"FH_542_GRIBOUO-BUYO","description":"MicrowaveHUAWEI_AC852 GRIBOUO-AC449 BUYO","link_type":"FH","geometry_type":"LineString","vendor":"HUAWEI","folder":"LIEN FH / HUAWEI","color":"#00FF00","width":2.0},"geometry":{"type":"LineString","coordinates":[[-6.9093,6.1883],[-7.0031,6.2542]]}},{"type":"Feature","properties":{"name":"FH_543_LOLOBO-YAM_BSC","description":"MicrowaveHUAWEI_AC275 LOLOBO-AC611 YAM_BSC","link_type":"FH","geometry_type":"LineString","vendor":"HUAWEI","folder":"LIEN FH / HUAWEI","color":"#00FF00","width":2.0},"geometry":{"type":"LineString","coordinates":[[-5.2683,6.955],[-5.2427,6.7939]]}},{"type":"Feature","properties":{"name":"FH_544_GOUANA-BIANKOUMA","description":"MicrowaveHUAWEI_AC472 GOUANA-AC302 BIANKOUMA","link_type":"FH","geometry_type":"LineString","vendor":"HUAWEI","folder":"LIEN FH / HUAWEI","color":"#00FF00","width":2.0},"geometry":{"type":"LineString","coordinates":[[-7.6846,8.0706],[-7.61041,7.74564]]}},{"type":"Feature","properties":{"name":"FH_545_YABAYO-YACOLI","description":"MicrowaveHUAWEI_AC148 YABAYO-AC499 YACOLI","link_type":"FH","geometry_type":"LineString","vendor":"HUAWEI","folder":"LIEN FH / HUAWEI","color":"#00FF00","width":2.0},"geometry":{"type":"LineString","coordinates":[[-6.601,5.9524],[-6.5116,5.9642]]}},{"type":"Feature","properties":{"name":"FH_546_DAL_KHALIL-DAL_TAZIBO2","description":"MicrowaveHUAWEI_AC138 DAL_KHALIL-AC946 DAL_TAZIBO2","link_type":"FH","geometry_type":"LineString","vendor":"HUAWEI","folder":"LIEN FH / HUAWEI","color":"#00FF00","width":2.0},"geometry":{"type":"LineString","coordinates":[[-6.4529,6.9056],[-6.43333,6.90346]]}},{"type":"Feature","properties":{"name":"FH_547_DIANRA_VILLAGE-SONONZO","description":"MicrowaveHUAWEI_ET257 DIANRA_VILLAGE-ET247 SONONZO","link_type":"FH","geometry_type":"LineString","vendor":"HUAWEI","folder":"LIEN FH / HUAWEI","color":"#00FF00","width":2.0},"geometry":{"type":"LineString","coordinates":[[-6.2386,8.7625],[-6.133972,8.632111]]}},{"type":"Feature","properties":{"name":"FH_548_DIANRA_VILLAGE-DIANRA","description":"MicrowaveHUAWEI_ET257 DIANRA_VILLAGE-AC487 DIANRA","link_type":"FH","geometry_type":"LineString","vendor":"HUAWEI","folder":"LIEN FH / HUAWEI","color":"#00FF00","width":2.0},"geometry":{"type":"LineString","coordinates":[[-6.2386,8.7625],[-6.2559,8.9462]]}},{"type":"Feature","properties":{"name":"FH_549_KORHOGO_ZONE-KOR_TEGUERE","description":"MicrowaveHUAWEI_AC954 KORHOGO_ZONE-ET360 KOR_TEGUERE","link_type":"FH","geometry_type":"LineString","vendor":"HUAWEI","folder":"LIEN FH / HUAWEI","color":"#00FF00","width":2.0},"geometry":{"type":"LineString","coordinates":[[-5.6232,9.47068],[-5.64128,9.4432]]}},{"type":"Feature","properties":{"name":"FH_550_KOR_LYC_SAKANOKO-KORHOGO_ZONE","description":"MicrowaveHUAWEI_AC248 KOR_LYC_SAKANOKO-AC954 KORHOGO_ZONE","link_type":"FH","geometry_type":"LineString","vendor":"HUAWEI","folder":"LIEN FH / HUAWEI","color":"#00FF00","width":2.0},"geometry":{"type":"LineString","coordinates":[[-5.6581,9.4547],[-5.6232,9.47068]]}},{"type":"Feature","properties":{"name":"FH_551_GAGNOA_SOKOURADJAN-GAGNOA_SOLEIL","description":"MicrowaveHUAWEI_AC147 GAGNOA_SOKOURADJAN-AC947 GAGNOA_SOLEIL","link_type":"FH","geometry_type":"LineString","vendor":"HUAWEI","folder":"LIEN FH / HUAWEI","color":"#00FF00","width":2.0},"geometry":{"type":"LineString","coordinates":[[-5.9642,6.1466],[-5.92282,6.12467]]}},{"type":"Feature","properties":{"name":"FH_552_KANOROBA-SIRASSO","description":"MicrowaveHUAWEI_AC582 KANOROBA-AC581 SIRASSO","link_type":"FH","geometry_type":"LineString","vendor":"HUAWEI","folder":"LIEN FH / HUAWEI","color":"#00FF00","width":2.0},"geometry":{"type":"LineString","coordinates":[[-6.1209,9.1099],[-6.0947,9.2788]]}},{"type":"Feature","properties":{"name":"FH_553_NANIEVOGO-FERKESSEDOUGOU","description":"MicrowaveHUAWEI_AC577 NANIEVOGO-AC252 FERKESSEDOUGOU","link_type":"FH","geometry_type":"LineString","vendor":"HUAWEI","folder":"LIEN FH / HUAWEI","color":"#00FF00","width":2.0},"geometry":{"type":"LineString","coordinates":[[-5.1433,9.7874],[-5.1876,9.5918]]}},{"type":"Feature","properties":{"name":"FH_554_NANIEVOGO-OUANGOLODOUGOU","description":"MicrowaveHUAWEI_AC577 NANIEVOGO-AC588 OUANGOLODOUGOU","link_type":"FH","geometry_type":"LineString","vendor":"HUAWEI","folder":"LIEN FH / HUAWEI","color":"#00FF00","width":2.0},"geometry":{"type":"LineString","coordinates":[[-5.1433,9.7874],[-5.1587,9.959]]}},{"type":"Feature","properties":{"name":"FH_555_KOR_CIT-KORHOGO_SINISTRE","description":"MicrowaveHUAWEI_AC246 KOR_CIT-AC953 KORHOGO_SINISTRE","link_type":"FH","geometry_type":"LineString","vendor":"HUAWEI","folder":"LIEN FH / HUAWEI","color":"#00FF00","width":2.0},"geometry":{"type":"LineString","coordinates":[[-5.63136,9.45497],[-5.6171,9.443203]]}},{"type":"Feature","properties":{"name":"FH_556_KOR_CIT-KORHOGO_FHB","description":"MicrowaveHUAWEI_AC246 KOR_CIT-AC247 KORHOGO_FHB","link_type":"FH","geometry_type":"LineString","vendor":"HUAWEI","folder":"LIEN FH / HUAWEI","color":"#00FF00","width":2.0},"geometry":{"type":"LineString","coordinates":[[-5.63136,9.45497],[-5.62479,9.41894]]}},{"type":"Feature","properties":{"name":"FH_557_DJEBONOUA-NGATTADOLIKRO","description":"MicrowaveHUAWEI_AC452 DJEBONOUA-AC463 NGATTADOLIKRO","link_type":"FH","geometry_type":"LineString","vendor":"HUAWEI","folder":"LIEN FH / HUAWEI","color":"#00FF00","width":2.0},"geometry":{"type":"LineString","coordinates":[[-5.06911,7.52563],[-5.14199,7.281]]}},{"type":"Feature","properties":{"name":"FH_558_SAKASSOU-DJEBONOUA","description":"MicrowaveHUAWEI_AC466 SAKASSOU-AC452 DJEBONOUA","link_type":"FH","geometry_type":"LineString","vendor":"HUAWEI","folder":"LIEN FH / HUAWEI","color":"#00FF00","width":2.0},"geometry":{"type":"LineString","coordinates":[[-5.29237,7.44709],[-5.06911,7.52563]]}},{"type":"Feature","properties":{"name":"FH_559_SINFRA_NV_QTIER-SINFRA","description":"MicrowaveHUAWEI_AC905 SINFRA_NV_QTIER-AC203 SINFRA","link_type":"FH","geometry_type":"LineString","vendor":"HUAWEI","folder":"LIEN FH / HUAWEI","color":"#00FF00","width":2.0},"geometry":{"type":"LineString","coordinates":[[-5.91602,6.61213],[-5.9134,6.6243]]}},{"type":"Feature","properties":{"name":"FH_560_SIETINFLA-KONONFLA","description":"MicrowaveHUAWEI_AC882 SIETINFLA-AC903 KONONFLA","link_type":"FH","geometry_type":"LineString","vendor":"HUAWEI","folder":"LIEN FH / HUAWEI","color":"#00FF00","width":2.0},"geometry":{"type":"LineString","coordinates":[[-5.7317,6.8258],[-5.60721,6.65118]]}},{"type":"Feature","properties":{"name":"FH_561_MORONOU-KPOUEBO","description":"MicrowaveHUAWEI_AC224 MORONOU-ET274 KPOUEBO","link_type":"FH","geometry_type":"LineString","vendor":"HUAWEI","folder":"LIEN FH / HUAWEI","color":"#00FF00","width":2.0},"geometry":{"type":"LineString","coordinates":[[-4.97145,6.316567],[-4.856556,6.328083]]}},{"type":"Feature","properties":{"name":"FH_562_TIEMELEKRO-SEREBESSOU","description":"MicrowaveHUAWEI_AC887 TIEMELEKRO-AC962 SEREBESSOU","link_type":"FH","geometry_type":"LineString","vendor":"HUAWEI","folder":"LIEN FH / HUAWEI","color":"#00FF00","width":2.0},"geometry":{"type":"LineString","coordinates":[[-4.6172,6.4964],[-4.65881,6.3513]]}},{"type":"Feature","properties":{"name":"FH_563_BOKALA-BOGNEREDOUGOU","description":"MicrowaveHUAWEI_AC572 BOKALA-AC446 BOGNEREDOUGOU","link_type":"FH","geometry_type":"LineString","vendor":"HUAWEI","folder":"LIEN FH / HUAWEI","color":"#00FF00","width":2.0},"geometry":{"type":"LineString","coordinates":[[-4.5725,8.408333],[-4.71905,8.36736]]}},{"type":"Feature","properties":{"name":"FH_564_BOKALA-DABAKALA","description":"MicrowaveHUAWEI_AC572 BOKALA-AC291 DABAKALA","link_type":"FH","geometry_type":"LineString","vendor":"HUAWEI","folder":"LIEN FH / HUAWEI","color":"#00FF00","width":2.0},"geometry":{"type":"LineString","coordinates":[[-4.5725,8.408333],[-4.42695,8.36159]]}},{"type":"Feature","properties":{"name":"FH_565_DJEKANOU-TOUMODI","description":"MicrowaveHUAWEI_AC476 DJEKANOU-AC115 TOUMODI","link_type":"FH","geometry_type":"LineString","vendor":"HUAWEI","folder":"LIEN FH / HUAWEI","color":"#00FF00","width":2.0},"geometry":{"type":"LineString","coordinates":[[-5.1123,6.4723],[-5.0193,6.5581]]}},{"type":"Feature","properties":{"name":"FH_566_DIANRA-KANOROBA","description":"MicrowaveHUAWEI_AC487 DIANRA-AC582 KANOROBA","link_type":"FH","geometry_type":"LineString","vendor":"HUAWEI","folder":"LIEN FH / HUAWEI","color":"#00FF00","width":2.0},"geometry":{"type":"LineString","coordinates":[[-6.2559,8.9462],[-6.1209,9.1099]]}},{"type":"Feature","properties":{"name":"FH_567_ASSOUINDE-MOHAME","description":"MicrowaveHUAWEI_AC213 ASSOUINDE-ET432 MOHAME","link_type":"FH","geometry_type":"LineString","vendor":"HUAWEI","folder":"LIEN FH / HUAWEI","color":"#00FF00","width":2.0},"geometry":{"type":"LineString","coordinates":[[-3.4626709,5.15986325],[-3.55983,5.18202]]}},{"type":"Feature","properties":{"name":"FH_568_KORHOGO_ZONE-KOR_CIT","description":"MicrowaveHUAWEI_AC954 KORHOGO_ZONE-AC246 KOR_CIT","link_type":"FH","geometry_type":"LineString","vendor":"HUAWEI","folder":"LIEN FH / HUAWEI","color":"#00FF00","width":2.0},"geometry":{"type":"LineString","coordinates":[[-5.6232,9.47068],[-5.63136,9.45497]]}},{"type":"Feature","properties":{"name":"FH_569_BKE_COMMERCE-BKE_AIR_FRANCE","description":"MicrowaveHUAWEI_AC428 BKE_COMMERCE-AC234 BKE_AIR_FRANCE","link_type":"FH","geometry_type":"LineString","vendor":"HUAWEI","folder":"LIEN FH / HUAWEI","color":"#00FF00","width":2.0},"geometry":{"type":"LineString","coordinates":[[-5.0294,7.6769],[-5.0176,7.6683]]}},{"type":"Feature","properties":{"name":"FH_570_BONOUA_RESIDENTIEL-BONOUA","description":"MicrowaveHUAWEI_AC929 BONOUA_RESIDENTIEL-AC165 BONOUA","link_type":"FH","geometry_type":"LineString","vendor":"HUAWEI","folder":"LIEN FH / HUAWEI","color":"#00FF00","width":2.0},"geometry":{"type":"LineString","coordinates":[[-3.60421,5.25793],[-3.596196,5.264682]]}},{"type":"Feature","properties":{"name":"FH_571_BONOUA_MARCHE-MOTOBE","description":"MicrowaveHUAWEI_AC424 BONOUA_MARCHE-AC661 MOTOBE","link_type":"FH","geometry_type":"LineString","vendor":"HUAWEI","folder":"LIEN FH / HUAWEI","color":"#00FF00","width":2.0},"geometry":{"type":"LineString","coordinates":[[-3.599592,5.275339],[-3.63681,5.3127]]}},{"type":"Feature","properties":{"name":"FH_572_BONOUA-BONOUA_PROVIDENCE","description":"MicrowaveHUAWEI_AC165 BONOUA-ET098 BONOUA_PROVIDENCE","link_type":"FH","geometry_type":"LineString","vendor":"HUAWEI","folder":"LIEN FH / HUAWEI","color":"#00FF00","width":2.0},"geometry":{"type":"LineString","coordinates":[[-3.596196,5.264682],[-3.590444,5.281722]]}},{"type":"Feature","properties":{"name":"FH_573_ADJOUFOU-CNRA","description":"MicrowaveHUAWEI_AC030 ADJOUFOU-AC412 CNRA","link_type":"FH","geometry_type":"LineString","vendor":"HUAWEI","folder":"LIEN FH / HUAWEI","color":"#00FF00","width":2.0},"geometry":{"type":"LineString","coordinates":[[-3.9183603,5.2437256],[-3.8547256,5.26126469]]}},{"type":"Feature","properties":{"name":"FH_574_KOR_CIT-KOR_LYC_MUNICIPAL","description":"MicrowaveHUAWEI_AC246 KOR_CIT-AC249 KOR_LYC_MUNICIPAL","link_type":"FH","geometry_type":"LineString","vendor":"HUAWEI","folder":"LIEN FH / HUAWEI","color":"#00FF00","width":2.0},"geometry":{"type":"LineString","coordinates":[[-5.63136,9.45497],[-5.64321,9.47972]]}},{"type":"Feature","properties":{"name":"FH_575_KOR_LYC_SAKANOKO-KOR_LYC_MUNICIPAL","description":"MicrowaveHUAWEI_AC248 KOR_LYC_SAKANOKO-AC249 KOR_LYC_MUNICIPAL","link_type":"FH","geometry_type":"LineString","vendor":"HUAWEI","folder":"LIEN FH / HUAWEI","color":"#00FF00","width":2.0},"geometry":{"type":"LineString","coordinates":[[-5.6581,9.4547],[-5.64321,9.47972]]}},{"type":"Feature","properties":{"name":"FH_576_KOR_CIT-KOR_PETIT_PARIS","description":"MicrowaveHUAWEI_AC246 KOR_CIT-AC250 KOR_PETIT_PARIS","link_type":"FH","geometry_type":"LineString","vendor":"HUAWEI","folder":"LIEN FH / HUAWEI","color":"#00FF00","width":2.0},"geometry":{"type":"LineString","coordinates":[[-5.63136,9.45497],[-5.61289,9.46013]]}},{"type":"Feature","properties":{"name":"FH_577_BOKALA-MBORLA_DIOULASSO","description":"MicrowaveHUAWEI_AC572 BOKALA-ET243 MBORLA_DIOULASSO","link_type":"FH","geometry_type":"LineString","vendor":"HUAWEI","folder":"LIEN FH / HUAWEI","color":"#00FF00","width":2.0},"geometry":{"type":"LineString","coordinates":[[-4.5725,8.408333],[-4.481194,8.471417]]}},{"type":"Feature","properties":{"name":"FH_578_NGATTADOLIKRO-AYAPRIKRO","description":"MicrowaveHUAWEI_AC463 NGATTADOLIKRO-ET246 AYAPRIKRO","link_type":"FH","geometry_type":"LineString","vendor":"HUAWEI","folder":"LIEN FH / HUAWEI","color":"#00FF00","width":2.0},"geometry":{"type":"LineString","coordinates":[[-5.14199,7.281],[-5.2389444,7.27252777]]}},{"type":"Feature","properties":{"name":"FH_579_KOREADJI-PTT_BONDOUKOU","description":"MicrowaveHUAWEI_AC479 KOREADJI-ET190 PTT_BONDOUKOU","link_type":"FH","geometry_type":"LineString","vendor":"HUAWEI","folder":"LIEN FH / HUAWEI","color":"#00FF00","width":2.0},"geometry":{"type":"LineString","coordinates":[[-6.592537,5.538406],[-6.652856,5.599744]]}},{"type":"Feature","properties":{"name":"FH_580_OTTAA-SIPEFCI","description":"MicrowaveHUAWEI_AC575 OTTAA-AC979 SIPEFCI","link_type":"FH","geometry_type":"LineString","vendor":"HUAWEI","folder":"LIEN FH / HUAWEI","color":"#00FF00","width":2.0},"geometry":{"type":"LineString","coordinates":[[-6.2724,5.7302],[-6.28108,5.67332]]}},{"type":"Feature","properties":{"name":"FH_581_KPADA-SOUBRE_SANS_LOI","description":"MicrowaveHUAWEI_ET210 KPADA-AC951 SOUBRE_SANS_LOI","link_type":"FH","geometry_type":"LineString","vendor":"HUAWEI","folder":"LIEN FH / HUAWEI","color":"#00FF00","width":2.0},"geometry":{"type":"LineString","coordinates":[[-6.485,5.776778],[-6.5826,5.78547]]}},{"type":"Feature","properties":{"name":"FH_582_KPADA-GBALEBOUO","description":"MicrowaveHUAWEI_ET210 KPADA-ET208 GBALEBOUO","link_type":"FH","geometry_type":"LineString","vendor":"HUAWEI","folder":"LIEN FH / HUAWEI","color":"#00FF00","width":2.0},"geometry":{"type":"LineString","coordinates":[[-6.485,5.776778],[-6.347556,5.742306]]}},{"type":"Feature","properties":{"name":"FH_583_TOUIH-GOH","description":"MicrowaveHUAWEI_AC478 TOUIH-ET194 GOH","link_type":"FH","geometry_type":"LineString","vendor":"HUAWEI","folder":"LIEN FH / HUAWEI","color":"#00FF00","width":2.0},"geometry":{"type":"LineString","coordinates":[[-6.52705,5.25822],[-6.637167,5.233436]]}},{"type":"Feature","properties":{"name":"FH_584_YAM_MOFAITAI-YAM_220_LGTS","description":"MicrowaveHUAWEI_AC128 YAM_MOFAITAI-AC129 YAM_220_LGTS","link_type":"FH","geometry_type":"LineString","vendor":"HUAWEI","folder":"LIEN FH / HUAWEI","color":"#00FF00","width":2.0},"geometry":{"type":"LineString","coordinates":[[-5.266,6.8111],[-5.2554,6.8208]]}},{"type":"Feature","properties":{"name":"FH_585_YAM_SINZIBO-YAM_220_LGTS","description":"MicrowaveHUAWEI_AC119 YAM_SINZIBO-AC129 YAM_220_LGTS","link_type":"FH","geometry_type":"LineString","vendor":"HUAWEI","folder":"LIEN FH / HUAWEI","color":"#00FF00","width":2.0},"geometry":{"type":"LineString","coordinates":[[-5.2503,6.8532],[-5.2554,6.8208]]}},{"type":"Feature","properties":{"name":"FH_586_YAM_MAMI_ADJOUA-YAM_220_LGTS","description":"MicrowaveHUAWEI_AC121 YAM_MAMI_ADJOUA-AC129 YAM_220_LGTS","link_type":"FH","geometry_type":"LineString","vendor":"HUAWEI","folder":"LIEN FH / HUAWEI","color":"#00FF00","width":2.0},"geometry":{"type":"LineString","coordinates":[[-5.2705,6.8315],[-5.2554,6.8208]]}},{"type":"Feature","properties":{"name":"FH_587_YAM_ENSTP-YAM_INSET","description":"MicrowaveHUAWEI_AC117 YAM_ENSTP-AC118 YAM_INSET","link_type":"FH","geometry_type":"LineString","vendor":"HUAWEI","folder":"LIEN FH / HUAWEI","color":"#00FF00","width":2.0},"geometry":{"type":"LineString","coordinates":[[-5.2397,6.8701],[-5.2268,6.8823]]}},{"type":"Feature","properties":{"name":"FH_588_YAM_ENSTP-YAM_SINZIBO","description":"MicrowaveHUAWEI_AC117 YAM_ENSTP-AC119 YAM_SINZIBO","link_type":"FH","geometry_type":"LineString","vendor":"HUAWEI","folder":"LIEN FH / HUAWEI","color":"#00FF00","width":2.0},"geometry":{"type":"LineString","coordinates":[[-5.2397,6.8701],[-5.2503,6.8532]]}},{"type":"Feature","properties":{"name":"FH_589_KAGBE-BONIKRO","description":"MicrowaveHUAWEI_AC780 KAGBE-AC977 BONIKRO","link_type":"FH","geometry_type":"LineString","vendor":"HUAWEI","folder":"LIEN FH / HUAWEI","color":"#00FF00","width":2.0},"geometry":{"type":"LineString","coordinates":[[-5.33179,6.15588],[-5.379972,6.235889]]}},{"type":"Feature","properties":{"name":"FH_590_BELLE_VILLE-MONOKO_ZOHI","description":"MicrowaveHUAWEI_AC837 BELLE_VILLE-ET132 MONOKO_ZOHI","link_type":"FH","geometry_type":"LineString","vendor":"HUAWEI","folder":"LIEN FH / HUAWEI","color":"#00FF00","width":2.0},"geometry":{"type":"LineString","coordinates":[[-6.848,6.8726],[-6.843682,7.075652]]}},{"type":"Feature","properties":{"name":"FH_591_YAM_DAUPHIN-YAM_BASILIQUE","description":"MicrowaveHUAWEI_AC122 YAM_DAUPHIN-AC123 YAM_BASILIQUE","link_type":"FH","geometry_type":"LineString","vendor":"HUAWEI","folder":"LIEN FH / HUAWEI","color":"#00FF00","width":2.0},"geometry":{"type":"LineString","coordinates":[[-5.276,6.8201],[-5.2913,6.8185]]}},{"type":"Feature","properties":{"name":"FH_592_NDRIKRO-NGUESS_ESSUIKRO","description":"MicrowaveHUAWEI_ET230 NDRIKRO-ET115 NGUESS_ESSUIKRO","link_type":"FH","geometry_type":"LineString","vendor":"HUAWEI","folder":"LIEN FH / HUAWEI","color":"#00FF00","width":2.0},"geometry":{"type":"LineString","coordinates":[[-4.4273018,6.69524856],[-4.302114,6.639108]]}},{"type":"Feature","properties":{"name":"FH_593_NGUESS_ESSUIKRO-NZUEKOKORE","description":"MicrowaveHUAWEI_ET115 NGUESS_ESSUIKRO-ET116 NZUEKOKORE","link_type":"FH","geometry_type":"LineString","vendor":"HUAWEI","folder":"LIEN FH / HUAWEI","color":"#00FF00","width":2.0},"geometry":{"type":"LineString","coordinates":[[-4.302114,6.639108],[-4.2845833,6.57038888]]}},{"type":"Feature","properties":{"name":"FH_594_NGUESS_ESSUIKRO-ASSIE_KOUMASSI","description":"MicrowaveHUAWEI_ET115 NGUESS_ESSUIKRO-ET120 ASSIE_KOUMASSI","link_type":"FH","geometry_type":"LineString","vendor":"HUAWEI","folder":"LIEN FH / HUAWEI","color":"#00FF00","width":2.0},"geometry":{"type":"LineString","coordinates":[[-4.302114,6.639108],[-4.286028,6.769722]]}},{"type":"Feature","properties":{"name":"FH_595_FERKE_SUCAF-FERKE_RESIDENTIEL","description":"MicrowaveHUAWEI_AC436 FERKE_SUCAF-AC936 FERKE_RESIDENTIEL","link_type":"FH","geometry_type":"LineString","vendor":"HUAWEI","folder":"LIEN FH / HUAWEI","color":"#00FF00","width":2.0},"geometry":{"type":"LineString","coordinates":[[-5.2687,9.5176],[-5.20901,9.57878]]}},{"type":"Feature","properties":{"name":"FH_596_MANGOUIN-THE","description":"MicrowaveHUAWEI_ET186 MANGOUIN-ET177 THE","link_type":"FH","geometry_type":"LineString","vendor":"HUAWEI","folder":"LIEN FH / HUAWEI","color":"#00FF00","width":2.0},"geometry":{"type":"LineString","coordinates":[[-7.6041944,7.64213889],[-7.5732,7.67882]]}},{"type":"Feature","properties":{"name":"FH_597_NDRIKRO-KOFFI_AHOUSSOUKRO","description":"MicrowaveHUAWEI_ET230 NDRIKRO-ET296 KOFFI_AHOUSSOUKRO","link_type":"FH","geometry_type":"LineString","vendor":"HUAWEI","folder":"LIEN FH / HUAWEI","color":"#00FF00","width":2.0},"geometry":{"type":"LineString","coordinates":[[-4.4273018,6.69524856],[-4.62605,6.737555]]}},{"type":"Feature","properties":{"name":"FH_598_KPATA-THE","description":"MicrowaveHUAWEI_ET160 KPATA-ET177 THE","link_type":"FH","geometry_type":"LineString","vendor":"HUAWEI","folder":"LIEN FH / HUAWEI","color":"#00FF00","width":2.0},"geometry":{"type":"LineString","coordinates":[[-7.55048,7.71128],[-7.5732,7.67882]]}},{"type":"Feature","properties":{"name":"FH_599_BEFLA-KANZRA","description":"MicrowaveHUAWEI_AC835 BEFLA-ET124 KANZRA","link_type":"FH","geometry_type":"LineString","vendor":"HUAWEI","folder":"LIEN FH / HUAWEI","color":"#00FF00","width":2.0},"geometry":{"type":"LineString","coordinates":[[-6.1375,7.2116],[-6.21722,7.32565]]}},{"type":"Feature","properties":{"name":"FH_600_COVALMAN-MAN_2","description":"MicrowaveHUAWEI_AC219 COVALMAN-AC941 MAN_2","link_type":"FH","geometry_type":"LineString","vendor":"HUAWEI","folder":"LIEN FH / HUAWEI","color":"#00FF00","width":2.0},"geometry":{"type":"LineString","coordinates":[[-7.5775,7.3655],[-7.54718,7.39064]]}},{"type":"Feature","properties":{"name":"FH_601_BANADJE-MORONDO","description":"MicrowaveHUAWEI_ET661 BANADJE-ET278 MORONDO","link_type":"FH","geometry_type":"LineString","vendor":"HUAWEI","folder":"LIEN FH / HUAWEI","color":"#00FF00","width":2.0},"geometry":{"type":"LineString","coordinates":[[-6.74611,8.82135],[-6.788306,8.95475]]}},{"type":"Feature","properties":{"name":"FH_602_BORON-MARABADIASSA","description":"MicrowaveHUAWEI_ET162 BORON-AC217 MARABADIASSA","link_type":"FH","geometry_type":"LineString","vendor":"HUAWEI","folder":"LIEN FH / HUAWEI","color":"#00FF00","width":2.0},"geometry":{"type":"LineString","coordinates":[[-5.4236944,8.05752777],[-5.44239,8.09501]]}},{"type":"Feature","properties":{"name":"FH_603_WALEBO-DJIBAGUI","description":"MicrowaveHUAWEI_AC890 WALEBO-ET127 DJIBAGUI","link_type":"FH","geometry_type":"LineString","vendor":"HUAWEI","folder":"LIEN FH / HUAWEI","color":"#00FF00","width":2.0},"geometry":{"type":"LineString","coordinates":[[-6.834,5.5857],[-6.8719888,5.61460556]]}},{"type":"Feature","properties":{"name":"FH_604_GNABOYA_V4-PTT_OUAGA","description":"MicrowaveHUAWEI_ET126 GNABOYA_V4-ET212 PTT_OUAGA","link_type":"FH","geometry_type":"LineString","vendor":"HUAWEI","folder":"LIEN FH / HUAWEI","color":"#00FF00","width":2.0},"geometry":{"type":"LineString","coordinates":[[-6.931362,6.078919],[-6.8305,6.02111111]]}},{"type":"Feature","properties":{"name":"FH_605_KETRO_BASSAM-PELEZI","description":"MicrowaveHUAWEI_AC857 KETRO_BASSAM-ET133 PELEZI","link_type":"FH","geometry_type":"LineString","vendor":"HUAWEI","folder":"LIEN FH / HUAWEI","color":"#00FF00","width":2.0},"geometry":{"type":"LineString","coordinates":[[-6.6372,7.1808],[-6.802889,7.284944]]}},{"type":"Feature","properties":{"name":"FH_606_DIAFLA-MIGNORE","description":"MicrowaveHUAWEI_AC906 DIAFLA-ET138 MIGNORE","link_type":"FH","geometry_type":"LineString","vendor":"HUAWEI","folder":"LIEN FH / HUAWEI","color":"#00FF00","width":2.0},"geometry":{"type":"LineString","coordinates":[[-6.86436,7.41977],[-6.78877,7.4926]]}},{"type":"Feature","properties":{"name":"FH_607_GARANGO-NDOUFFOUKANKRO","description":"MicrowaveHUAWEI_ET288 GARANGO-ET239 NDOUFFOUKANKRO","link_type":"FH","geometry_type":"LineString","vendor":"HUAWEI","folder":"LIEN FH / HUAWEI","color":"#00FF00","width":2.0},"geometry":{"type":"LineString","coordinates":[[-5.819944,6.962028],[-5.8199722,6.85994444]]}},{"type":"Feature","properties":{"name":"FH_608_ONSEALY_V2-GNABOYA_V4","description":"MicrowaveHUAWEI_ET130 ONSEALY_V2-ET126 GNABOYA_V4","link_type":"FH","geometry_type":"LineString","vendor":"HUAWEI","folder":"LIEN FH / HUAWEI","color":"#00FF00","width":2.0},"geometry":{"type":"LineString","coordinates":[[-7.039669,6.171364],[-6.931362,6.078919]]}},{"type":"Feature","properties":{"name":"FH_609_TCHETALY_V1-ONSEALY_V2","description":"MicrowaveHUAWEI_ET129 TCHETALY_V1-ET130 ONSEALY_V2","link_type":"FH","geometry_type":"LineString","vendor":"HUAWEI","folder":"LIEN FH / HUAWEI","color":"#00FF00","width":2.0},"geometry":{"type":"LineString","coordinates":[[-7.069056,6.180972],[-7.039669,6.171364]]}},{"type":"Feature","properties":{"name":"FH_610_TOBLY_BANGOLO-THANRY_SND","description":"MicrowaveHUAWEI_AC888 TOBLY_BANGOLO-ET163 THANRY_SND","link_type":"FH","geometry_type":"LineString","vendor":"HUAWEI","folder":"LIEN FH / HUAWEI","color":"#00FF00","width":2.0},"geometry":{"type":"LineString","coordinates":[[-7.1899,6.743],[-7.2402256,6.7431345]]}},{"type":"Feature","properties":{"name":"FH_611_ZOUKPANGBEU-ZOUKOUGBEU","description":"MicrowaveHUAWEI_ET140 ZOUKPANGBEU-AC300 ZOUKOUGBEU","link_type":"FH","geometry_type":"LineString","vendor":"HUAWEI","folder":"LIEN FH / HUAWEI","color":"#00FF00","width":2.0},"geometry":{"type":"LineString","coordinates":[[-6.769222,6.797056],[-6.8656,6.7646]]}},{"type":"Feature","properties":{"name":"FH_612_GNABOYA_V4-SAGBOYA_V6","description":"MicrowaveHUAWEI_ET126 GNABOYA_V4-ET213 SAGBOYA_V6","link_type":"FH","geometry_type":"LineString","vendor":"HUAWEI","folder":"LIEN FH / HUAWEI","color":"#00FF00","width":2.0},"geometry":{"type":"LineString","coordinates":[[-6.931362,6.078919],[-6.917239,5.973775]]}},{"type":"Feature","properties":{"name":"FH_613_YAM_BSC-ATTIEGOUAKRO","description":"MicrowaveHUAWEI_AC611 YAM_BSC-ET227 ATTIEGOUAKRO","link_type":"FH","geometry_type":"LineString","vendor":"HUAWEI","folder":"LIEN FH / HUAWEI","color":"#00FF00","width":2.0},"geometry":{"type":"LineString","coordinates":[[-5.2427,6.7939],[-5.11583,6.770276]]}},{"type":"Feature","properties":{"name":"FH_614_DABOUYO-MIANKOU_KOUASSIKRO","description":"MicrowaveHUAWEI_ET185 DABOUYO-ET263 MIANKOU_KOUASSIKRO","link_type":"FH","geometry_type":"LineString","vendor":"HUAWEI","folder":"LIEN FH / HUAWEI","color":"#00FF00","width":2.0},"geometry":{"type":"LineString","coordinates":[[-6.039922,5.543334],[-6.1430555,5.55380555]]}},{"type":"Feature","properties":{"name":"FH_615_BLENIMEOUIN-DIEOUZON","description":"MicrowaveHUAWEI_AC842 BLENIMEOUIN-ET250 DIEOUZON","link_type":"FH","geometry_type":"LineString","vendor":"HUAWEI","folder":"LIEN FH / HUAWEI","color":"#00FF00","width":2.0},"geometry":{"type":"LineString","coordinates":[[-7.1854,7.1434],[-7.3225,7.157778]]}},{"type":"Feature","properties":{"name":"FH_616_NIOROUHIO-DJOUKOUYO","description":"MicrowaveHUAWEI_ET266 NIOROUHIO-ET128 DJOUKOUYO","link_type":"FH","geometry_type":"LineString","vendor":"HUAWEI","folder":"LIEN FH / HUAWEI","color":"#00FF00","width":2.0},"geometry":{"type":"LineString","coordinates":[[-6.126028,5.77],[-5.9607777,5.82761111]]}},{"type":"Feature","properties":{"name":"FH_617_DIMBOKRO-KOFFI_AHOUSSOUKRO","description":"MicrowaveHUAWEI_AC188 DIMBOKRO-ET296 KOFFI_AHOUSSOUKRO","link_type":"FH","geometry_type":"LineString","vendor":"HUAWEI","folder":"LIEN FH / HUAWEI","color":"#00FF00","width":2.0},"geometry":{"type":"LineString","coordinates":[[-4.7061,6.6489],[-4.62605,6.737555]]}},{"type":"Feature","properties":{"name":"FH_618_GAGNOA_SOKOURADJAN-KPAPEKOU","description":"MicrowaveHUAWEI_AC147 GAGNOA_SOKOURADJAN-ET281 KPAPEKOU","link_type":"FH","geometry_type":"LineString","vendor":"HUAWEI","folder":"LIEN FH / HUAWEI","color":"#00FF00","width":2.0},"geometry":{"type":"LineString","coordinates":[[-5.9642,6.1466],[-5.944983,6.238899]]}},{"type":"Feature","properties":{"name":"FH_619_AKA_NGUESSANKRO-PAKOUABO","description":"MicrowaveHUAWEI_AC834 AKA_NGUESSANKRO-ET240 PAKOUABO","link_type":"FH","geometry_type":"LineString","vendor":"HUAWEI","folder":"LIEN FH / HUAWEI","color":"#00FF00","width":2.0},"geometry":{"type":"LineString","coordinates":[[-5.7402,7.1418],[-5.786194,7.17025]]}},{"type":"Feature","properties":{"name":"FH_620_BAHE_SEBON-GUEYEBLY","description":"MicrowaveHUAWEI_AC829 BAHE_SEBON-ET262 GUEYEBLY","link_type":"FH","geometry_type":"LineString","vendor":"HUAWEI","folder":"LIEN FH / HUAWEI","color":"#00FF00","width":2.0},"geometry":{"type":"LineString","coordinates":[[-7.3998,6.9584],[-7.433083,6.89125]]}},{"type":"Feature","properties":{"name":"FH_621_PEHE-DOKE","description":"MicrowaveHUAWEI_ET283 PEHE-ET234 DOKE","link_type":"FH","geometry_type":"LineString","vendor":"HUAWEI","folder":"LIEN FH / HUAWEI","color":"#00FF00","width":2.0},"geometry":{"type":"LineString","coordinates":[[-8.307783,6.5695],[-8.121252,6.596276]]}},{"type":"Feature","properties":{"name":"FH_622_ZRALOUO-VOUEBOUFLA","description":"MicrowaveHUAWEI_AC869 ZRALOUO-ET303 VOUEBOUFLA","link_type":"FH","geometry_type":"LineString","vendor":"HUAWEI","folder":"LIEN FH / HUAWEI","color":"#00FF00","width":2.0},"geometry":{"type":"LineString","coordinates":[[-5.8898,7.5722],[-5.949611,7.624361]]}},{"type":"Feature","properties":{"name":"FH_623_BLODY-FENGOLO","description":"MicrowaveHUAWEI_AC843 BLODY-ET164 FENGOLO","link_type":"FH","geometry_type":"LineString","vendor":"HUAWEI","folder":"LIEN FH / HUAWEI","color":"#00FF00","width":2.0},"geometry":{"type":"LineString","coordinates":[[-7.2963,6.7933],[-7.397694,6.787362]]}},{"type":"Feature","properties":{"name":"FH_624_YOPOHUE-ZADDI","description":"MicrowaveHUAWEI_ET282 YOPOHUE-ET249 ZADDI","link_type":"FH","geometry_type":"LineString","vendor":"HUAWEI","folder":"LIEN FH / HUAWEI","color":"#00FF00","width":2.0},"geometry":{"type":"LineString","coordinates":[[-5.829425,6.396683],[-5.733056,6.331944]]}},{"type":"Feature","properties":{"name":"FH_625_YOPOHUE-NIEKEIDE","description":"MicrowaveHUAWEI_ET282 YOPOHUE-AC872 NIEKEIDE","link_type":"FH","geometry_type":"LineString","vendor":"HUAWEI","folder":"LIEN FH / HUAWEI","color":"#00FF00","width":2.0},"geometry":{"type":"LineString","coordinates":[[-5.829425,6.396683],[-5.9982,6.464]]}},{"type":"Feature","properties":{"name":"FH_626_TOUMODI_SAKASSOU-ANDO_KEKRENOU","description":"MicrowaveHUAWEI_ET117 TOUMODI_SAKASSOU-ET222 ANDO_KEKRENOU","link_type":"FH","geometry_type":"LineString","vendor":"HUAWEI","folder":"LIEN FH / HUAWEI","color":"#00FF00","width":2.0},"geometry":{"type":"LineString","coordinates":[[-5.565417,7.399],[-5.577167,7.507083]]}},{"type":"Feature","properties":{"name":"FH_627_AKA_NGUESSANKRO-TOUMODI_SAKASSOU","description":"MicrowaveHUAWEI_AC834 AKA_NGUESSANKRO-ET117 TOUMODI_SAKASSOU","link_type":"FH","geometry_type":"LineString","vendor":"HUAWEI","folder":"LIEN FH / HUAWEI","color":"#00FF00","width":2.0},"geometry":{"type":"LineString","coordinates":[[-5.7402,7.1418],[-5.565417,7.399]]}},{"type":"Feature","properties":{"name":"FH_628_GBOGUHE-DIGBAPIA","description":"MicrowaveHUAWEI_ET131 GBOGUHE-AC450 DIGBAPIA","link_type":"FH","geometry_type":"LineString","vendor":"HUAWEI","folder":"LIEN FH / HUAWEI","color":"#00FF00","width":2.0},"geometry":{"type":"LineString","coordinates":[[-6.58535,6.75474],[-6.6261,6.8322]]}},{"type":"Feature","properties":{"name":"FH_629_AKAKRO-ANGONDA","description":"MicrowaveHUAWEI_AC825 AKAKRO-ET223 ANGONDA","link_type":"FH","geometry_type":"LineString","vendor":"HUAWEI","folder":"LIEN FH / HUAWEI","color":"#00FF00","width":2.0},"geometry":{"type":"LineString","coordinates":[[-5.1036,6.6459],[-5.014667,6.664417]]}},{"type":"Feature","properties":{"name":"FH_630_KOBLATA-KOUDOUGOU","description":"MicrowaveHUAWEI_AC937 KOBLATA-AC859 KOUDOUGOU","link_type":"FH","geometry_type":"LineString","vendor":"HUAWEI","folder":"LIEN FH / HUAWEI","color":"#00FF00","width":2.0},"geometry":{"type":"LineString","coordinates":[[-5.73548,6.98147],[-5.6721,6.932]]}},{"type":"Feature","properties":{"name":"FH_631_TOBLY_BANGOLO-BLODY","description":"MicrowaveHUAWEI_AC888 TOBLY_BANGOLO-AC843 BLODY","link_type":"FH","geometry_type":"LineString","vendor":"HUAWEI","folder":"LIEN FH / HUAWEI","color":"#00FF00","width":2.0},"geometry":{"type":"LineString","coordinates":[[-7.1899,6.743],[-7.2963,6.7933]]}},{"type":"Feature","properties":{"name":"FH_632_BAONFLA-KONONFLA","description":"MicrowaveHUAWEI_AC832 BAONFLA-AC903 KONONFLA","link_type":"FH","geometry_type":"LineString","vendor":"HUAWEI","folder":"LIEN FH / HUAWEI","color":"#00FF00","width":2.0},"geometry":{"type":"LineString","coordinates":[[-5.4989,6.8327],[-5.60721,6.65118]]}},{"type":"Feature","properties":{"name":"FH_633_BAONFLA-KOUDOUGOU","description":"MicrowaveHUAWEI_AC832 BAONFLA-AC859 KOUDOUGOU","link_type":"FH","geometry_type":"LineString","vendor":"HUAWEI","folder":"LIEN FH / HUAWEI","color":"#00FF00","width":2.0},"geometry":{"type":"LineString","coordinates":[[-5.4989,6.8327],[-5.6721,6.932]]}},{"type":"Feature","properties":{"name":"FH_634_YAM_220_LGTS-YAM_BSC","description":"MicrowaveHUAWEI_AC129 YAM_220_LGTS-AC611 YAM_BSC","link_type":"FH","geometry_type":"LineString","vendor":"HUAWEI","folder":"LIEN FH / HUAWEI","color":"#00FF00","width":2.0},"geometry":{"type":"LineString","coordinates":[[-5.2554,6.8208],[-5.2427,6.7939]]}},{"type":"Feature","properties":{"name":"FH_635_NDOUKAHAKRO-YAM_BSC","description":"MicrowaveHUAWEI_AC475 NDOUKAHAKRO-AC611 YAM_BSC","link_type":"FH","geometry_type":"LineString","vendor":"HUAWEI","folder":"LIEN FH / HUAWEI","color":"#00FF00","width":2.0},"geometry":{"type":"LineString","coordinates":[[-5.1474,6.6864],[-5.2427,6.7939]]}},{"type":"Feature","properties":{"name":"FH_636_BKE_NGATTAKRO-KONGODEKRO","description":"MicrowaveHUAWEI_AC244 BKE_NGATTAKRO-ET304 KONGODEKRO","link_type":"FH","geometry_type":"LineString","vendor":"HUAWEI","folder":"LIEN FH / HUAWEI","color":"#00FF00","width":2.0},"geometry":{"type":"LineString","coordinates":[[-5.0254,7.6503],[-5.036625,7.62815277]]}},{"type":"Feature","properties":{"name":"FH_637_ZAGNE-KEIBLY","description":"MicrowaveHUAWEI_AC586 ZAGNE-AC856 KEIBLY","link_type":"FH","geometry_type":"LineString","vendor":"HUAWEI","folder":"LIEN FH / HUAWEI","color":"#00FF00","width":2.0},"geometry":{"type":"LineString","coordinates":[[-7.4972,6.202],[-7.4732,5.9921]]}},{"type":"Feature","properties":{"name":"FH_638_BAHE_SEBON-KAHEN_ZARABAON","description":"MicrowaveHUAWEI_AC829 BAHE_SEBON-AC854 KAHEN_ZARABAON","link_type":"FH","geometry_type":"LineString","vendor":"HUAWEI","folder":"LIEN FH / HUAWEI","color":"#00FF00","width":2.0},"geometry":{"type":"LineString","coordinates":[[-7.3998,6.9584],[-7.6332,6.9171]]}},{"type":"Feature","properties":{"name":"FH_639_BAHE_SEBON-BLODY","description":"MicrowaveHUAWEI_AC829 BAHE_SEBON-AC843 BLODY","link_type":"FH","geometry_type":"LineString","vendor":"HUAWEI","folder":"LIEN FH / HUAWEI","color":"#00FF00","width":2.0},"geometry":{"type":"LineString","coordinates":[[-7.3998,6.9584],[-7.2963,6.7933]]}},{"type":"Feature","properties":{"name":"FH_640_DUEKOUE-BLODY","description":"MicrowaveHUAWEI_AC206 DUEKOUE-AC843 BLODY","link_type":"FH","geometry_type":"LineString","vendor":"HUAWEI","folder":"LIEN FH / HUAWEI","color":"#00FF00","width":2.0},"geometry":{"type":"LineString","coordinates":[[-7.3398,6.7419],[-7.2963,6.7933]]}},{"type":"Feature","properties":{"name":"FH_641_ZAGNE-CHC","description":"MicrowaveHUAWEI_AC586 ZAGNE-AC590 CHC","link_type":"FH","geometry_type":"LineString","vendor":"HUAWEI","folder":"LIEN FH / HUAWEI","color":"#00FF00","width":2.0},"geometry":{"type":"LineString","coordinates":[[-7.4972,6.202],[-7.6821,6.186]]}},{"type":"Feature","properties":{"name":"FH_642_YAM_KOKRENOU-YAM_220_LGTS","description":"MicrowaveHUAWEI_AC125 YAM_KOKRENOU-AC129 YAM_220_LGTS","link_type":"FH","geometry_type":"LineString","vendor":"HUAWEI","folder":"LIEN FH / HUAWEI","color":"#00FF00","width":2.0},"geometry":{"type":"LineString","coordinates":[[-5.2762,6.7842],[-5.2554,6.8208]]}},{"type":"Feature","properties":{"name":"FH_643_DAOUKRO-DAOUKRO_PAIX","description":"MicrowaveHUAWEI_AC185 DAOUKRO-AC518 DAOUKRO_PAIX","link_type":"FH","geometry_type":"LineString","vendor":"HUAWEI","folder":"LIEN FH / HUAWEI","color":"#00FF00","width":2.0},"geometry":{"type":"LineString","coordinates":[[-3.9672,7.055],[-3.9824,7.0632]]}},{"type":"Feature","properties":{"name":"FH_644_FERKESSEDOUGOU-FERKE_RESIDENTIEL2","description":"MicrowaveHUAWEI_AC252 FERKESSEDOUGOU-AC942 FERKE_RESIDENTIEL2","link_type":"FH","geometry_type":"LineString","vendor":"HUAWEI","folder":"LIEN FH / HUAWEI","color":"#00FF00","width":2.0},"geometry":{"type":"LineString","coordinates":[[-5.1876,9.5918],[-5.18509,9.61507]]}},{"type":"Feature","properties":{"name":"FH_645_GAGNOA_NV_QUARTIER-GAGNOA_SOKOURADJAN","description":"MicrowaveHUAWEI_AC146 GAGNOA_NV_QUARTIER-AC147 GAGNOA_SOKOURADJAN","link_type":"FH","geometry_type":"LineString","vendor":"HUAWEI","folder":"LIEN FH / HUAWEI","color":"#00FF00","width":2.0},"geometry":{"type":"LineString","coordinates":[[-5.946,6.154],[-5.9642,6.1466]]}},{"type":"Feature","properties":{"name":"FH_646_GAGNOA_CIT-GAGNOA_SOKOURADJAN","description":"MicrowaveHUAWEI_AC144 GAGNOA_CIT-AC147 GAGNOA_SOKOURADJAN","link_type":"FH","geometry_type":"LineString","vendor":"HUAWEI","folder":"LIEN FH / HUAWEI","color":"#00FF00","width":2.0},"geometry":{"type":"LineString","coordinates":[[-5.943,6.1297],[-5.9642,6.1466]]}},{"type":"Feature","properties":{"name":"FH_647_GAGNOA_GARAGE-GAGNOA_SOKOURADJAN","description":"MicrowaveHUAWEI_AC143 GAGNOA_GARAGE-AC147 GAGNOA_SOKOURADJAN","link_type":"FH","geometry_type":"LineString","vendor":"HUAWEI","folder":"LIEN FH / HUAWEI","color":"#00FF00","width":2.0},"geometry":{"type":"LineString","coordinates":[[-5.963,6.1279],[-5.9642,6.1466]]}},{"type":"Feature","properties":{"name":"FH_648_GAGNOA_CIT-GAGNOA_GARAHIO","description":"MicrowaveHUAWEI_AC144 GAGNOA_CIT-AC145 GAGNOA_GARAHIO","link_type":"FH","geometry_type":"LineString","vendor":"HUAWEI","folder":"LIEN FH / HUAWEI","color":"#00FF00","width":2.0},"geometry":{"type":"LineString","coordinates":[[-5.943,6.1297],[-5.9297,6.1116]]}},{"type":"Feature","properties":{"name":"FH_649_GAGNOA_CIB-GAGNOA_GARAGE","description":"MicrowaveHUAWEI_AC142 GAGNOA_CIB-AC143 GAGNOA_GARAGE","link_type":"FH","geometry_type":"LineString","vendor":"HUAWEI","folder":"LIEN FH / HUAWEI","color":"#00FF00","width":2.0},"geometry":{"type":"LineString","coordinates":[[-5.9864,6.1149],[-5.963,6.1279]]}},{"type":"Feature","properties":{"name":"FH_650_DAL_BSC-DAL_KHALIL","description":"MicrowaveHUAWEI_AC904 DAL_BSC-AC138 DAL_KHALIL","link_type":"FH","geometry_type":"LineString","vendor":"HUAWEI","folder":"LIEN FH / HUAWEI","color":"#00FF00","width":2.0},"geometry":{"type":"LineString","coordinates":[[-6.429886,6.880981],[-6.4529,6.9056]]}},{"type":"Feature","properties":{"name":"FH_651_DAL_KHALIL-DAL_KENEDY","description":"MicrowaveHUAWEI_AC138 DAL_KHALIL-AC134 DAL_KENEDY","link_type":"FH","geometry_type":"LineString","vendor":"HUAWEI","folder":"LIEN FH / HUAWEI","color":"#00FF00","width":2.0},"geometry":{"type":"LineString","coordinates":[[-6.4529,6.9056],[-6.4711,6.8886]]}},{"type":"Feature","properties":{"name":"FH_652_BKE_BOPHOR-BKE_TOLLAKOUADIOKRO","description":"MicrowaveHUAWEI_AC429 BKE_BOPHOR-AC605 BKE_TOLLAKOUADIOKRO","link_type":"FH","geometry_type":"LineString","vendor":"HUAWEI","folder":"LIEN FH / HUAWEI","color":"#00FF00","width":2.0},"geometry":{"type":"LineString","coordinates":[[-5.0428,7.7156],[-5.0442,7.7262]]}},{"type":"Feature","properties":{"name":"FH_653_BKE_DJEZOU-BKE_SECRETARIAT_FN","description":"MicrowaveHUAWEI_AC240 BKE_DJEZOU-AC599 BKE_SECRETARIAT_FN","link_type":"FH","geometry_type":"LineString","vendor":"HUAWEI","folder":"LIEN FH / HUAWEI","color":"#00FF00","width":2.0},"geometry":{"type":"LineString","coordinates":[[-5.0544,7.7058],[-5.0412,7.7061]]}},{"type":"Feature","properties":{"name":"FH_654_DIMBOKRO-DIMBOKRO_UTEXI","description":"MicrowaveHUAWEI_AC188 DIMBOKRO-AC189 DIMBOKRO_UTEXI","link_type":"FH","geometry_type":"LineString","vendor":"HUAWEI","folder":"LIEN FH / HUAWEI","color":"#00FF00","width":2.0},"geometry":{"type":"LineString","coordinates":[[-4.7061,6.6489],[-4.7279,6.6581]]}},{"type":"Feature","properties":{"name":"FH_655_YAM_FONDATION-YAM_BSC","description":"MicrowaveHUAWEI_AC126 YAM_FONDATION-AC611 YAM_BSC","link_type":"FH","geometry_type":"LineString","vendor":"HUAWEI","folder":"LIEN FH / HUAWEI","color":"#00FF00","width":2.0},"geometry":{"type":"LineString","coordinates":[[-5.2616,6.7921],[-5.2427,6.7939]]}},{"type":"Feature","properties":{"name":"FH_656_YAM_220_LGTS-YAM_ATTOUNGBLAN","description":"MicrowaveHUAWEI_AC129 YAM_220_LGTS-AC130 YAM_ATTOUNGBLAN","link_type":"FH","geometry_type":"LineString","vendor":"HUAWEI","folder":"LIEN FH / HUAWEI","color":"#00FF00","width":2.0},"geometry":{"type":"LineString","coordinates":[[-5.2554,6.8208],[-5.2473,6.8047]]}},{"type":"Feature","properties":{"name":"FH_657_YAM_DAUPHIN-YAM_220_LGTS","description":"MicrowaveHUAWEI_AC122 YAM_DAUPHIN-AC129 YAM_220_LGTS","link_type":"FH","geometry_type":"LineString","vendor":"HUAWEI","folder":"LIEN FH / HUAWEI","color":"#00FF00","width":2.0},"geometry":{"type":"LineString","coordinates":[[-5.276,6.8201],[-5.2554,6.8208]]}},{"type":"Feature","properties":{"name":"FH_658_YAM_DIOULAKRO-YAM_KOKRENOU","description":"MicrowaveHUAWEI_AC124 YAM_DIOULAKRO-AC125 YAM_KOKRENOU","link_type":"FH","geometry_type":"LineString","vendor":"HUAWEI","folder":"LIEN FH / HUAWEI","color":"#00FF00","width":2.0},"geometry":{"type":"LineString","coordinates":[[-5.2744,6.8022],[-5.2762,6.7842]]}},{"type":"Feature","properties":{"name":"FH_659_BKE_TOUR-BKE_SOKOURA","description":"MicrowaveHUAWEI_AC233 BKE_TOUR-AC600 BKE_SOKOURA","link_type":"FH","geometry_type":"LineString","vendor":"HUAWEI","folder":"LIEN FH / HUAWEI","color":"#00FF00","width":2.0},"geometry":{"type":"LineString","coordinates":[[-5.0289,7.6884],[-5.0179,7.6928]]}},{"type":"Feature","properties":{"name":"FH_660_BKE_DJAMOUROU-BKE_CARREFOUR_ATTO","description":"MicrowaveHUAWEI_AC239 BKE_DJAMOUROU-AC603 BKE_CARREFOUR_ATTO","link_type":"FH","geometry_type":"LineString","vendor":"HUAWEI","folder":"LIEN FH / HUAWEI","color":"#00FF00","width":2.0},"geometry":{"type":"LineString","coordinates":[[-5.0275,7.7072],[-5.0327,7.7149]]}},{"type":"Feature","properties":{"name":"FH_661_BKE_BELVIL2-BKE_DARESALAM","description":"MicrowaveHUAWEI_AC238 BKE_BELVIL2-AC241 BKE_DARESALAM","link_type":"FH","geometry_type":"LineString","vendor":"HUAWEI","folder":"LIEN FH / HUAWEI","color":"#00FF00","width":2.0},"geometry":{"type":"LineString","coordinates":[[-5.0074,7.7001],[-5.0152,7.7328]]}},{"type":"Feature","properties":{"name":"FH_662_BKE_KENNEDY-BKE_BELVIL2","description":"MicrowaveHUAWEI_AC237 BKE_KENNEDY-AC238 BKE_BELVIL2","link_type":"FH","geometry_type":"LineString","vendor":"HUAWEI","folder":"LIEN FH / HUAWEI","color":"#00FF00","width":2.0},"geometry":{"type":"LineString","coordinates":[[-5.0055,7.6833],[-5.0074,7.7001]]}},{"type":"Feature","properties":{"name":"FH_663_GRACES-CASA","description":"0","link_type":"FH","geometry_type":"LineString","vendor":"ERICSSON","folder":"LIEN FH / ERICSSON","color":"#0000FF","width":3.0},"geometry":{"type":"LineString","coordinates":[[-4.00676,5.36905],[-4.0001,5.3665]]}},{"type":"Feature","properties":{"name":"FH_664_SELMER-ASSONVON","description":"0","link_type":"FH","geometry_type":"LineString","vendor":"ERICSSON","folder":"LIEN FH / ERICSSON","color":"#0000FF","width":3.0},"geometry":{"type":"LineString","coordinates":[[-4.0634679,5.33933646],[-4.0663,5.3327]]}},{"type":"Feature","properties":{"name":"FH_665_SELMER-YOP_MAIRIE","description":"0","link_type":"FH","geometry_type":"LineString","vendor":"ERICSSON","folder":"LIEN FH / ERICSSON","color":"#0000FF","width":3.0},"geometry":{"type":"LineString","coordinates":[[-4.0634679,5.33933646],[-4.0671739,5.34289375]]}},{"type":"Feature","properties":{"name":"FH_666_GESCO-YATSEKOI","description":"0","link_type":"FH","geometry_type":"LineString","vendor":"ERICSSON","folder":"LIEN FH / ERICSSON","color":"#0000FF","width":3.0},"geometry":{"type":"LineString","coordinates":[[-4.1083373,5.36545102],[-4.097,5.37117]]}},{"type":"Feature","properties":{"name":"FH_667_MARC_AVICENNE-BLOKOSSO","description":"0","link_type":"FH","geometry_type":"LineString","vendor":"ERICSSON","folder":"LIEN FH / ERICSSON","color":"#0000FF","width":3.0},"geometry":{"type":"LineString","coordinates":[[-3.99642,5.31668],[-4.0021308,5.32291409]]}},{"type":"Feature","properties":{"name":"FH_668_ANYAMA-STADE OLYMPIQUE","description":"0","link_type":"FH","geometry_type":"LineString","vendor":"ERICSSON","folder":"LIEN FH / ERICSSON","color":"#0000FF","width":3.0},"geometry":{"type":"LineString","coordinates":[[-4.0548144,5.47527046],[-4.06946,5.47615]]}},{"type":"Feature","properties":{"name":"FH_669_ANYAMA-ANYAMA_MANGUIER","description":"0","link_type":"FH","geometry_type":"LineString","vendor":"ERICSSON","folder":"LIEN FH / ERICSSON","color":"#0000FF","width":3.0},"geometry":{"type":"LineString","coordinates":[[-4.0548144,5.47527046],[-4.042514,5.478491]]}},{"type":"Feature","properties":{"name":"FH_670_CAMP_MILITAIRE-SINGA","description":"0","link_type":"FH","geometry_type":"LineString","vendor":"ERICSSON","folder":"LIEN FH / ERICSSON","color":"#0000FF","width":3.0},"geometry":{"type":"LineString","coordinates":[[-4.059722,5.31778],[-4.0602803,5.32236451]]}},{"type":"Feature","properties":{"name":"FH_671_NOTRE_DAME_BIETRY-BIETRY","description":"0","link_type":"FH","geometry_type":"LineString","vendor":"ERICSSON","folder":"LIEN FH / ERICSSON","color":"#0000FF","width":3.0},"geometry":{"type":"LineString","coordinates":[[-3.97183,5.27258],[-3.9745196,5.27842865]]}},{"type":"Feature","properties":{"name":"FH_672_KENEDY-PHARM_KENEDY","description":"0","link_type":"FH","geometry_type":"LineString","vendor":"ERICSSON","folder":"LIEN FH / ERICSSON","color":"#0000FF","width":3.0},"geometry":{"type":"LineString","coordinates":[[-4.0001515,5.42612251],[-4.0035982,5.42005656]]}},{"type":"Feature","properties":{"name":"FH_673_AKRESSI-KOFFIKRO_AFFEMA","description":"0","link_type":"FH","geometry_type":"LineString","vendor":"ERICSSON","folder":"LIEN FH / ERICSSON","color":"#0000FF","width":3.0},"geometry":{"type":"LineString","coordinates":[[-3.072167,5.664889],[-2.97842,5.57926]]}},{"type":"Feature","properties":{"name":"FH_674_BONGO_VILLAGE-NZIKRO","description":"0","link_type":"FH","geometry_type":"LineString","vendor":"ERICSSON","folder":"LIEN FH / ERICSSON","color":"#0000FF","width":3.0},"geometry":{"type":"LineString","coordinates":[[-3.55146,5.5104],[-3.40521,5.39312]]}},{"type":"Feature","properties":{"name":"FH_675_BONGO_VILLAGE-ABOISSO_COMOE","description":"0","link_type":"FH","geometry_type":"LineString","vendor":"ERICSSON","folder":"LIEN FH / ERICSSON","color":"#0000FF","width":3.0},"geometry":{"type":"LineString","coordinates":[[-3.55146,5.5104],[-3.39638,5.73627]]}},{"type":"Feature","properties":{"name":"FH_676_ANADOR-AMAKEBOU","description":"0","link_type":"FH","geometry_type":"LineString","vendor":"ERICSSON","folder":"LIEN FH / ERICSSON","color":"#0000FF","width":3.0},"geometry":{"type":"LineString","coordinates":[[-4.0172489,5.41175751],[-4.0151085,5.42171975]]}},{"type":"Feature","properties":{"name":"FH_677_CHATEAU-BACI Abengourou","description":"0","link_type":"FH","geometry_type":"LineString","vendor":"ERICSSON","folder":"LIEN FH / ERICSSON","color":"#0000FF","width":3.0},"geometry":{"type":"LineString","coordinates":[[-3.4983295,6.72748042],[-3.487596,6.730064]]}},{"type":"Feature","properties":{"name":"FH_678_SOLBENI-BEVERLY","description":"0","link_type":"FH","geometry_type":"LineString","vendor":"ERICSSON","folder":"LIEN FH / ERICSSON","color":"#0000FF","width":3.0},"geometry":{"type":"LineString","coordinates":[[-3.9581841,5.32917097],[-3.9450847,5.33166965]]}},{"type":"Feature","properties":{"name":"FH_679_DOKUI_COLOMBE-SAGBE","description":"0","link_type":"FH","geometry_type":"LineString","vendor":"ERICSSON","folder":"LIEN FH / ERICSSON","color":"#0000FF","width":3.0},"geometry":{"type":"LineString","coordinates":[[-4.0021,5.3919],[-4.0308882,5.41833735]]}},{"type":"Feature","properties":{"name":"FH_680_PARIS_VILLAGE-FEKESSE","description":"0","link_type":"FH","geometry_type":"LineString","vendor":"ERICSSON","folder":"LIEN FH / ERICSSON","color":"#0000FF","width":3.0},"geometry":{"type":"LineString","coordinates":[[-3.9052,5.3602],[-3.9105025,5.37380098]]}},{"type":"Feature","properties":{"name":"FH_681_ANANGUIE_ADZOPE-MOAPE","description":"0","link_type":"FH","geometry_type":"LineString","vendor":"ERICSSON","folder":"LIEN FH / ERICSSON","color":"#0000FF","width":3.0},"geometry":{"type":"LineString","coordinates":[[-3.76437,6.22523],[-3.8078017,6.19259974]]}},{"type":"Feature","properties":{"name":"FH_682_CITE_PORT-MARC_ANADER","description":"0","link_type":"FH","geometry_type":"LineString","vendor":"ERICSSON","folder":"LIEN FH / ERICSSON","color":"#0000FF","width":3.0},"geometry":{"type":"LineString","coordinates":[[-4.00509,5.2877],[-3.991722,5.29211395]]}},{"type":"Feature","properties":{"name":"FH_683_STBENOIT-PRODOMO","description":"0","link_type":"FH","geometry_type":"LineString","vendor":"ERICSSON","folder":"LIEN FH / ERICSSON","color":"#0000FF","width":3.0},"geometry":{"type":"LineString","coordinates":[[-3.95355,5.30368],[-3.9471921,5.30522696]]}},{"type":"Feature","properties":{"name":"FH_684_TREICH_CHU-CITE_PORT","description":"0","link_type":"FH","geometry_type":"LineString","vendor":"ERICSSON","folder":"LIEN FH / ERICSSON","color":"#0000FF","width":3.0},"geometry":{"type":"LineString","coordinates":[[-4.0075555,5.29352777],[-4.00509,5.2877]]}},{"type":"Feature","properties":{"name":"FH_685_GUINDE-TANDA","description":"0","link_type":"FH","geometry_type":"LineString","vendor":"ERICSSON","folder":"LIEN FH / ERICSSON","color":"#0000FF","width":3.0},"geometry":{"type":"LineString","coordinates":[[-3.08696,7.85043],[-3.1708065,7.79610626]]}},{"type":"Feature","properties":{"name":"FH_686_COPRIM-YOP_FANNY","description":"0","link_type":"FH","geometry_type":"LineString","vendor":"ERICSSON","folder":"LIEN FH / ERICSSON","color":"#0000FF","width":3.0},"geometry":{"type":"LineString","coordinates":[[-4.0962784,5.32354971],[-4.10489,5.326226]]}},{"type":"Feature","properties":{"name":"FH_687_LUBAF-MARCHE_MAROC","description":"0","link_type":"FH","geometry_type":"LineString","vendor":"ERICSSON","folder":"LIEN FH / ERICSSON","color":"#0000FF","width":3.0},"geometry":{"type":"LineString","coordinates":[[-4.1049465,5.33152989],[-4.10514,5.33892]]}},{"type":"Feature","properties":{"name":"FH_688_KANGUELE-TAMBI","description":"0","link_type":"FH","geometry_type":"LineString","vendor":"ERICSSON","folder":"LIEN FH / ERICSSON","color":"#0000FF","width":3.0},"geometry":{"type":"LineString","coordinates":[[-2.7149991,8.11659798],[-2.5702222,8.22638888]]}},{"type":"Feature","properties":{"name":"FH_689_GALAXY-ARRAS","description":"0","link_type":"FH","geometry_type":"LineString","vendor":"ERICSSON","folder":"LIEN FH / ERICSSON","color":"#0000FF","width":3.0},"geometry":{"type":"LineString","coordinates":[[-4.0102192,5.30806685],[-4.0018525,5.30143227]]}},{"type":"Feature","properties":{"name":"FH_690_GALAXY-PALAIS_CULTURE","description":"0","link_type":"FH","geometry_type":"LineString","vendor":"ERICSSON","folder":"LIEN FH / ERICSSON","color":"#0000FF","width":3.0},"geometry":{"type":"LineString","coordinates":[[-4.0102192,5.30806685],[-4.012218,5.310614]]}},{"type":"Feature","properties":{"name":"FH_691_GESTOCI-COMAF","description":"0","link_type":"FH","geometry_type":"LineString","vendor":"ERICSSON","folder":"LIEN FH / ERICSSON","color":"#0000FF","width":3.0},"geometry":{"type":"LineString","coordinates":[[-3.9985356,5.26438856],[-4.0080843,5.27689168]]}},{"type":"Feature","properties":{"name":"FH_692_GESTOCI-PUMA_ENERGY","description":"0","link_type":"FH","geometry_type":"LineString","vendor":"ERICSSON","folder":"LIEN FH / ERICSSON","color":"#0000FF","width":3.0},"geometry":{"type":"LineString","coordinates":[[-3.9985356,5.26438856],[-4.012323,5.265649]]}},{"type":"Feature","properties":{"name":"FH_693_GESTOCI-SIB BVLDMarseille","description":"0","link_type":"FH","geometry_type":"LineString","vendor":"ERICSSON","folder":"LIEN FH / ERICSSON","color":"#0000FF","width":3.0},"geometry":{"type":"LineString","coordinates":[[-3.9985356,5.26438856],[-3.984944,5.28454]]}},{"type":"Feature","properties":{"name":"FH_694_NOUVEAU_QUARTIER-TT_ROUGE","description":"0","link_type":"FH","geometry_type":"LineString","vendor":"ERICSSON","folder":"LIEN FH / ERICSSON","color":"#0000FF","width":3.0},"geometry":{"type":"LineString","coordinates":[[-4.0463288,5.33803628],[-4.049387,5.33210657]]}},{"type":"Feature","properties":{"name":"FH_695_GRABO-GBAPET","description":"0","link_type":"FH","geometry_type":"LineString","vendor":"ERICSSON","folder":"LIEN FH / ERICSSON","color":"#0000FF","width":3.0},"geometry":{"type":"LineString","coordinates":[[-7.498,4.9262],[-7.49128,4.9767]]}},{"type":"Feature","properties":{"name":"FH_696_MAFERE-MOUYASSUE","description":"0","link_type":"FH","geometry_type":"LineString","vendor":"ERICSSON","folder":"LIEN FH / ERICSSON","color":"#0000FF","width":3.0},"geometry":{"type":"LineString","coordinates":[[-3.0262227,5.415804],[-3.095639,5.370556]]}},{"type":"Feature","properties":{"name":"FH_697_BEBOU-ZARANOU","description":"0","link_type":"FH","geometry_type":"LineString","vendor":"ERICSSON","folder":"LIEN FH / ERICSSON","color":"#0000FF","width":3.0},"geometry":{"type":"LineString","coordinates":[[-3.41405,6.3664],[-3.3589957,6.42829925]]}},{"type":"Feature","properties":{"name":"FH_698_PHANIE-AKLOMIAMBLA","description":"0","link_type":"FH","geometry_type":"LineString","vendor":"ERICSSON","folder":"LIEN FH / ERICSSON","color":"#0000FF","width":3.0},"geometry":{"type":"LineString","coordinates":[[-3.948367,5.31230764],[-3.9451,5.30525]]}},{"type":"Feature","properties":{"name":"FH_699_CAR_JACQUEVIL-NDJEM","description":"0","link_type":"FH","geometry_type":"LineString","vendor":"ERICSSON","folder":"LIEN FH / ERICSSON","color":"#0000FF","width":3.0},"geometry":{"type":"LineString","coordinates":[[-4.2518522,5.33193583],[-4.2379611,5.26621389]]}},{"type":"Feature","properties":{"name":"FH_700_KOUN ABRONZO-IGUELA","description":"0","link_type":"FH","geometry_type":"LineString","vendor":"ERICSSON","folder":"LIEN FH / ERICSSON","color":"#0000FF","width":3.0},"geometry":{"type":"LineString","coordinates":[[-3.2888859,7.53722085],[-3.21718,7.67001]]}},{"type":"Feature","properties":{"name":"FH_701_POLICE-BGFI SITE SECOURS","description":"0","link_type":"FH","geometry_type":"LineString","vendor":"ERICSSON","folder":"LIEN FH / ERICSSON","color":"#0000FF","width":3.0},"geometry":{"type":"LineString","coordinates":[[-3.9906139,5.35527831],[-3.990393,5.358332]]}},{"type":"Feature","properties":{"name":"FH_702_MICRO_MAERSK-CITE_PORT","description":"0","link_type":"FH","geometry_type":"LineString","vendor":"ERICSSON","folder":"LIEN FH / ERICSSON","color":"#0000FF","width":3.0},"geometry":{"type":"LineString","coordinates":[[-4.007368,5.281373],[-4.00509,5.2877]]}},{"type":"Feature","properties":{"name":"FH_703_KROKROM-LAUZOUA","description":"0","link_type":"FH","geometry_type":"LineString","vendor":"ERICSSON","folder":"LIEN FH / ERICSSON","color":"#0000FF","width":3.0},"geometry":{"type":"LineString","coordinates":[[-5.409166,5.21380959],[-5.31957,5.20787]]}},{"type":"Feature","properties":{"name":"FH_704_KROKROM-DOKPODON","description":"0","link_type":"FH","geometry_type":"LineString","vendor":"ERICSSON","folder":"LIEN FH / ERICSSON","color":"#0000FF","width":3.0},"geometry":{"type":"LineString","coordinates":[[-5.409166,5.21380959],[-5.4503,5.19193]]}},{"type":"Feature","properties":{"name":"FH_705_BALMER-LAC","description":"0","link_type":"FH","geometry_type":"LineString","vendor":"ERICSSON","folder":"LIEN FH / ERICSSON","color":"#0000FF","width":3.0},"geometry":{"type":"LineString","coordinates":[[-6.6415,4.7264],[-6.65,4.7414]]}},{"type":"Feature","properties":{"name":"FH_706_CAR_DJEDJE_MADY-LAURIER_7","description":"0","link_type":"FH","geometry_type":"LineString","vendor":"ERICSSON","folder":"LIEN FH / ERICSSON","color":"#0000FF","width":3.0},"geometry":{"type":"LineString","coordinates":[[-3.96874,5.36508],[-3.97092,5.3735]]}},{"type":"Feature","properties":{"name":"FH_707_SOCOCE-SIB SOCOCE","description":"0","link_type":"FH","geometry_type":"LineString","vendor":"ERICSSON","folder":"LIEN FH / ERICSSON","color":"#0000FF","width":3.0},"geometry":{"type":"LineString","coordinates":[[-3.9972825,5.37162115],[-3.998668,5.374734]]}},{"type":"Feature","properties":{"name":"FH_708_KIYALA-COSIM ABOBO","description":"0","link_type":"FH","geometry_type":"LineString","vendor":"ERICSSON","folder":"LIEN FH / ERICSSON","color":"#0000FF","width":3.0},"geometry":{"type":"LineString","coordinates":[[-3.9876133,5.43069284],[-3.983845,5.444024]]}},{"type":"Feature","properties":{"name":"FH_709_ADAOU-ABOISSO","description":"0","link_type":"FH","geometry_type":"LineString","vendor":"ERICSSON","folder":"LIEN FH / ERICSSON","color":"#0000FF","width":3.0},"geometry":{"type":"LineString","coordinates":[[-3.2653996,5.42569748],[-3.2010971,5.46725449]]}},{"type":"Feature","properties":{"name":"FH_710_KOUM_CAMPEMENT-AKLOMIAMBLA","description":"0","link_type":"FH","geometry_type":"LineString","vendor":"ERICSSON","folder":"LIEN FH / ERICSSON","color":"#0000FF","width":3.0},"geometry":{"type":"LineString","coordinates":[[-3.9369,5.3074],[-3.9451,5.30525]]}},{"type":"Feature","properties":{"name":"FH_711_GUITRY-KOUTA","description":"0","link_type":"FH","geometry_type":"LineString","vendor":"ERICSSON","folder":"LIEN FH / ERICSSON","color":"#0000FF","width":3.0},"geometry":{"type":"LineString","coordinates":[[-5.2416984,5.52829556],[-5.23014,5.48606]]}},{"type":"Feature","properties":{"name":"FH_712_ATIESSO-NDOTRE","description":"0","link_type":"FH","geometry_type":"LineString","vendor":"ERICSSON","folder":"LIEN FH / ERICSSON","color":"#0000FF","width":3.0},"geometry":{"type":"LineString","coordinates":[[-4.06783,5.4552],[-4.0620001,5.44502953]]}},{"type":"Feature","properties":{"name":"FH_713_YASSAPB-AKRADIO","description":"0","link_type":"FH","geometry_type":"LineString","vendor":"ERICSSON","folder":"LIEN FH / ERICSSON","color":"#0000FF","width":3.0},"geometry":{"type":"LineString","coordinates":[[-4.4136935,5.39966683],[-4.356361,5.42065]]}},{"type":"Feature","properties":{"name":"FH_714_SIMAT-VRIDI","description":"0","link_type":"FH","geometry_type":"LineString","vendor":"ERICSSON","folder":"LIEN FH / ERICSSON","color":"#0000FF","width":3.0},"geometry":{"type":"LineString","coordinates":[[-4.0095318,5.26807031],[-4.004129,5.269588]]}},{"type":"Feature","properties":{"name":"FH_715_CARR_NDOTRE-NDOTRE","description":"0","link_type":"FH","geometry_type":"LineString","vendor":"ERICSSON","folder":"LIEN FH / ERICSSON","color":"#0000FF","width":3.0},"geometry":{"type":"LineString","coordinates":[[-4.076261,5.434343],[-4.0620001,5.44502953]]}},{"type":"Feature","properties":{"name":"FH_716_INST-BANFORA","description":"0","link_type":"FH","geometry_type":"LineString","vendor":"ERICSSON","folder":"LIEN FH / ERICSSON","color":"#0000FF","width":3.0},"geometry":{"type":"LineString","coordinates":[[-4.0178477,5.34845887],[-4.0223859,5.34786339]]}},{"type":"Feature","properties":{"name":"FH_717_NANA_YAMOUSSO-GALAXY","description":"0","link_type":"FH","geometry_type":"LineString","vendor":"ERICSSON","folder":"LIEN FH / ERICSSON","color":"#0000FF","width":3.0},"geometry":{"type":"LineString","coordinates":[[-4.005167,5.306971],[-4.0102192,5.30806685]]}},{"type":"Feature","properties":{"name":"FH_718_2PLTX_KAVOKIVA-GRACES","description":"0","link_type":"FH","geometry_type":"LineString","vendor":"ERICSSON","folder":"LIEN FH / ERICSSON","color":"#0000FF","width":3.0},"geometry":{"type":"LineString","coordinates":[[-4.0027,5.3629],[-4.00676,5.36905]]}},{"type":"Feature","properties":{"name":"FH_719_ABATTOIRE-PAA","description":"0","link_type":"FH","geometry_type":"LineString","vendor":"ERICSSON","folder":"LIEN FH / ERICSSON","color":"#0000FF","width":3.0},"geometry":{"type":"LineString","coordinates":[[-3.9767,5.2616],[-3.9865089,5.25946903]]}},{"type":"Feature","properties":{"name":"FH_720_DIATOKRO-AYENOUAN","description":"0","link_type":"FH","geometry_type":"LineString","vendor":"ERICSSON","folder":"LIEN FH / ERICSSON","color":"#0000FF","width":3.0},"geometry":{"type":"LineString","coordinates":[[-3.33703,5.40628],[-3.32623,5.38326]]}},{"type":"Feature","properties":{"name":"FH_721_SABLE-TT_ROUGE","description":"0","link_type":"FH","geometry_type":"LineString","vendor":"ERICSSON","folder":"LIEN FH / ERICSSON","color":"#0000FF","width":3.0},"geometry":{"type":"LineString","coordinates":[[-4.0648,5.35466],[-4.049387,5.33210657]]}},{"type":"Feature","properties":{"name":"FH_722_SABLE-SELMER","description":"0","link_type":"FH","geometry_type":"LineString","vendor":"ERICSSON","folder":"LIEN FH / ERICSSON","color":"#0000FF","width":3.0},"geometry":{"type":"LineString","coordinates":[[-4.0648,5.35466],[-4.0634679,5.33933646]]}},{"type":"Feature","properties":{"name":"FH_723_BALZAC-DJIMINISSO","description":"0","link_type":"FH","geometry_type":"LineString","vendor":"ERICSSON","folder":"LIEN FH / ERICSSON","color":"#0000FF","width":3.0},"geometry":{"type":"LineString","coordinates":[[-2.8077,8.05407],[-2.7994974,8.04194185]]}},{"type":"Feature","properties":{"name":"FH_724_AZAGUIE-AZAGUIE_AWA","description":"0","link_type":"FH","geometry_type":"LineString","vendor":"ERICSSON","folder":"LIEN FH / ERICSSON","color":"#0000FF","width":3.0},"geometry":{"type":"LineString","coordinates":[[-4.0690037,5.64055906],[-4.0428,5.63529]]}},{"type":"Feature","properties":{"name":"FH_725_NEUVIEME_TRANCHE-SIB CNPS DJIBI","description":"0","link_type":"FH","geometry_type":"LineString","vendor":"ERICSSON","folder":"LIEN FH / ERICSSON","color":"#0000FF","width":3.0},"geometry":{"type":"LineString","coordinates":[[-3.97665,5.3875],[-3.975168,5.386057]]}},{"type":"Feature","properties":{"name":"FH_726_YOP_STE_RUTH-OASIS","description":"0","link_type":"FH","geometry_type":"LineString","vendor":"ERICSSON","folder":"LIEN FH / ERICSSON","color":"#0000FF","width":3.0},"geometry":{"type":"LineString","coordinates":[[-4.11588,5.355297],[-4.0988907,5.35644129]]}},{"type":"Feature","properties":{"name":"FH_727_DIOCESAINE-LOBIKRO","description":"0","link_type":"FH","geometry_type":"LineString","vendor":"ERICSSON","folder":"LIEN FH / ERICSSON","color":"#0000FF","width":3.0},"geometry":{"type":"LineString","coordinates":[[-3.48717,6.73913],[-3.5061712,6.74194552]]}},{"type":"Feature","properties":{"name":"FH_728_PISCINE_ETAT-NANA_YAMOUSSO","description":"0","link_type":"FH","geometry_type":"LineString","vendor":"ERICSSON","folder":"LIEN FH / ERICSSON","color":"#0000FF","width":3.0},"geometry":{"type":"LineString","coordinates":[[-4.00206,5.30863],[-4.005167,5.306971]]}},{"type":"Feature","properties":{"name":"FH_729_BONDOUKOU_TP-DJIMINISSO","description":"0","link_type":"FH","geometry_type":"LineString","vendor":"ERICSSON","folder":"LIEN FH / ERICSSON","color":"#0000FF","width":3.0},"geometry":{"type":"LineString","coordinates":[[-2.797575,8.048103],[-2.7994974,8.04194185]]}},{"type":"Feature","properties":{"name":"FH_730_MARC_GROUP-MARC_HARIS","description":"0","link_type":"FH","geometry_type":"LineString","vendor":"ERICSSON","folder":"LIEN FH / ERICSSON","color":"#0000FF","width":3.0},"geometry":{"type":"LineString","coordinates":[[-3.980275,5.30228889],[-3.9738,5.3065]]}},{"type":"Feature","properties":{"name":"FH_731_YOP_CITE_CAISTAB-ORLEON","description":"0","link_type":"FH","geometry_type":"LineString","vendor":"ERICSSON","folder":"LIEN FH / ERICSSON","color":"#0000FF","width":3.0},"geometry":{"type":"LineString","coordinates":[[-4.11025,5.32117],[-4.11101,5.32558]]}},{"type":"Feature","properties":{"name":"FH_732_SOGB_SINGHE_3-SOGB_HEKE","description":"0","link_type":"FH","geometry_type":"LineString","vendor":"ERICSSON","folder":"LIEN FH / ERICSSON","color":"#0000FF","width":3.0},"geometry":{"type":"LineString","coordinates":[[-7.06666,4.74657],[-7.1169916,4.75033333]]}},{"type":"Feature","properties":{"name":"FH_733_INDENIE-CORNICHE_CIE","description":"0","link_type":"FH","geometry_type":"LineString","vendor":"ERICSSON","folder":"LIEN FH / ERICSSON","color":"#0000FF","width":3.0},"geometry":{"type":"LineString","coordinates":[[-4.020458,5.336212],[-4.01588,5.34182]]}},{"type":"Feature","properties":{"name":"FH_734_LOBAKUYA-LABAKUYA","description":"0","link_type":"FH","geometry_type":"LineString","vendor":"ERICSSON","folder":"LIEN FH / ERICSSON","color":"#0000FF","width":3.0},"geometry":{"type":"LineString","coordinates":[[-6.34472,5.08311],[-6.35084,5.13626]]}},{"type":"Feature","properties":{"name":"FH_735_BONAHOUIN-BEKOUEFIN","description":"0","link_type":"FH","geometry_type":"LineString","vendor":"ERICSSON","folder":"LIEN FH / ERICSSON","color":"#0000FF","width":3.0},"geometry":{"type":"LineString","coordinates":[[-3.7550006,6.55779595],[-3.8431145,6.4769997]]}},{"type":"Feature","properties":{"name":"FH_736_KOUN ABRONZO-DOUMOUROSSI","description":"0","link_type":"FH","geometry_type":"LineString","vendor":"ERICSSON","folder":"LIEN FH / ERICSSON","color":"#0000FF","width":3.0},"geometry":{"type":"LineString","coordinates":[[-3.2888859,7.53722085],[-3.49648,7.58953]]}},{"type":"Feature","properties":{"name":"FH_737_DJIBI-NEUVIEME_TRANCHE","description":"0","link_type":"FH","geometry_type":"LineString","vendor":"ERICSSON","folder":"LIEN FH / ERICSSON","color":"#0000FF","width":3.0},"geometry":{"type":"LineString","coordinates":[[-3.9786228,5.40206133],[-3.97665,5.3875]]}},{"type":"Feature","properties":{"name":"FH_738_DJIBI-RESDCE_KIMI3","description":"0","link_type":"FH","geometry_type":"LineString","vendor":"ERICSSON","folder":"LIEN FH / ERICSSON","color":"#0000FF","width":3.0},"geometry":{"type":"LineString","coordinates":[[-3.9786228,5.40206133],[-3.9763,5.3987]]}},{"type":"Feature","properties":{"name":"FH_739_SITARAIL-ARRAS","description":"0","link_type":"FH","geometry_type":"LineString","vendor":"ERICSSON","folder":"LIEN FH / ERICSSON","color":"#0000FF","width":3.0},"geometry":{"type":"LineString","coordinates":[[-4.0132587,5.30156746],[-4.0018525,5.30143227]]}},{"type":"Feature","properties":{"name":"FH_740_FRESCO-LOULOUDOU","description":"0","link_type":"FH","geometry_type":"LineString","vendor":"ERICSSON","folder":"LIEN FH / ERICSSON","color":"#0000FF","width":3.0},"geometry":{"type":"LineString","coordinates":[[-5.5859504,5.10314843],[-5.56957,5.22198]]}},{"type":"Feature","properties":{"name":"FH_741_EMERAUD-ARAFAT","description":"0","link_type":"FH","geometry_type":"LineString","vendor":"ERICSSON","folder":"LIEN FH / ERICSSON","color":"#0000FF","width":3.0},"geometry":{"type":"LineString","coordinates":[[-3.9784214,5.37203156],[-3.9657036,5.37093924]]}},{"type":"Feature","properties":{"name":"FH_742_AKRIDOU-KOTCHERI","description":"0","link_type":"FH","geometry_type":"LineString","vendor":"ERICSSON","folder":"LIEN FH / ERICSSON","color":"#0000FF","width":3.0},"geometry":{"type":"LineString","coordinates":[[-5.60363,5.63485],[-5.613364,5.737467]]}},{"type":"Feature","properties":{"name":"FH_743_AKRIDOU-BROUDOUKOU_PENDA","description":"0","link_type":"FH","geometry_type":"LineString","vendor":"ERICSSON","folder":"LIEN FH / ERICSSON","color":"#0000FF","width":3.0},"geometry":{"type":"LineString","coordinates":[[-5.60363,5.63485],[-5.52043,5.52787]]}},{"type":"Feature","properties":{"name":"FH_744_AKRIDOU-NIAMBEZARIA","description":"0","link_type":"FH","geometry_type":"LineString","vendor":"ERICSSON","folder":"LIEN FH / ERICSSON","color":"#0000FF","width":3.0},"geometry":{"type":"LineString","coordinates":[[-5.60363,5.63485],[-5.7540833,5.65063888]]}},{"type":"Feature","properties":{"name":"FH_745_BALOKUYA-LABAKUYA","description":"0","link_type":"FH","geometry_type":"LineString","vendor":"ERICSSON","folder":"LIEN FH / ERICSSON","color":"#0000FF","width":3.0},"geometry":{"type":"LineString","coordinates":[[-6.352309,5.208639],[-6.35084,5.13626]]}},{"type":"Feature","properties":{"name":"FH_746_BINGES-DAGBA","description":"0","link_type":"FH","geometry_type":"LineString","vendor":"ERICSSON","folder":"LIEN FH / ERICSSON","color":"#0000FF","width":3.0},"geometry":{"type":"LineString","coordinates":[[-3.890418,5.358779],[-3.8911938,5.35228324]]}},{"type":"Feature","properties":{"name":"FH_747_BINGES-ELOKATE","description":"0","link_type":"FH","geometry_type":"LineString","vendor":"ERICSSON","folder":"LIEN FH / ERICSSON","color":"#0000FF","width":3.0},"geometry":{"type":"LineString","coordinates":[[-3.890418,5.358779],[-3.748027,5.29558]]}},{"type":"Feature","properties":{"name":"FH_748_ATTIEKRO-BIANOUAN","description":"0","link_type":"FH","geometry_type":"LineString","vendor":"ERICSSON","folder":"LIEN FH / ERICSSON","color":"#0000FF","width":3.0},"geometry":{"type":"LineString","coordinates":[[-3.20459,6.10715],[-3.1831088,6.01600329]]}},{"type":"Feature","properties":{"name":"FH_749_NIFA-BIETRY","description":"0","link_type":"FH","geometry_type":"LineString","vendor":"ERICSSON","folder":"LIEN FH / ERICSSON","color":"#0000FF","width":3.0},"geometry":{"type":"LineString","coordinates":[[-3.9760585,5.27577598],[-3.9745196,5.27842865]]}},{"type":"Feature","properties":{"name":"FH_750_ACACIAS-Conseil_Café","description":"0","link_type":"FH","geometry_type":"LineString","vendor":"ERICSSON","folder":"LIEN FH / ERICSSON","color":"#0000FF","width":3.0},"geometry":{"type":"LineString","coordinates":[[-4.0204993,5.32569697],[-4.0174,5.324633]]}},{"type":"Feature","properties":{"name":"FH_751_DESCARTE-SIB ZONE4","description":"0","link_type":"FH","geometry_type":"LineString","vendor":"ERICSSON","folder":"LIEN FH / ERICSSON","color":"#0000FF","width":3.0},"geometry":{"type":"LineString","coordinates":[[-3.9717931,5.28331736],[-3.982135,5.294391]]}},{"type":"Feature","properties":{"name":"FH_752_DESCARTE-KOUM_SICOGI","description":"0","link_type":"FH","geometry_type":"LineString","vendor":"ERICSSON","folder":"LIEN FH / ERICSSON","color":"#0000FF","width":3.0},"geometry":{"type":"LineString","coordinates":[[-3.9717931,5.28331736],[-3.9655302,5.28294723]]}},{"type":"Feature","properties":{"name":"FH_753_AJAVON-KOUM_HOTEL_ALLIANCE","description":"0","link_type":"FH","geometry_type":"LineString","vendor":"ERICSSON","folder":"LIEN FH / ERICSSON","color":"#0000FF","width":3.0},"geometry":{"type":"LineString","coordinates":[[-3.9584727,5.28816826],[-3.9571,5.2935]]}},{"type":"Feature","properties":{"name":"FH_754_AJAVON-PTI_MARCHE","description":"0","link_type":"FH","geometry_type":"LineString","vendor":"ERICSSON","folder":"LIEN FH / ERICSSON","color":"#0000FF","width":3.0},"geometry":{"type":"LineString","coordinates":[[-3.9584727,5.28816826],[-3.9591711,5.2845762]]}},{"type":"Feature","properties":{"name":"FH_755_AJAVON-SIB KOUMASSI","description":"0","link_type":"FH","geometry_type":"LineString","vendor":"ERICSSON","folder":"LIEN FH / ERICSSON","color":"#0000FF","width":3.0},"geometry":{"type":"LineString","coordinates":[[-3.9584727,5.28816826],[-3.971297,5.289184]]}},{"type":"Feature","properties":{"name":"FH_756_SONITRA-YOP_CIMAF","description":"0","link_type":"FH","geometry_type":"LineString","vendor":"ERICSSON","folder":"LIEN FH / ERICSSON","color":"#0000FF","width":3.0},"geometry":{"type":"LineString","coordinates":[[-4.0834019,5.38022085],[-4.08042,5.39177]]}},{"type":"Feature","properties":{"name":"FH_757_SONITRA-MACA","description":"0","link_type":"FH","geometry_type":"LineString","vendor":"ERICSSON","folder":"LIEN FH / ERICSSON","color":"#0000FF","width":3.0},"geometry":{"type":"LineString","coordinates":[[-4.0834019,5.38022085],[-4.08042,5.39177]]}},{"type":"Feature","properties":{"name":"FH_758_SONITRA-YOP_ZONE_SCB","description":"0","link_type":"FH","geometry_type":"LineString","vendor":"ERICSSON","folder":"LIEN FH / ERICSSON","color":"#0000FF","width":3.0},"geometry":{"type":"LineString","coordinates":[[-4.0834019,5.38022085],[-4.086941,5.375837]]}},{"type":"Feature","properties":{"name":"FH_759_TREICH_LUMIERE-MARC_ANADER","description":"0","link_type":"FH","geometry_type":"LineString","vendor":"ERICSSON","folder":"LIEN FH / ERICSSON","color":"#0000FF","width":3.0},"geometry":{"type":"LineString","coordinates":[[-3.993446,5.295882],[-3.991722,5.29211395]]}},{"type":"Feature","properties":{"name":"FH_760_GAKOUKA-PHOENIX","description":"0","link_type":"FH","geometry_type":"LineString","vendor":"ERICSSON","folder":"LIEN FH / ERICSSON","color":"#0000FF","width":3.0},"geometry":{"type":"LineString","coordinates":[[-4.0747518,5.33116732],[-4.0758911,5.34800702]]}},{"type":"Feature","properties":{"name":"FH_761_ANOUMABO-DHL","description":"0","link_type":"FH","geometry_type":"LineString","vendor":"ERICSSON","folder":"LIEN FH / ERICSSON","color":"#0000FF","width":3.0},"geometry":{"type":"LineString","coordinates":[[-3.965611,5.307372],[-3.9788136,5.29495659]]}},{"type":"Feature","properties":{"name":"FH_762_ANOUMABO-VALLY","description":"0","link_type":"FH","geometry_type":"LineString","vendor":"ERICSSON","folder":"LIEN FH / ERICSSON","color":"#0000FF","width":3.0},"geometry":{"type":"LineString","coordinates":[[-3.965611,5.307372],[-3.963837,5.30250574]]}},{"type":"Feature","properties":{"name":"FH_763_LAOUDIBA-FLAKIEDOUGOU","description":"0","link_type":"FH","geometry_type":"LineString","vendor":"ERICSSON","folder":"LIEN FH / ERICSSON","color":"#0000FF","width":3.0},"geometry":{"type":"LineString","coordinates":[[-2.95715,8.30531],[-3.12777,8.48523]]}},{"type":"Feature","properties":{"name":"FH_764_LAOUDIBA-KANGUELE","description":"0","link_type":"FH","geometry_type":"LineString","vendor":"ERICSSON","folder":"LIEN FH / ERICSSON","color":"#0000FF","width":3.0},"geometry":{"type":"LineString","coordinates":[[-2.95715,8.30531],[-2.7149991,8.11659798]]}},{"type":"Feature","properties":{"name":"FH_765_CITE_SINACACI-ARDOISE","description":"0","link_type":"FH","geometry_type":"LineString","vendor":"ERICSSON","folder":"LIEN FH / ERICSSON","color":"#0000FF","width":3.0},"geometry":{"type":"LineString","coordinates":[[-3.94632,5.34206],[-3.954969,5.35088465]]}},{"type":"Feature","properties":{"name":"FH_766_MATHIEUKRO-GROBONOU_DAN","description":"0","link_type":"FH","geometry_type":"LineString","vendor":"ERICSSON","folder":"LIEN FH / ERICSSON","color":"#0000FF","width":3.0},"geometry":{"type":"LineString","coordinates":[[-6.4989455,5.0246144],[-6.41,5.06283]]}},{"type":"Feature","properties":{"name":"FH_767_AGNIKRO-LOBIKRO","description":"0","link_type":"FH","geometry_type":"LineString","vendor":"ERICSSON","folder":"LIEN FH / ERICSSON","color":"#0000FF","width":3.0},"geometry":{"type":"LineString","coordinates":[[-3.4755172,6.72602867],[-3.5061712,6.74194552]]}},{"type":"Feature","properties":{"name":"FH_768_ANGRE_COLLEGE-DJIBI","description":"0","link_type":"FH","geometry_type":"LineString","vendor":"ERICSSON","folder":"LIEN FH / ERICSSON","color":"#0000FF","width":3.0},"geometry":{"type":"LineString","coordinates":[[-3.979695,5.408687],[-3.9786228,5.40206133]]}},{"type":"Feature","properties":{"name":"FH_769_ORLD_PARTNER-CITE_SINACACI","description":"0","link_type":"FH","geometry_type":"LineString","vendor":"ERICSSON","folder":"LIEN FH / ERICSSON","color":"#0000FF","width":3.0},"geometry":{"type":"LineString","coordinates":[[-3.946853,5.337302],[-3.94632,5.34206]]}},{"type":"Feature","properties":{"name":"FH_770_ABENG_HKB-CHATEAU","description":"0","link_type":"FH","geometry_type":"LineString","vendor":"ERICSSON","folder":"LIEN FH / ERICSSON","color":"#0000FF","width":3.0},"geometry":{"type":"LineString","coordinates":[[-3.51166944,6.73252222],[-3.4983295,6.72748042]]}},{"type":"Feature","properties":{"name":"FH_771_BIASSO-ADZOPE","description":"0","link_type":"FH","geometry_type":"LineString","vendor":"ERICSSON","folder":"LIEN FH / ERICSSON","color":"#0000FF","width":3.0},"geometry":{"type":"LineString","coordinates":[[-3.792861,6.115278],[-3.8604889,6.0991788]]}},{"type":"Feature","properties":{"name":"FH_772_ASSUEFRY-DADIAPE","description":"0","link_type":"FH","geometry_type":"LineString","vendor":"ERICSSON","folder":"LIEN FH / ERICSSON","color":"#0000FF","width":3.0},"geometry":{"type":"LineString","coordinates":[[-2.97838,7.70243],[-2.94818,7.81751]]}},{"type":"Feature","properties":{"name":"FH_773_NGUINOU-KOTOBI","description":"0","link_type":"FH","geometry_type":"LineString","vendor":"ERICSSON","folder":"LIEN FH / ERICSSON","color":"#0000FF","width":3.0},"geometry":{"type":"LineString","coordinates":[[-4.17,6.75132],[-4.1335267,6.71352383]]}},{"type":"Feature","properties":{"name":"FH_774_GBAGBAM-BROUDOUKOU_PENDA","description":"0","link_type":"FH","geometry_type":"LineString","vendor":"ERICSSON","folder":"LIEN FH / ERICSSON","color":"#0000FF","width":3.0},"geometry":{"type":"LineString","coordinates":[[-5.59,5.46752],[-5.52043,5.52787]]}},{"type":"Feature","properties":{"name":"FH_775_KOUM_CELESTE-NOVELEC","description":"0","link_type":"FH","geometry_type":"LineString","vendor":"ERICSSON","folder":"LIEN FH / ERICSSON","color":"#0000FF","width":3.0},"geometry":{"type":"LineString","coordinates":[[-3.9495571,5.29985947],[-3.9506,5.29237]]}},{"type":"Feature","properties":{"name":"FH_776_KOUM_CELESTE-VALLY","description":"0","link_type":"FH","geometry_type":"LineString","vendor":"ERICSSON","folder":"LIEN FH / ERICSSON","color":"#0000FF","width":3.0},"geometry":{"type":"LineString","coordinates":[[-3.9495571,5.29985947],[-3.963837,5.30250574]]}},{"type":"Feature","properties":{"name":"FH_777_POLICE-2PLTX_SNEDAI","description":"0","link_type":"FH","geometry_type":"LineString","vendor":"ERICSSON","folder":"LIEN FH / ERICSSON","color":"#0000FF","width":3.0},"geometry":{"type":"LineString","coordinates":[[-3.9906139,5.35527831],[-3.99694,5.35592]]}},{"type":"Feature","properties":{"name":"FH_778_TERMINUS_PK18-AGRIPAK","description":"0","link_type":"FH","geometry_type":"LineString","vendor":"ERICSSON","folder":"LIEN FH / ERICSSON","color":"#0000FF","width":3.0},"geometry":{"type":"LineString","coordinates":[[-4.0513388,5.44768888],[-4.042861,5.443639]]}},{"type":"Feature","properties":{"name":"FH_779_BETTIE-ABRADINOU","description":"0","link_type":"FH","geometry_type":"LineString","vendor":"ERICSSON","folder":"LIEN FH / ERICSSON","color":"#0000FF","width":3.0},"geometry":{"type":"LineString","coordinates":[[-3.3982988,6.07243585],[-3.457528,6.183778]]}},{"type":"Feature","properties":{"name":"FH_780_DOUGODOU-KROKROM","description":"0","link_type":"FH","geometry_type":"LineString","vendor":"ERICSSON","folder":"LIEN FH / ERICSSON","color":"#0000FF","width":3.0},"geometry":{"type":"LineString","coordinates":[[-5.3489166,5.28060833],[-5.409166,5.21380959]]}},{"type":"Feature","properties":{"name":"FH_781_DJIMINISSO-SIAGO","description":"0","link_type":"FH","geometry_type":"LineString","vendor":"ERICSSON","folder":"LIEN FH / ERICSSON","color":"#0000FF","width":3.0},"geometry":{"type":"LineString","coordinates":[[-2.7994974,8.04194185],[-2.9538905,7.93750296]]}},{"type":"Feature","properties":{"name":"FH_782_DJIMINISSO-KANGUELE","description":"0","link_type":"FH","geometry_type":"LineString","vendor":"ERICSSON","folder":"LIEN FH / ERICSSON","color":"#0000FF","width":3.0},"geometry":{"type":"LineString","coordinates":[[-2.7994974,8.04194185],[-2.7149991,8.11659798]]}},{"type":"Feature","properties":{"name":"FH_783_AMIAN_KOUASSIKRO-BONAHOUIN","description":"0","link_type":"FH","geometry_type":"LineString","vendor":"ERICSSON","folder":"LIEN FH / ERICSSON","color":"#0000FF","width":3.0},"geometry":{"type":"LineString","coordinates":[[-3.64327,6.46807],[-3.7550006,6.55779595]]}},{"type":"Feature","properties":{"name":"FH_784_PAPAYER-BEDE","description":"0","link_type":"FH","geometry_type":"LineString","vendor":"ERICSSON","folder":"LIEN FH / ERICSSON","color":"#0000FF","width":3.0},"geometry":{"type":"LineString","coordinates":[[-3.9808596,5.33335937],[-3.9792161,5.33832781]]}},{"type":"Feature","properties":{"name":"FH_785_ATTOBAN_ST_BERNARD-LAURIER_7","description":"0","link_type":"FH","geometry_type":"LineString","vendor":"ERICSSON","folder":"LIEN FH / ERICSSON","color":"#0000FF","width":3.0},"geometry":{"type":"LineString","coordinates":[[-3.978442,5.367275],[-3.97092,5.3735]]}},{"type":"Feature","properties":{"name":"FH_786_ANOKOI_GARE-MISSION_EPHRATA","description":"0","link_type":"FH","geometry_type":"LineString","vendor":"ERICSSON","folder":"LIEN FH / ERICSSON","color":"#0000FF","width":3.0},"geometry":{"type":"LineString","coordinates":[[-3.925366,5.385383],[-3.9339,5.38186]]}},{"type":"Feature","properties":{"name":"FH_787_STADE-ACACIAS","description":"0","link_type":"FH","geometry_type":"LineString","vendor":"ERICSSON","folder":"LIEN FH / ERICSSON","color":"#0000FF","width":3.0},"geometry":{"type":"LineString","coordinates":[[-4.0197262,5.32749823],[-4.0204993,5.32569697]]}},{"type":"Feature","properties":{"name":"FH_788_ADIAKE-ETUEBOUE","description":"0","link_type":"FH","geometry_type":"LineString","vendor":"ERICSSON","folder":"LIEN FH / ERICSSON","color":"#0000FF","width":3.0},"geometry":{"type":"LineString","coordinates":[[-3.3057258,5.28747666],[-3.21153,5.21303]]}},{"type":"Feature","properties":{"name":"FH_789_ADIAKE-ABY","description":"0","link_type":"FH","geometry_type":"LineString","vendor":"ERICSSON","folder":"LIEN FH / ERICSSON","color":"#0000FF","width":3.0},"geometry":{"type":"LineString","coordinates":[[-3.3057258,5.28747666],[-3.169725,5.296973]]}},{"type":"Feature","properties":{"name":"FH_790_SAPH_SAIBE-BETTIE","description":"0","link_type":"FH","geometry_type":"LineString","vendor":"ERICSSON","folder":"LIEN FH / ERICSSON","color":"#0000FF","width":3.0},"geometry":{"type":"LineString","coordinates":[[-3.337671,6.131196],[-3.3982988,6.07243585]]}},{"type":"Feature","properties":{"name":"FH_791_LIEVRE_ROUGE-LUBAF","description":"0","link_type":"FH","geometry_type":"LineString","vendor":"ERICSSON","folder":"LIEN FH / ERICSSON","color":"#0000FF","width":3.0},"geometry":{"type":"LineString","coordinates":[[-4.11306,5.3349],[-4.1049465,5.33152989]]}},{"type":"Feature","properties":{"name":"FH_792_LIEVRE_ROUGE-YOP_CITE_SIPIM","description":"0","link_type":"FH","geometry_type":"LineString","vendor":"ERICSSON","folder":"LIEN FH / ERICSSON","color":"#0000FF","width":3.0},"geometry":{"type":"LineString","coordinates":[[-4.11306,5.3349],[-4.11609,5.343463]]}},{"type":"Feature","properties":{"name":"FH_793_CITE_CIE-ABOBO_VERSANT","description":"0","link_type":"FH","geometry_type":"LineString","vendor":"ERICSSON","folder":"LIEN FH / ERICSSON","color":"#0000FF","width":3.0},"geometry":{"type":"LineString","coordinates":[[-3.9536725,5.35868371],[-3.95332,5.363966]]}},{"type":"Feature","properties":{"name":"FH_794_CITE_CIE-ARDOISE","description":"0","link_type":"FH","geometry_type":"LineString","vendor":"ERICSSON","folder":"LIEN FH / ERICSSON","color":"#0000FF","width":3.0},"geometry":{"type":"LineString","coordinates":[[-3.9536725,5.35868371],[-3.954969,5.35088465]]}},{"type":"Feature","properties":{"name":"FH_795_CATHEDRALE-MACA","description":"0","link_type":"FH","geometry_type":"LineString","vendor":"ERICSSON","folder":"LIEN FH / ERICSSON","color":"#0000FF","width":3.0},"geometry":{"type":"LineString","coordinates":[[-4.088926,5.391631],[-4.08042,5.39177]]}},{"type":"Feature","properties":{"name":"FH_796_NAKOKO-KOUTE","description":"0","link_type":"FH","geometry_type":"LineString","vendor":"ERICSSON","folder":"LIEN FH / ERICSSON","color":"#0000FF","width":3.0},"geometry":{"type":"LineString","coordinates":[[-4.0598931,5.32813589],[-4.06832,5.32754]]}},{"type":"Feature","properties":{"name":"FH_797_NAKOKO-SINGA","description":"0","link_type":"FH","geometry_type":"LineString","vendor":"ERICSSON","folder":"LIEN FH / ERICSSON","color":"#0000FF","width":3.0},"geometry":{"type":"LineString","coordinates":[[-4.0598931,5.32813589],[-4.0602803,5.32236451]]}},{"type":"Feature","properties":{"name":"FH_798_NASSIAN-FLAKIEDOUGOU","description":"0","link_type":"FH","geometry_type":"LineString","vendor":"ERICSSON","folder":"LIEN FH / ERICSSON","color":"#0000FF","width":3.0},"geometry":{"type":"LineString","coordinates":[[-3.4674,8.4463],[-3.12777,8.48523]]}},{"type":"Feature","properties":{"name":"FH_799_SOCIETE GESTOCI-GESTOCI","description":"0","link_type":"FH","geometry_type":"LineString","vendor":"ERICSSON","folder":"LIEN FH / ERICSSON","color":"#0000FF","width":3.0},"geometry":{"type":"LineString","coordinates":[[-3.997856,5.266231],[-3.9985356,5.26438856]]}},{"type":"Feature","properties":{"name":"FH_800_ABOISSO_SOKOURA-ABOISSO","description":"0","link_type":"FH","geometry_type":"LineString","vendor":"ERICSSON","folder":"LIEN FH / ERICSSON","color":"#0000FF","width":3.0},"geometry":{"type":"LineString","coordinates":[[-3.20793,5.48119],[-3.2010971,5.46725449]]}},{"type":"Feature","properties":{"name":"FH_801_PREMIER_PONT-ANDOKOI","description":"0","link_type":"FH","geometry_type":"LineString","vendor":"ERICSSON","folder":"LIEN FH / ERICSSON","color":"#0000FF","width":3.0},"geometry":{"type":"LineString","coordinates":[[-4.0673,5.36192],[-4.0683895,5.36737636]]}},{"type":"Feature","properties":{"name":"FH_802_SOTREF-SEWEKE","description":"0","link_type":"FH","geometry_type":"LineString","vendor":"ERICSSON","folder":"LIEN FH / ERICSSON","color":"#0000FF","width":3.0},"geometry":{"type":"LineString","coordinates":[[-6.6489,4.7846],[-6.6456,4.7625]]}},{"type":"Feature","properties":{"name":"FH_803_SOTREF-SP_CORRIDOR_ABJ","description":"0","link_type":"FH","geometry_type":"LineString","vendor":"ERICSSON","folder":"LIEN FH / ERICSSON","color":"#0000FF","width":3.0},"geometry":{"type":"LineString","coordinates":[[-6.6489,4.7846],[-6.6422083,4.81046]]}},{"type":"Feature","properties":{"name":"FH_804_BETHANIE-ADJIN","description":"0","link_type":"FH","geometry_type":"LineString","vendor":"ERICSSON","folder":"LIEN FH / ERICSSON","color":"#0000FF","width":3.0},"geometry":{"type":"LineString","coordinates":[[-3.99802,5.389],[-3.9981528,5.38509701]]}},{"type":"Feature","properties":{"name":"FH_805_KROKROM-FRESCO","description":"0","link_type":"FH","geometry_type":"LineString","vendor":"ERICSSON","folder":"LIEN FH / ERICSSON","color":"#0000FF","width":3.0},"geometry":{"type":"LineString","coordinates":[[-5.409166,5.21380959],[-5.5859504,5.10314843]]}},{"type":"Feature","properties":{"name":"FH_806_CAFE_VERSAILLES-LOREADE","description":"0","link_type":"FH","geometry_type":"LineString","vendor":"ERICSSON","folder":"LIEN FH / ERICSSON","color":"#0000FF","width":3.0},"geometry":{"type":"LineString","coordinates":[[-3.986,5.392789],[-3.9840031,5.3972225]]}},{"type":"Feature","properties":{"name":"FH_807_DAME-AGNIBILEKRO","description":"0","link_type":"FH","geometry_type":"LineString","vendor":"ERICSSON","folder":"LIEN FH / ERICSSON","color":"#0000FF","width":3.0},"geometry":{"type":"LineString","coordinates":[[-3.1457,7.06267],[-3.202748,7.139421]]}},{"type":"Feature","properties":{"name":"FH_808_NIABABLY_PK26-KOKOLOPOZO","description":"0","link_type":"FH","geometry_type":"LineString","vendor":"ERICSSON","folder":"LIEN FH / ERICSSON","color":"#0000FF","width":3.0},"geometry":{"type":"LineString","coordinates":[[-6.070556,5.063333],[-6.0875833,5.1405]]}},{"type":"Feature","properties":{"name":"FH_809_YAKASSETTOBROU-BIEBY","description":"0","link_type":"FH","geometry_type":"LineString","vendor":"ERICSSON","folder":"LIEN FH / ERICSSON","color":"#0000FF","width":3.0},"geometry":{"type":"LineString","coordinates":[[-3.6497957,6.18072265],[-3.64046,6.08023]]}},{"type":"Feature","properties":{"name":"FH_810_AKANE-PMI","description":"0","link_type":"FH","geometry_type":"LineString","vendor":"ERICSSON","folder":"LIEN FH / ERICSSON","color":"#0000FF","width":3.0},"geometry":{"type":"LineString","coordinates":[[-4.0882514,5.34127389],[-4.07993,5.34365]]}},{"type":"Feature","properties":{"name":"FH_811_AKANE-MAGASIN","description":"0","link_type":"FH","geometry_type":"LineString","vendor":"ERICSSON","folder":"LIEN FH / ERICSSON","color":"#0000FF","width":3.0},"geometry":{"type":"LineString","coordinates":[[-4.0882514,5.34127389],[-4.08337,5.33284]]}},{"type":"Feature","properties":{"name":"FH_812_AKANE-PHOENIX","description":"0","link_type":"FH","geometry_type":"LineString","vendor":"ERICSSON","folder":"LIEN FH / ERICSSON","color":"#0000FF","width":3.0},"geometry":{"type":"LineString","coordinates":[[-4.0882514,5.34127389],[-4.0758911,5.34800702]]}},{"type":"Feature","properties":{"name":"FH_813_KADIOULASSO-DJIMINISSO","description":"0","link_type":"FH","geometry_type":"LineString","vendor":"ERICSSON","folder":"LIEN FH / ERICSSON","color":"#0000FF","width":3.0},"geometry":{"type":"LineString","coordinates":[[-2.79068888,8.0375472],[-2.7994974,8.04194185]]}},{"type":"Feature","properties":{"name":"FH_814_NEKA-DJOUROUTTOU","description":"0","link_type":"FH","geometry_type":"LineString","vendor":"ERICSSON","folder":"LIEN FH / ERICSSON","color":"#0000FF","width":3.0},"geometry":{"type":"LineString","coordinates":[[-7.362017,5.194617],[-7.28082,5.36957]]}},{"type":"Feature","properties":{"name":"FH_815_DASSIOKO_CIT-GNAGO_II","description":"0","link_type":"FH","geometry_type":"LineString","vendor":"ERICSSON","folder":"LIEN FH / ERICSSON","color":"#0000FF","width":3.0},"geometry":{"type":"LineString","coordinates":[[-5.8395802,5.11499759],[-5.783467,5.192075]]}},{"type":"Feature","properties":{"name":"FH_816_CAFETOU-CHATEAU","description":"0","link_type":"FH","geometry_type":"LineString","vendor":"ERICSSON","folder":"LIEN FH / ERICSSON","color":"#0000FF","width":3.0},"geometry":{"type":"LineString","coordinates":[[-3.49824,6.7145],[-3.4983295,6.72748042]]}},{"type":"Feature","properties":{"name":"FH_817_AHOUE-BROFODOUME","description":"0","link_type":"FH","geometry_type":"LineString","vendor":"ERICSSON","folder":"LIEN FH / ERICSSON","color":"#0000FF","width":3.0},"geometry":{"type":"LineString","coordinates":[[-3.946611,5.495417],[-3.931602,5.51389914]]}},{"type":"Feature","properties":{"name":"FH_818_GD_MOSQUEE-AJAVON","description":"0","link_type":"FH","geometry_type":"LineString","vendor":"ERICSSON","folder":"LIEN FH / ERICSSON","color":"#0000FF","width":3.0},"geometry":{"type":"LineString","coordinates":[[-3.9660127,5.29153044],[-3.9584727,5.28816826]]}},{"type":"Feature","properties":{"name":"FH_819_LOCODJRO-TT_ROUGE","description":"0","link_type":"FH","geometry_type":"LineString","vendor":"ERICSSON","folder":"LIEN FH / ERICSSON","color":"#0000FF","width":3.0},"geometry":{"type":"LineString","coordinates":[[-4.0359145,5.31624627],[-4.049387,5.33210657]]}},{"type":"Feature","properties":{"name":"FH_820_LOCODJRO-SITARAIL_P","description":"0","link_type":"FH","geometry_type":"LineString","vendor":"ERICSSON","folder":"LIEN FH / ERICSSON","color":"#0000FF","width":3.0},"geometry":{"type":"LineString","coordinates":[[-4.0359145,5.31624627],[-4.0256732,5.3275788]]}},{"type":"Feature","properties":{"name":"FH_821_ABIE-BECEDI_BRIGNAN","description":"0","link_type":"FH","geometry_type":"LineString","vendor":"ERICSSON","folder":"LIEN FH / ERICSSON","color":"#0000FF","width":3.0},"geometry":{"type":"LineString","coordinates":[[-3.9215,5.868333],[-4.01,5.91031]]}},{"type":"Feature","properties":{"name":"FH_822_MAFERE-ABOISSO","description":"0","link_type":"FH","geometry_type":"LineString","vendor":"ERICSSON","folder":"LIEN FH / ERICSSON","color":"#0000FF","width":3.0},"geometry":{"type":"LineString","coordinates":[[-3.0262227,5.415804],[-3.2010971,5.46725449]]}},{"type":"Feature","properties":{"name":"FH_823_SACRE_COEUR-KIYALA","description":"0","link_type":"FH","geometry_type":"LineString","vendor":"ERICSSON","folder":"LIEN FH / ERICSSON","color":"#0000FF","width":3.0},"geometry":{"type":"LineString","coordinates":[[-3.994222,5.431722],[-3.9876133,5.43069284]]}},{"type":"Feature","properties":{"name":"FH_824_ADJAME_UTB-BANFORA","description":"0","link_type":"FH","geometry_type":"LineString","vendor":"ERICSSON","folder":"LIEN FH / ERICSSON","color":"#0000FF","width":3.0},"geometry":{"type":"LineString","coordinates":[[-4.0215,5.351294],[-4.0223859,5.34786339]]}},{"type":"Feature","properties":{"name":"FH_825_COCODY_MAIRIE-STE_MARIE","description":"0","link_type":"FH","geometry_type":"LineString","vendor":"ERICSSON","folder":"LIEN FH / ERICSSON","color":"#0000FF","width":3.0},"geometry":{"type":"LineString","coordinates":[[-4.001358,5.334331],[-3.9969984,5.33548616]]}},{"type":"Feature","properties":{"name":"FH_826_PATRICK_ACHI-ADZOPE","description":"0","link_type":"FH","geometry_type":"LineString","vendor":"ERICSSON","folder":"LIEN FH / ERICSSON","color":"#0000FF","width":3.0},"geometry":{"type":"LineString","coordinates":[[-3.869003,6.086845],[-3.8604889,6.0991788]]}},{"type":"Feature","properties":{"name":"FH_827_SECODIS-VRIDI","description":"0","link_type":"FH","geometry_type":"LineString","vendor":"ERICSSON","folder":"LIEN FH / ERICSSON","color":"#0000FF","width":3.0},"geometry":{"type":"LineString","coordinates":[[-4.0069593,5.2619509],[-4.0048056,5.25809208]]}},{"type":"Feature","properties":{"name":"FH_828_RTI-ST_JEAN","description":"0","link_type":"FH","geometry_type":"LineString","vendor":"ERICSSON","folder":"LIEN FH / ERICSSON","color":"#0000FF","width":3.0},"geometry":{"type":"LineString","coordinates":[[-4.0007486,5.34423579],[-4.0047082,5.33743641]]}},{"type":"Feature","properties":{"name":"FH_829_ABATTA_BEACH-BEVERLY","description":"0","link_type":"FH","geometry_type":"LineString","vendor":"ERICSSON","folder":"LIEN FH / ERICSSON","color":"#0000FF","width":3.0},"geometry":{"type":"LineString","coordinates":[[-3.92571,5.32729],[-3.9450847,5.33166965]]}},{"type":"Feature","properties":{"name":"FH_830_KM17-ORLEON","description":"0","link_type":"FH","geometry_type":"LineString","vendor":"ERICSSON","folder":"LIEN FH / ERICSSON","color":"#0000FF","width":3.0},"geometry":{"type":"LineString","coordinates":[[-4.1324267,5.33789266],[-4.11101,5.32558]]}},{"type":"Feature","properties":{"name":"FH_831_KM17-LUBAF","description":"0","link_type":"FH","geometry_type":"LineString","vendor":"ERICSSON","folder":"LIEN FH / ERICSSON","color":"#0000FF","width":3.0},"geometry":{"type":"LineString","coordinates":[[-4.1324267,5.33789266],[-4.1049465,5.33152989]]}},{"type":"Feature","properties":{"name":"FH_832_HERMANKONO DIES-PALMCI BOUBO","description":"0","link_type":"FH","geometry_type":"LineString","vendor":"ERICSSON","folder":"LIEN FH / ERICSSON","color":"#0000FF","width":3.0},"geometry":{"type":"LineString","coordinates":[[-5.36758,5.5826],[-5.32155,5.64408]]}},{"type":"Feature","properties":{"name":"FH_833_HERMANKONO DIES-GUITRY","description":"0","link_type":"FH","geometry_type":"LineString","vendor":"ERICSSON","folder":"LIEN FH / ERICSSON","color":"#0000FF","width":3.0},"geometry":{"type":"LineString","coordinates":[[-5.36758,5.5826],[-5.2416984,5.52829556]]}},{"type":"Feature","properties":{"name":"FH_834_ADAOU-KRINDJABO","description":"0","link_type":"FH","geometry_type":"LineString","vendor":"ERICSSON","folder":"LIEN FH / ERICSSON","color":"#0000FF","width":3.0},"geometry":{"type":"LineString","coordinates":[[-3.2653996,5.42569748],[-3.2079974,5.39810115]]}},{"type":"Feature","properties":{"name":"FH_835_MASSARANA-SAMARITAIN","description":"0","link_type":"FH","geometry_type":"LineString","vendor":"ERICSSON","folder":"LIEN FH / ERICSSON","color":"#0000FF","width":3.0},"geometry":{"type":"LineString","coordinates":[[-3.9850852,5.30072654],[-3.9921709,5.30763479]]}},{"type":"Feature","properties":{"name":"FH_836_MASSARANA-MARC_GROUP","description":"0","link_type":"FH","geometry_type":"LineString","vendor":"ERICSSON","folder":"LIEN FH / ERICSSON","color":"#0000FF","width":3.0},"geometry":{"type":"LineString","coordinates":[[-3.9850852,5.30072654],[-3.980275,5.30228889]]}},{"type":"Feature","properties":{"name":"FH_837_MASSARANA-ST_PIERRE_ANOUM","description":"0","link_type":"FH","geometry_type":"LineString","vendor":"ERICSSON","folder":"LIEN FH / ERICSSON","color":"#0000FF","width":3.0},"geometry":{"type":"LineString","coordinates":[[-3.9850852,5.30072654],[-3.97194,5.31001]]}},{"type":"Feature","properties":{"name":"FH_838_MASSARANA-DHL","description":"0","link_type":"FH","geometry_type":"LineString","vendor":"ERICSSON","folder":"LIEN FH / ERICSSON","color":"#0000FF","width":3.0},"geometry":{"type":"LineString","coordinates":[[-3.9850852,5.30072654],[-3.9788136,5.29495659]]}},{"type":"Feature","properties":{"name":"FH_839_MASSARANA-INJS","description":"0","link_type":"FH","geometry_type":"LineString","vendor":"ERICSSON","folder":"LIEN FH / ERICSSON","color":"#0000FF","width":3.0},"geometry":{"type":"LineString","coordinates":[[-3.9850852,5.30072654],[-3.981042,5.30606]]}},{"type":"Feature","properties":{"name":"FH_840_JERUSALEM-TT_ROUGE","description":"0","link_type":"FH","geometry_type":"LineString","vendor":"ERICSSON","folder":"LIEN FH / ERICSSON","color":"#0000FF","width":3.0},"geometry":{"type":"LineString","coordinates":[[-4.0438071,5.31967008],[-4.049387,5.33210657]]}},{"type":"Feature","properties":{"name":"FH_841_NONOUAN-MATHIEUKRO","description":"0","link_type":"FH","geometry_type":"LineString","vendor":"ERICSSON","folder":"LIEN FH / ERICSSON","color":"#0000FF","width":3.0},"geometry":{"type":"LineString","coordinates":[[-6.37249,5.02534],[-6.4989455,5.0246144]]}},{"type":"Feature","properties":{"name":"FH_842_NONOUAN-LOBAKUYA","description":"0","link_type":"FH","geometry_type":"LineString","vendor":"ERICSSON","folder":"LIEN FH / ERICSSON","color":"#0000FF","width":3.0},"geometry":{"type":"LineString","coordinates":[[-6.37249,5.02534],[-6.34472,5.08311]]}},{"type":"Feature","properties":{"name":"FH_843_KOUNFAO-KOUN ABRONZO","description":"0","link_type":"FH","geometry_type":"LineString","vendor":"ERICSSON","folder":"LIEN FH / ERICSSON","color":"#0000FF","width":3.0},"geometry":{"type":"LineString","coordinates":[[-3.24882,7.47626],[-3.2888859,7.53722085]]}},{"type":"Feature","properties":{"name":"FH_844_MILLIONAIRE-SABLE","description":"0","link_type":"FH","geometry_type":"LineString","vendor":"ERICSSON","folder":"LIEN FH / ERICSSON","color":"#0000FF","width":3.0},"geometry":{"type":"LineString","coordinates":[[-4.0526086,5.34802934],[-4.0648,5.35466]]}},{"type":"Feature","properties":{"name":"FH_845_MILLIONAIRE-YOP_CITE_DIBY","description":"0","link_type":"FH","geometry_type":"LineString","vendor":"ERICSSON","folder":"LIEN FH / ERICSSON","color":"#0000FF","width":3.0},"geometry":{"type":"LineString","coordinates":[[-4.0526086,5.34802934],[-4.05939,5.355565]]}},{"type":"Feature","properties":{"name":"FH_846_MILLIONAIRE-ST_LOUIS","description":"0","link_type":"FH","geometry_type":"LineString","vendor":"ERICSSON","folder":"LIEN FH / ERICSSON","color":"#0000FF","width":3.0},"geometry":{"type":"LineString","coordinates":[[-4.0526086,5.34802934],[-4.05843,5.34572]]}},{"type":"Feature","properties":{"name":"FH_847_MEMNI-BROFODOUME","description":"0","link_type":"FH","geometry_type":"LineString","vendor":"ERICSSON","folder":"LIEN FH / ERICSSON","color":"#0000FF","width":3.0},"geometry":{"type":"LineString","coordinates":[[-3.7471149,5.50224617],[-3.931602,5.51389914]]}},{"type":"Feature","properties":{"name":"FH_848_TREICHMEC-GALAXY","description":"0","link_type":"FH","geometry_type":"LineString","vendor":"ERICSSON","folder":"LIEN FH / ERICSSON","color":"#0000FF","width":3.0},"geometry":{"type":"LineString","coordinates":[[-4.0050151,5.30411355],[-4.0102192,5.30806685]]}},{"type":"Feature","properties":{"name":"FH_849_ORNELLA-AZITO","description":"0","link_type":"FH","geometry_type":"LineString","vendor":"ERICSSON","folder":"LIEN FH / ERICSSON","color":"#0000FF","width":3.0},"geometry":{"type":"LineString","coordinates":[[-4.0912814,5.31966928],[-4.0801926,5.3049365]]}},{"type":"Feature","properties":{"name":"FH_850_ORNELLA-ACADEMIE","description":"0","link_type":"FH","geometry_type":"LineString","vendor":"ERICSSON","folder":"LIEN FH / ERICSSON","color":"#0000FF","width":3.0},"geometry":{"type":"LineString","coordinates":[[-4.0912814,5.31966928],[-4.1156786,5.31806989]]}},{"type":"Feature","properties":{"name":"FH_851_ORNELLA-LOKOUA_CSOCIAL","description":"0","link_type":"FH","geometry_type":"LineString","vendor":"ERICSSON","folder":"LIEN FH / ERICSSON","color":"#0000FF","width":3.0},"geometry":{"type":"LineString","coordinates":[[-4.0912814,5.31966928],[-4.098058,5.314465]]}},{"type":"Feature","properties":{"name":"FH_852_ORNELLA-COPRIM","description":"0","link_type":"FH","geometry_type":"LineString","vendor":"ERICSSON","folder":"LIEN FH / ERICSSON","color":"#0000FF","width":3.0},"geometry":{"type":"LineString","coordinates":[[-4.0912814,5.31966928],[-4.0962784,5.32354971]]}},{"type":"Feature","properties":{"name":"FH_853_ST_THERESE-DHL","description":"0","link_type":"FH","geometry_type":"LineString","vendor":"ERICSSON","folder":"LIEN FH / ERICSSON","color":"#0000FF","width":3.0},"geometry":{"type":"LineString","coordinates":[[-3.9724401,5.2989194],[-3.9788136,5.29495659]]}},{"type":"Feature","properties":{"name":"FH_854_ST_THERESE-MARC_AKABA2","description":"0","link_type":"FH","geometry_type":"LineString","vendor":"ERICSSON","folder":"LIEN FH / ERICSSON","color":"#0000FF","width":3.0},"geometry":{"type":"LineString","coordinates":[[-3.9724401,5.2989194],[-3.969053,5.298206]]}},{"type":"Feature","properties":{"name":"FH_855_UNICAFE-KOBAKRO_CHATEAU","description":"0","link_type":"FH","geometry_type":"LineString","vendor":"ERICSSON","folder":"LIEN FH / ERICSSON","color":"#0000FF","width":3.0},"geometry":{"type":"LineString","coordinates":[[-4.0547775,5.46450701],[-4.07269,5.4649149]]}},{"type":"Feature","properties":{"name":"FH_856_UNICAFE-ANYAMA","description":"0","link_type":"FH","geometry_type":"LineString","vendor":"ERICSSON","folder":"LIEN FH / ERICSSON","color":"#0000FF","width":3.0},"geometry":{"type":"LineString","coordinates":[[-4.0547775,5.46450701],[-4.0548144,5.47527046]]}},{"type":"Feature","properties":{"name":"FH_857_UNICAFE-PK18_SICOGI","description":"0","link_type":"FH","geometry_type":"LineString","vendor":"ERICSSON","folder":"LIEN FH / ERICSSON","color":"#0000FF","width":3.0},"geometry":{"type":"LineString","coordinates":[[-4.0547775,5.46450701],[-4.04935,5.45777]]}},{"type":"Feature","properties":{"name":"FH_858_YAOU-ABOISSO_COMOE","description":"0","link_type":"FH","geometry_type":"LineString","vendor":"ERICSSON","folder":"LIEN FH / ERICSSON","color":"#0000FF","width":3.0},"geometry":{"type":"LineString","coordinates":[[-3.1414705,5.80339088],[-3.39638,5.73627]]}},{"type":"Feature","properties":{"name":"FH_859_YAOU-KETESSO","description":"0","link_type":"FH","geometry_type":"LineString","vendor":"ERICSSON","folder":"LIEN FH / ERICSSON","color":"#0000FF","width":3.0},"geometry":{"type":"LineString","coordinates":[[-3.1414705,5.80339088],[-3.1768,5.88344]]}},{"type":"Feature","properties":{"name":"FH_860_YAOU-BIANOUAN","description":"0","link_type":"FH","geometry_type":"LineString","vendor":"ERICSSON","folder":"LIEN FH / ERICSSON","color":"#0000FF","width":3.0},"geometry":{"type":"LineString","coordinates":[[-3.1414705,5.80339088],[-3.1831088,6.01600329]]}},{"type":"Feature","properties":{"name":"FH_861_ZI_SOTRA-ANDOKOI","description":"0","link_type":"FH","geometry_type":"LineString","vendor":"ERICSSON","folder":"LIEN FH / ERICSSON","color":"#0000FF","width":3.0},"geometry":{"type":"LineString","coordinates":[[-4.07507,5.36579],[-4.0683895,5.36737636]]}},{"type":"Feature","properties":{"name":"FH_862_TANDA-SIAGO","description":"0","link_type":"FH","geometry_type":"LineString","vendor":"ERICSSON","folder":"LIEN FH / ERICSSON","color":"#0000FF","width":3.0},"geometry":{"type":"LineString","coordinates":[[-3.1708065,7.79610626],[-2.9538905,7.93750296]]}},{"type":"Feature","properties":{"name":"FH_863_MARAHUI-LAOUDIBA","description":"0","link_type":"FH","geometry_type":"LineString","vendor":"ERICSSON","folder":"LIEN FH / ERICSSON","color":"#0000FF","width":3.0},"geometry":{"type":"LineString","coordinates":[[-2.750381,8.614583],[-2.95715,8.30531]]}},{"type":"Feature","properties":{"name":"FH_864_BIRANGO-SELMER","description":"0","link_type":"FH","geometry_type":"LineString","vendor":"ERICSSON","folder":"LIEN FH / ERICSSON","color":"#0000FF","width":3.0},"geometry":{"type":"LineString","coordinates":[[-4.06672,5.34782386],[-4.0634679,5.33933646]]}},{"type":"Feature","properties":{"name":"FH_865_BIRANGO-SELMER_POINTY","description":"0","link_type":"FH","geometry_type":"LineString","vendor":"ERICSSON","folder":"LIEN FH / ERICSSON","color":"#0000FF","width":3.0},"geometry":{"type":"LineString","coordinates":[[-4.06672,5.34782386],[-4.07135,5.34528]]}},{"type":"Feature","properties":{"name":"FH_866_VALLON-ENA","description":"0","link_type":"FH","geometry_type":"LineString","vendor":"ERICSSON","folder":"LIEN FH / ERICSSON","color":"#0000FF","width":3.0},"geometry":{"type":"LineString","coordinates":[[-3.9915232,5.36510895],[-3.9979713,5.36227637]]}},{"type":"Feature","properties":{"name":"FH_867_FEKESSE-ARCHIVES","description":"0","link_type":"FH","geometry_type":"LineString","vendor":"ERICSSON","folder":"LIEN FH / ERICSSON","color":"#0000FF","width":3.0},"geometry":{"type":"LineString","coordinates":[[-3.9105025,5.37380098],[-3.916233,5.365612]]}},{"type":"Feature","properties":{"name":"FH_868_FEKESSE-CITE_MARINA","description":"0","link_type":"FH","geometry_type":"LineString","vendor":"ERICSSON","folder":"LIEN FH / ERICSSON","color":"#0000FF","width":3.0},"geometry":{"type":"LineString","coordinates":[[-3.9105025,5.37380098],[-3.90761,5.36548]]}},{"type":"Feature","properties":{"name":"FH_869_DIVIN_AMOUR-AKOUEDO_NV_CAMP","description":"0","link_type":"FH","geometry_type":"LineString","vendor":"ERICSSON","folder":"LIEN FH / ERICSSON","color":"#0000FF","width":3.0},"geometry":{"type":"LineString","coordinates":[[-3.9511086,5.38136423],[-3.94088,5.38125]]}},{"type":"Feature","properties":{"name":"FH_870_DIVIN_AMOUR-PALMERAIE","description":"0","link_type":"FH","geometry_type":"LineString","vendor":"ERICSSON","folder":"LIEN FH / ERICSSON","color":"#0000FF","width":3.0},"geometry":{"type":"LineString","coordinates":[[-3.9511086,5.38136423],[-3.9519543,5.36808443]]}},{"type":"Feature","properties":{"name":"FH_871_ACADJOBA-TERMINUS_27","description":"0","link_type":"FH","geometry_type":"LineString","vendor":"ERICSSON","folder":"LIEN FH / ERICSSON","color":"#0000FF","width":3.0},"geometry":{"type":"LineString","coordinates":[[-4.0811282,5.32399256],[-4.0894,5.3164]]}},{"type":"Feature","properties":{"name":"FH_872_ACADJOBA-KOUWEIT_PIERRE_GADIE","description":"0","link_type":"FH","geometry_type":"LineString","vendor":"ERICSSON","folder":"LIEN FH / ERICSSON","color":"#0000FF","width":3.0},"geometry":{"type":"LineString","coordinates":[[-4.0811282,5.32399256],[-4.07386,5.32568]]}},{"type":"Feature","properties":{"name":"FH_873_ACADJOBA-PHOENIX","description":"0","link_type":"FH","geometry_type":"LineString","vendor":"ERICSSON","folder":"LIEN FH / ERICSSON","color":"#0000FF","width":3.0},"geometry":{"type":"LineString","coordinates":[[-4.0811282,5.32399256],[-4.0758911,5.34800702]]}},{"type":"Feature","properties":{"name":"FH_874_KOUAKRO_CIT-NZIKRO","description":"0","link_type":"FH","geometry_type":"LineString","vendor":"ERICSSON","folder":"LIEN FH / ERICSSON","color":"#0000FF","width":3.0},"geometry":{"type":"LineString","coordinates":[[-3.4905582,5.28499696],[-3.40521,5.39312]]}},{"type":"Feature","properties":{"name":"FH_875_ASSUEFRY-TANDA","description":"0","link_type":"FH","geometry_type":"LineString","vendor":"ERICSSON","folder":"LIEN FH / ERICSSON","color":"#0000FF","width":3.0},"geometry":{"type":"LineString","coordinates":[[-2.97838,7.70243],[-3.1708065,7.79610626]]}},{"type":"Feature","properties":{"name":"FH_876_CITE_PORT-GARE_DE_BASSAM","description":"0","link_type":"FH","geometry_type":"LineString","vendor":"ERICSSON","folder":"LIEN FH / ERICSSON","color":"#0000FF","width":3.0},"geometry":{"type":"LineString","coordinates":[[-4.00509,5.2877],[-4.004139,5.298611]]}},{"type":"Feature","properties":{"name":"FH_877_YOP_ZI-CIMAF","description":"0","link_type":"FH","geometry_type":"LineString","vendor":"ERICSSON","folder":"LIEN FH / ERICSSON","color":"#0000FF","width":3.0},"geometry":{"type":"LineString","coordinates":[[-4.0765573,5.37286135],[-4.0747203,5.38028144]]}},{"type":"Feature","properties":{"name":"FH_878_YOP_ZI-ANDOKOI","description":"0","link_type":"FH","geometry_type":"LineString","vendor":"ERICSSON","folder":"LIEN FH / ERICSSON","color":"#0000FF","width":3.0},"geometry":{"type":"LineString","coordinates":[[-4.0765573,5.37286135],[-4.0683895,5.36737636]]}},{"type":"Feature","properties":{"name":"FH_879_KOWEIT_TERMINUS_209-JERUSALEM","description":"0","link_type":"FH","geometry_type":"LineString","vendor":"ERICSSON","folder":"LIEN FH / ERICSSON","color":"#0000FF","width":3.0},"geometry":{"type":"LineString","coordinates":[[-4.05681,5.32508],[-4.0438071,5.31967008]]}},{"type":"Feature","properties":{"name":"FH_880_ST_FRANCOIS-GD_MOSQUEE","description":"0","link_type":"FH","geometry_type":"LineString","vendor":"ERICSSON","folder":"LIEN FH / ERICSSON","color":"#0000FF","width":3.0},"geometry":{"type":"LineString","coordinates":[[-3.961139,5.293417],[-3.9660127,5.29153044]]}},{"type":"Feature","properties":{"name":"FH_881_IMBLE_HEVEA-STADE","description":"0","link_type":"FH","geometry_type":"LineString","vendor":"ERICSSON","folder":"LIEN FH / ERICSSON","color":"#0000FF","width":3.0},"geometry":{"type":"LineString","coordinates":[[-4.02294,5.32863],[-4.0197262,5.32749823]]}},{"type":"Feature","properties":{"name":"FH_882_AGBAN-GRACES","description":"0","link_type":"FH","geometry_type":"LineString","vendor":"ERICSSON","folder":"LIEN FH / ERICSSON","color":"#0000FF","width":3.0},"geometry":{"type":"LineString","coordinates":[[-4.0084,5.3622],[-4.00676,5.36905]]}},{"type":"Feature","properties":{"name":"FH_883_LEPIC-FRATERNITE MATIN","description":"0","link_type":"FH","geometry_type":"LineString","vendor":"ERICSSON","folder":"LIEN FH / ERICSSON","color":"#0000FF","width":3.0},"geometry":{"type":"LineString","coordinates":[[-4.0106758,5.34450896],[-4.018605,5.343915]]}},{"type":"Feature","properties":{"name":"FH_884_COLLEGE_SINGA2-BASE_CIE","description":"0","link_type":"FH","geometry_type":"LineString","vendor":"ERICSSON","folder":"LIEN FH / ERICSSON","color":"#0000FF","width":3.0},"geometry":{"type":"LineString","coordinates":[[-4.0923055,5.33886111],[-4.0893761,5.33430731]]}},{"type":"Feature","properties":{"name":"FH_885_DIAPE-ATTOBROU","description":"0","link_type":"FH","geometry_type":"LineString","vendor":"ERICSSON","folder":"LIEN FH / ERICSSON","color":"#0000FF","width":3.0},"geometry":{"type":"LineString","coordinates":[[-3.92875,6.01554],[-4.054389,6.090611]]}},{"type":"Feature","properties":{"name":"FH_886_DIAPE-MIADZIN","description":"0","link_type":"FH","geometry_type":"LineString","vendor":"ERICSSON","folder":"LIEN FH / ERICSSON","color":"#0000FF","width":3.0},"geometry":{"type":"LineString","coordinates":[[-3.92875,6.01554],[-3.904345,6.04504]]}},{"type":"Feature","properties":{"name":"FH_887_DIAPE-ASSIKOI","description":"0","link_type":"FH","geometry_type":"LineString","vendor":"ERICSSON","folder":"LIEN FH / ERICSSON","color":"#0000FF","width":3.0},"geometry":{"type":"LineString","coordinates":[[-3.92875,6.01554],[-3.809333,5.993333]]}},{"type":"Feature","properties":{"name":"FH_888_BEBOU-EHUASSO","description":"0","link_type":"FH","geometry_type":"LineString","vendor":"ERICSSON","folder":"LIEN FH / ERICSSON","color":"#0000FF","width":3.0},"geometry":{"type":"LineString","coordinates":[[-3.41405,6.3664],[-3.44797,6.32783]]}},{"type":"Feature","properties":{"name":"FH_889_DIAMANAKRO-ZARANOU","description":"0","link_type":"FH","geometry_type":"LineString","vendor":"ERICSSON","folder":"LIEN FH / ERICSSON","color":"#0000FF","width":3.0},"geometry":{"type":"LineString","coordinates":[[-3.31633,6.23429818],[-3.3589957,6.42829925]]}},{"type":"Feature","properties":{"name":"FH_890_DIAMANAKRO-BIANOUAN","description":"0","link_type":"FH","geometry_type":"LineString","vendor":"ERICSSON","folder":"LIEN FH / ERICSSON","color":"#0000FF","width":3.0},"geometry":{"type":"LineString","coordinates":[[-3.31633,6.23429818],[-3.1831088,6.01600329]]}},{"type":"Feature","properties":{"name":"FH_891_BLANCHON-BINGES_ANADER","description":"0","link_type":"FH","geometry_type":"LineString","vendor":"ERICSSON","folder":"LIEN FH / ERICSSON","color":"#0000FF","width":3.0},"geometry":{"type":"LineString","coordinates":[[-3.8808326,5.35806018],[-3.8733391,5.36880791]]}},{"type":"Feature","properties":{"name":"FH_892_BLANCHON-BINGES","description":"0","link_type":"FH","geometry_type":"LineString","vendor":"ERICSSON","folder":"LIEN FH / ERICSSON","color":"#0000FF","width":3.0},"geometry":{"type":"LineString","coordinates":[[-3.8808326,5.35806018],[-3.890418,5.358779]]}},{"type":"Feature","properties":{"name":"FH_893_BONDOUKOU2-DJIMINISSO","description":"0","link_type":"FH","geometry_type":"LineString","vendor":"ERICSSON","folder":"LIEN FH / ERICSSON","color":"#0000FF","width":3.0},"geometry":{"type":"LineString","coordinates":[[-2.8088055,8.04505555],[-2.7994974,8.04194185]]}},{"type":"Feature","properties":{"name":"FH_894_ROUTE_SONGON-KM17","description":"0","link_type":"FH","geometry_type":"LineString","vendor":"ERICSSON","folder":"LIEN FH / ERICSSON","color":"#0000FF","width":3.0},"geometry":{"type":"LineString","coordinates":[[-4.15615,5.34255],[-4.1324267,5.33789266]]}},{"type":"Feature","properties":{"name":"FH_895_TOUIH-MATHIEUKRO","description":"0","link_type":"FH","geometry_type":"LineString","vendor":"ERICSSON","folder":"LIEN FH / ERICSSON","color":"#0000FF","width":3.0},"geometry":{"type":"LineString","coordinates":[[-6.52705,5.25822],[-6.4989455,5.0246144]]}},{"type":"Feature","properties":{"name":"FH_896_TOUIH-MEAGUI_CIT","description":"0","link_type":"FH","geometry_type":"LineString","vendor":"ERICSSON","folder":"LIEN FH / ERICSSON","color":"#0000FF","width":3.0},"geometry":{"type":"LineString","coordinates":[[-6.52705,5.25822],[-6.5664,5.4005]]}},{"type":"Feature","properties":{"name":"FH_897_KRINDJABO-MAFERE","description":"0","link_type":"FH","geometry_type":"LineString","vendor":"ERICSSON","folder":"LIEN FH / ERICSSON","color":"#0000FF","width":3.0},"geometry":{"type":"LineString","coordinates":[[-3.2079974,5.39810115],[-3.0262227,5.415804]]}},{"type":"Feature","properties":{"name":"FH_898_TREICHENTER-GALAXY","description":"0","link_type":"FH","geometry_type":"LineString","vendor":"ERICSSON","folder":"LIEN FH / ERICSSON","color":"#0000FF","width":3.0},"geometry":{"type":"LineString","coordinates":[[-4.0156175,5.30929718],[-4.0102192,5.30806685]]}},{"type":"Feature","properties":{"name":"FH_899_ETOILE-BAD","description":"0","link_type":"FH","geometry_type":"LineString","vendor":"ERICSSON","folder":"LIEN FH / ERICSSON","color":"#0000FF","width":3.0},"geometry":{"type":"LineString","coordinates":[[-4.0218353,5.4341635],[-4.0232862,5.42746769]]}},{"type":"Feature","properties":{"name":"FH_900_ETOILE-COLATIER","description":"0","link_type":"FH","geometry_type":"LineString","vendor":"ERICSSON","folder":"LIEN FH / ERICSSON","color":"#0000FF","width":3.0},"geometry":{"type":"LineString","coordinates":[[-4.0218353,5.4341635],[-4.0132094,5.44107945]]}},{"type":"Feature","properties":{"name":"FH_901_DASSIOKO_CIT-FRESCO","description":"0","link_type":"FH","geometry_type":"LineString","vendor":"ERICSSON","folder":"LIEN FH / ERICSSON","color":"#0000FF","width":3.0},"geometry":{"type":"LineString","coordinates":[[-5.8395802,5.11499759],[-5.5859504,5.10314843]]}},{"type":"Feature","properties":{"name":"FH_902_DASSIOKO_CIT-ZUZUOKO","description":"0","link_type":"FH","geometry_type":"LineString","vendor":"ERICSSON","folder":"LIEN FH / ERICSSON","color":"#0000FF","width":3.0},"geometry":{"type":"LineString","coordinates":[[-5.8395802,5.11499759],[-5.75764,5.10697]]}},{"type":"Feature","properties":{"name":"FH_903_IMPROBOIS-ADZOPE","description":"0","link_type":"FH","geometry_type":"LineString","vendor":"ERICSSON","folder":"LIEN FH / ERICSSON","color":"#0000FF","width":3.0},"geometry":{"type":"LineString","coordinates":[[-3.8545399,6.12011004],[-3.8604889,6.0991788]]}},{"type":"Feature","properties":{"name":"FH_904_ABOISSO_2-ABOISSO","description":"0","link_type":"FH","geometry_type":"LineString","vendor":"ERICSSON","folder":"LIEN FH / ERICSSON","color":"#0000FF","width":3.0},"geometry":{"type":"LineString","coordinates":[[-3.213479,5.466235],[-3.2010971,5.46725449]]}},{"type":"Feature","properties":{"name":"FH_905_AGBOVILLE-AGBO_SOKOURA","description":"0","link_type":"FH","geometry_type":"LineString","vendor":"ERICSSON","folder":"LIEN FH / ERICSSON","color":"#0000FF","width":3.0},"geometry":{"type":"LineString","coordinates":[[-4.21551,5.927626],[-4.22396,5.94433]]}},{"type":"Feature","properties":{"name":"FH_906_AGBOVILLE-AGBO_Millionnaire 2","description":"0","link_type":"FH","geometry_type":"LineString","vendor":"ERICSSON","folder":"LIEN FH / ERICSSON","color":"#0000FF","width":3.0},"geometry":{"type":"LineString","coordinates":[[-4.21551,5.927626],[-4.197608,5.902291]]}},{"type":"Feature","properties":{"name":"FH_907_ADAOU-NZIKRO","description":"0","link_type":"FH","geometry_type":"LineString","vendor":"ERICSSON","folder":"LIEN FH / ERICSSON","color":"#0000FF","width":3.0},"geometry":{"type":"LineString","coordinates":[[-3.2653996,5.42569748],[-3.40521,5.39312]]}},{"type":"Feature","properties":{"name":"FH_908_ADAOU-AYENOUAN","description":"0","link_type":"FH","geometry_type":"LineString","vendor":"ERICSSON","folder":"LIEN FH / ERICSSON","color":"#0000FF","width":3.0},"geometry":{"type":"LineString","coordinates":[[-3.2653996,5.42569748],[-3.32623,5.38326]]}},{"type":"Feature","properties":{"name":"FH_909_SOGEPHIA_SOLIDE-PMI","description":"0","link_type":"FH","geometry_type":"LineString","vendor":"ERICSSON","folder":"LIEN FH / ERICSSON","color":"#0000FF","width":3.0},"geometry":{"type":"LineString","coordinates":[[-4.08168,5.33818],[-4.07993,5.34365]]}},{"type":"Feature","properties":{"name":"FH_910_BLIDOUBA-IBOKE","description":"0","link_type":"FH","geometry_type":"LineString","vendor":"ERICSSON","folder":"LIEN FH / ERICSSON","color":"#0000FF","width":3.0},"geometry":{"type":"LineString","coordinates":[[-7.42081,4.59582],[-7.40475,4.68489]]}},{"type":"Feature","properties":{"name":"FH_911_KODIOUSSOU-ABIE","description":"0","link_type":"FH","geometry_type":"LineString","vendor":"ERICSSON","folder":"LIEN FH / ERICSSON","color":"#0000FF","width":3.0},"geometry":{"type":"LineString","coordinates":[[-3.755556,5.765],[-3.9215,5.868333]]}},{"type":"Feature","properties":{"name":"FH_912_PENTECOTE-YOP_ANADOR","description":"0","link_type":"FH","geometry_type":"LineString","vendor":"ERICSSON","folder":"LIEN FH / ERICSSON","color":"#0000FF","width":3.0},"geometry":{"type":"LineString","coordinates":[[-4.0969931,5.33981115],[-4.101,5.3356]]}},{"type":"Feature","properties":{"name":"FH_913_PENTECOTE-LUBAF","description":"0","link_type":"FH","geometry_type":"LineString","vendor":"ERICSSON","folder":"LIEN FH / ERICSSON","color":"#0000FF","width":3.0},"geometry":{"type":"LineString","coordinates":[[-4.0969931,5.33981115],[-4.1049465,5.33152989]]}},{"type":"Feature","properties":{"name":"FH_914_PENTECOTE-CARR_ANTENNE","description":"0","link_type":"FH","geometry_type":"LineString","vendor":"ERICSSON","folder":"LIEN FH / ERICSSON","color":"#0000FF","width":3.0},"geometry":{"type":"LineString","coordinates":[[-4.0969931,5.33981115],[-4.0975,5.33279]]}},{"type":"Feature","properties":{"name":"FH_915_ABENG-CHATEAU","description":"0","link_type":"FH","geometry_type":"LineString","vendor":"ERICSSON","folder":"LIEN FH / ERICSSON","color":"#0000FF","width":3.0},"geometry":{"type":"LineString","coordinates":[[-3.5148009,6.72221685],[-3.4983295,6.72748042]]}},{"type":"Feature","properties":{"name":"FH_916_DABOU_SODECI-DABOU","description":"0","link_type":"FH","geometry_type":"LineString","vendor":"ERICSSON","folder":"LIEN FH / ERICSSON","color":"#0000FF","width":3.0},"geometry":{"type":"LineString","coordinates":[[-4.37356,5.32859],[-4.3775,5.323]]}},{"type":"Feature","properties":{"name":"FH_917_AKOBOISSUE-MANZANOUAN","description":"0","link_type":"FH","geometry_type":"LineString","vendor":"ERICSSON","folder":"LIEN FH / ERICSSON","color":"#0000FF","width":3.0},"geometry":{"type":"LineString","coordinates":[[-3.23528,6.96552],[-3.28974,6.84277]]}},{"type":"Feature","properties":{"name":"FH_918_ATTECOUBE-BSC_YOP","description":"0","link_type":"FH","geometry_type":"LineString","vendor":"ERICSSON","folder":"LIEN FH / ERICSSON","color":"#0000FF","width":3.0},"geometry":{"type":"LineString","coordinates":[[-4.0346383,5.35161463],[-4.05034,5.34686]]}},{"type":"Feature","properties":{"name":"FH_919_OLODIO-IRATEKE","description":"0","link_type":"FH","geometry_type":"LineString","vendor":"ERICSSON","folder":"LIEN FH / ERICSSON","color":"#0000FF","width":3.0},"geometry":{"type":"LineString","coordinates":[[-7.47,4.71301],[-7.258567,4.71005]]}},{"type":"Feature","properties":{"name":"FH_920_TREICH_BELLEVILLE-ARRAS","description":"0","link_type":"FH","geometry_type":"LineString","vendor":"ERICSSON","folder":"LIEN FH / ERICSSON","color":"#0000FF","width":3.0},"geometry":{"type":"LineString","coordinates":[[-4.00098,5.30521],[-4.0018525,5.30143227]]}},{"type":"Feature","properties":{"name":"FH_921_BLOKOSSO-VIGA","description":"0","link_type":"FH","geometry_type":"LineString","vendor":"ERICSSON","folder":"LIEN FH / ERICSSON","color":"#0000FF","width":3.0},"geometry":{"type":"LineString","coordinates":[[-4.0021308,5.32291409],[-3.9955245,5.31122033]]}},{"type":"Feature","properties":{"name":"FH_922_ADJAME_BINGES-BLANCHON","description":"0","link_type":"FH","geometry_type":"LineString","vendor":"ERICSSON","folder":"LIEN FH / ERICSSON","color":"#0000FF","width":3.0},"geometry":{"type":"LineString","coordinates":[[-3.8729,5.3479],[-3.8808326,5.35806018]]}},{"type":"Feature","properties":{"name":"FH_923_BADO17-SEWEKE","description":"0","link_type":"FH","geometry_type":"LineString","vendor":"ERICSSON","folder":"LIEN FH / ERICSSON","color":"#0000FF","width":3.0},"geometry":{"type":"LineString","coordinates":[[-6.65603,4.77413],[-6.6456,4.7625]]}},{"type":"Feature","properties":{"name":"FH_924_SIBHARMONY-IMBLE_HEVEA","description":"0","link_type":"FH","geometry_type":"LineString","vendor":"ERICSSON","folder":"LIEN FH / ERICSSON","color":"#0000FF","width":3.0},"geometry":{"type":"LineString","coordinates":[[-4.023009,5.32993],[-4.02294,5.32863]]}},{"type":"Feature","properties":{"name":"FH_925_TAKIKRO-TIENKOIKRO","description":"0","link_type":"FH","geometry_type":"LineString","vendor":"ERICSSON","folder":"LIEN FH / ERICSSON","color":"#0000FF","width":3.0},"geometry":{"type":"LineString","coordinates":[[-2.96187,7.23675],[-3.06618,7.21983]]}},{"type":"Feature","properties":{"name":"FH_926_TERMINUS-AMAKEBOU","description":"0","link_type":"FH","geometry_type":"LineString","vendor":"ERICSSON","folder":"LIEN FH / ERICSSON","color":"#0000FF","width":3.0},"geometry":{"type":"LineString","coordinates":[[-4.0116737,5.43488613],[-4.0151085,5.42171975]]}},{"type":"Feature","properties":{"name":"FH_927_TERMINUS-COLATIER","description":"0","link_type":"FH","geometry_type":"LineString","vendor":"ERICSSON","folder":"LIEN FH / ERICSSON","color":"#0000FF","width":3.0},"geometry":{"type":"LineString","coordinates":[[-4.0116737,5.43488613],[-4.0132094,5.44107945]]}},{"type":"Feature","properties":{"name":"FH_928_MASSIMBA-ADZOPE","description":"0","link_type":"FH","geometry_type":"LineString","vendor":"ERICSSON","folder":"LIEN FH / ERICSSON","color":"#0000FF","width":3.0},"geometry":{"type":"LineString","coordinates":[[-3.8685735,6.11406337],[-3.8604889,6.0991788]]}},{"type":"Feature","properties":{"name":"FH_929_BLOCKOSS_ST_PIER-BLOKOSSO","description":"0","link_type":"FH","geometry_type":"LineString","vendor":"ERICSSON","folder":"LIEN FH / ERICSSON","color":"#0000FF","width":3.0},"geometry":{"type":"LineString","coordinates":[[-3.99793,5.32552],[-4.0021308,5.32291409]]}},{"type":"Feature","properties":{"name":"FH_930_KODJINAN-LOBIKRO","description":"0","link_type":"FH","geometry_type":"LineString","vendor":"ERICSSON","folder":"LIEN FH / ERICSSON","color":"#0000FF","width":3.0},"geometry":{"type":"LineString","coordinates":[[-3.60725,6.71643],[-3.5061712,6.74194552]]}},{"type":"Feature","properties":{"name":"FH_931_BATIM2-MAROC","description":"0","link_type":"FH","geometry_type":"LineString","vendor":"ERICSSON","folder":"LIEN FH / ERICSSON","color":"#0000FF","width":3.0},"geometry":{"type":"LineString","coordinates":[[-4.0905507,5.3606259],[-4.1003377,5.34805409]]}},{"type":"Feature","properties":{"name":"FH_932_BATIM2-OASIS","description":"0","link_type":"FH","geometry_type":"LineString","vendor":"ERICSSON","folder":"LIEN FH / ERICSSON","color":"#0000FF","width":3.0},"geometry":{"type":"LineString","coordinates":[[-4.0905507,5.3606259],[-4.0988907,5.35644129]]}},{"type":"Feature","properties":{"name":"FH_933_BATIM2-YOPOUGON","description":"0","link_type":"FH","geometry_type":"LineString","vendor":"ERICSSON","folder":"LIEN FH / ERICSSON","color":"#0000FF","width":3.0},"geometry":{"type":"LineString","coordinates":[[-4.0905507,5.3606259],[-4.092252,5.353336]]}},{"type":"Feature","properties":{"name":"FH_934_BATIM2-CARREFOUR_CHU","description":"0","link_type":"FH","geometry_type":"LineString","vendor":"ERICSSON","folder":"LIEN FH / ERICSSON","color":"#0000FF","width":3.0},"geometry":{"type":"LineString","coordinates":[[-4.0905507,5.3606259],[-4.0803948,5.35860881]]}},{"type":"Feature","properties":{"name":"FH_935_GAKOUKA-PMI","description":"0","link_type":"FH","geometry_type":"LineString","vendor":"ERICSSON","folder":"LIEN FH / ERICSSON","color":"#0000FF","width":3.0},"geometry":{"type":"LineString","coordinates":[[-4.0747518,5.33116732],[-4.07993,5.34365]]}},{"type":"Feature","properties":{"name":"FH_936_YOP_NV_BUREAU-PHCIE_TIZRA","description":"0","link_type":"FH","geometry_type":"LineString","vendor":"ERICSSON","folder":"LIEN FH / ERICSSON","color":"#0000FF","width":3.0},"geometry":{"type":"LineString","coordinates":[[-4.06107,5.33314],[-4.05557,5.33376]]}},{"type":"Feature","properties":{"name":"FH_937_TENDENCE-COLOMBE","description":"0","link_type":"FH","geometry_type":"LineString","vendor":"ERICSSON","folder":"LIEN FH / ERICSSON","color":"#0000FF","width":3.0},"geometry":{"type":"LineString","coordinates":[[-3.9720041,5.29130399],[-3.965031,5.29858728]]}},{"type":"Feature","properties":{"name":"FH_938_SITARAIL_CIPEX-CI-SITARAIL","description":"0","link_type":"FH","geometry_type":"LineString","vendor":"ERICSSON","folder":"LIEN FH / ERICSSON","color":"#0000FF","width":3.0},"geometry":{"type":"LineString","coordinates":[[-4.01647,5.3013],[-4.0132587,5.30156746]]}},{"type":"Feature","properties":{"name":"FH_939_PALLIER-PAILLET_AZITO","description":"0","link_type":"FH","geometry_type":"LineString","vendor":"ERICSSON","folder":"LIEN FH / ERICSSON","color":"#0000FF","width":3.0},"geometry":{"type":"LineString","coordinates":[[-4.01305,5.37765],[-4.012349,5.371556]]}},{"type":"Feature","properties":{"name":"FH_940_PALLIER-SOCOCE","description":"0","link_type":"FH","geometry_type":"LineString","vendor":"ERICSSON","folder":"LIEN FH / ERICSSON","color":"#0000FF","width":3.0},"geometry":{"type":"LineString","coordinates":[[-4.01305,5.37765],[-3.9972825,5.37162115]]}},{"type":"Feature","properties":{"name":"FH_941_ARRAH-ABONGOUA_KOTOBI","description":"0","link_type":"FH","geometry_type":"LineString","vendor":"ERICSSON","folder":"LIEN FH / ERICSSON","color":"#0000FF","width":3.0},"geometry":{"type":"LineString","coordinates":[[-3.9706673,6.68277735],[-4.094427,6.64822]]}},{"type":"Feature","properties":{"name":"FH_942_ARRAH-ARRAH_Belle Ville","description":"0","link_type":"FH","geometry_type":"LineString","vendor":"ERICSSON","folder":"LIEN FH / ERICSSON","color":"#0000FF","width":3.0},"geometry":{"type":"LineString","coordinates":[[-3.9706673,6.68277735],[-3.970059,6.668216]]}},{"type":"Feature","properties":{"name":"FH_943_ROSIER_PRGME6_EXT-FEKESSE","description":"0","link_type":"FH","geometry_type":"LineString","vendor":"ERICSSON","folder":"LIEN FH / ERICSSON","color":"#0000FF","width":3.0},"geometry":{"type":"LineString","coordinates":[[-3.908926,5.392653],[-3.9105025,5.37380098]]}},{"type":"Feature","properties":{"name":"FH_944_LAOGUIE-LYCEE","description":"0","link_type":"FH","geometry_type":"LineString","vendor":"ERICSSON","folder":"LIEN FH / ERICSSON","color":"#0000FF","width":3.0},"geometry":{"type":"LineString","coordinates":[[-4.1608369,5.96500117],[-4.1973,5.9351]]}},{"type":"Feature","properties":{"name":"FH_945_SANTE-JERUSALEM","description":"0","link_type":"FH","geometry_type":"LineString","vendor":"ERICSSON","folder":"LIEN FH / ERICSSON","color":"#0000FF","width":3.0},"geometry":{"type":"LineString","coordinates":[[-4.0457311,5.31007003],[-4.0438071,5.31967008]]}},{"type":"Feature","properties":{"name":"FH_946_YOCOBOUE-IROBO","description":"0","link_type":"FH","geometry_type":"LineString","vendor":"ERICSSON","folder":"LIEN FH / ERICSSON","color":"#0000FF","width":3.0},"geometry":{"type":"LineString","coordinates":[[-5.10925,5.27539],[-4.7979963,5.28332763]]}},{"type":"Feature","properties":{"name":"FH_947_YOCOBOUE-KROKROM","description":"0","link_type":"FH","geometry_type":"LineString","vendor":"ERICSSON","folder":"LIEN FH / ERICSSON","color":"#0000FF","width":3.0},"geometry":{"type":"LineString","coordinates":[[-5.10925,5.27539],[-5.409166,5.21380959]]}},{"type":"Feature","properties":{"name":"FH_948_YOCOBOUE-ADAHIDOUGOU","description":"0","link_type":"FH","geometry_type":"LineString","vendor":"ERICSSON","folder":"LIEN FH / ERICSSON","color":"#0000FF","width":3.0},"geometry":{"type":"LineString","coordinates":[[-5.10925,5.27539],[-5.23066,5.30905]]}},{"type":"Feature","properties":{"name":"FH_949_INSP-ATTECOUBE","description":"0","link_type":"FH","geometry_type":"LineString","vendor":"ERICSSON","folder":"LIEN FH / ERICSSON","color":"#0000FF","width":3.0},"geometry":{"type":"LineString","coordinates":[[-4.0282023,5.33983972],[-4.0346383,5.35161463]]}},{"type":"Feature","properties":{"name":"FH_950_INSP-NEW_MISSION_LIBANAISE","description":"0","link_type":"FH","geometry_type":"LineString","vendor":"ERICSSON","folder":"LIEN FH / ERICSSON","color":"#0000FF","width":3.0},"geometry":{"type":"LineString","coordinates":[[-4.0282023,5.33983972],[-4.024385,5.340354]]}},{"type":"Feature","properties":{"name":"FH_951_DABOU-RODE","description":"0","link_type":"FH","geometry_type":"LineString","vendor":"ERICSSON","folder":"LIEN FH / ERICSSON","color":"#0000FF","width":3.0},"geometry":{"type":"LineString","coordinates":[[-4.3775,5.323],[-4.371167,5.33725]]}},{"type":"Feature","properties":{"name":"FH_952_DABOU-DABOU_CSM","description":"0","link_type":"FH","geometry_type":"LineString","vendor":"ERICSSON","folder":"LIEN FH / ERICSSON","color":"#0000FF","width":3.0},"geometry":{"type":"LineString","coordinates":[[-4.3775,5.323],[-4.38721,5.32528]]}},{"type":"Feature","properties":{"name":"FH_953_EBIKRO_N'DAKRO-AKRESSI","description":"0","link_type":"FH","geometry_type":"LineString","vendor":"ERICSSON","folder":"LIEN FH / ERICSSON","color":"#0000FF","width":3.0},"geometry":{"type":"LineString","coordinates":[[-3.10324,5.72172],[-3.072167,5.664889]]}},{"type":"Feature","properties":{"name":"FH_954_EBIKRO_N'DAKRO-YAOU","description":"0","link_type":"FH","geometry_type":"LineString","vendor":"ERICSSON","folder":"LIEN FH / ERICSSON","color":"#0000FF","width":3.0},"geometry":{"type":"LineString","coordinates":[[-3.10324,5.72172],[-3.1414705,5.80339088]]}},{"type":"Feature","properties":{"name":"FH_955_BONDOUKOU-BAMARASSO","description":"0","link_type":"FH","geometry_type":"LineString","vendor":"ERICSSON","folder":"LIEN FH / ERICSSON","color":"#0000FF","width":3.0},"geometry":{"type":"LineString","coordinates":[[-2.8063904,8.03166948],[-2.797777,8.0341944]]}},{"type":"Feature","properties":{"name":"FH_956_BONDOUKOU-DJIMINISSO","description":"0","link_type":"FH","geometry_type":"LineString","vendor":"ERICSSON","folder":"LIEN FH / ERICSSON","color":"#0000FF","width":3.0},"geometry":{"type":"LineString","coordinates":[[-2.8063904,8.03166948],[-2.7994974,8.04194185]]}},{"type":"Feature","properties":{"name":"FH_957_BONDOUKOU-KAMAGAYA","description":"0","link_type":"FH","geometry_type":"LineString","vendor":"ERICSSON","folder":"LIEN FH / ERICSSON","color":"#0000FF","width":3.0},"geometry":{"type":"LineString","coordinates":[[-2.8063904,8.03166948],[-2.785,8.0265]]}},{"type":"Feature","properties":{"name":"FH_958_ABOULIE-MAFERE","description":"0","link_type":"FH","geometry_type":"LineString","vendor":"ERICSSON","folder":"LIEN FH / ERICSSON","color":"#0000FF","width":3.0},"geometry":{"type":"LineString","coordinates":[[-2.9346388,5.45372222],[-3.0262227,5.415804]]}},{"type":"Feature","properties":{"name":"FH_959_SAPLI-LAOUDIBA","description":"0","link_type":"FH","geometry_type":"LineString","vendor":"ERICSSON","folder":"LIEN FH / ERICSSON","color":"#0000FF","width":3.0},"geometry":{"type":"LineString","coordinates":[[-2.96643,8.15796],[-2.95715,8.30531]]}},{"type":"Feature","properties":{"name":"FH_960_YOP_TEXACO-AKANE","description":"0","link_type":"FH","geometry_type":"LineString","vendor":"ERICSSON","folder":"LIEN FH / ERICSSON","color":"#0000FF","width":3.0},"geometry":{"type":"LineString","coordinates":[[-4.0919084,5.32722066],[-4.0882514,5.34127389]]}},{"type":"Feature","properties":{"name":"FH_961_PETIT_YAPO-LOVIGUIE","description":"0","link_type":"FH","geometry_type":"LineString","vendor":"ERICSSON","folder":"LIEN FH / ERICSSON","color":"#0000FF","width":3.0},"geometry":{"type":"LineString","coordinates":[[-4.143,5.80293],[-4.328489,5.809316]]}},{"type":"Feature","properties":{"name":"FH_962_SANKADIOKRO-LOBIKRO","description":"0","link_type":"FH","geometry_type":"LineString","vendor":"ERICSSON","folder":"LIEN FH / ERICSSON","color":"#0000FF","width":3.0},"geometry":{"type":"LineString","coordinates":[[-3.4824478,6.86179827],[-3.5061712,6.74194552]]}},{"type":"Feature","properties":{"name":"FH_963_AGBOVILLE_SAPH-ANNO","description":"0","link_type":"FH","geometry_type":"LineString","vendor":"ERICSSON","folder":"LIEN FH / ERICSSON","color":"#0000FF","width":3.0},"geometry":{"type":"LineString","coordinates":[[-4.3331976,5.94150358],[-4.38155,5.8587]]}},{"type":"Feature","properties":{"name":"FH_964_AGBOVILLE_SAPH-OFFA","description":"0","link_type":"FH","geometry_type":"LineString","vendor":"ERICSSON","folder":"LIEN FH / ERICSSON","color":"#0000FF","width":3.0},"geometry":{"type":"LineString","coordinates":[[-4.3331976,5.94150358],[-4.363774,5.934664]]}},{"type":"Feature","properties":{"name":"FH_965_AKOUPE-BACON","description":"0","link_type":"FH","geometry_type":"LineString","vendor":"ERICSSON","folder":"LIEN FH / ERICSSON","color":"#0000FF","width":3.0},"geometry":{"type":"LineString","coordinates":[[-3.8856593,6.38121188],[-3.91486,6.34801]]}},{"type":"Feature","properties":{"name":"FH_966_NOE-MAFERE","description":"0","link_type":"FH","geometry_type":"LineString","vendor":"ERICSSON","folder":"LIEN FH / ERICSSON","color":"#0000FF","width":3.0},"geometry":{"type":"LineString","coordinates":[[-2.7983293,5.28999796],[-3.0262227,5.415804]]}},{"type":"Feature","properties":{"name":"FH_967_GESCO_HEVEA-GESCO","description":"0","link_type":"FH","geometry_type":"LineString","vendor":"ERICSSON","folder":"LIEN FH / ERICSSON","color":"#0000FF","width":3.0},"geometry":{"type":"LineString","coordinates":[[-4.10776,5.35874],[-4.1083373,5.36545102]]}},{"type":"Feature","properties":{"name":"FH_968_CITE_RAN-ACACIAS","description":"0","link_type":"FH","geometry_type":"LineString","vendor":"ERICSSON","folder":"LIEN FH / ERICSSON","color":"#0000FF","width":3.0},"geometry":{"type":"LineString","coordinates":[[-4.0239234,5.32264309],[-4.0204993,5.32569697]]}},{"type":"Feature","properties":{"name":"FH_969_CITE_RAN-CERCLE_RAIL","description":"0","link_type":"FH","geometry_type":"LineString","vendor":"ERICSSON","folder":"LIEN FH / ERICSSON","color":"#0000FF","width":3.0},"geometry":{"type":"LineString","coordinates":[[-4.0239234,5.32264309],[-4.0233,5.3261]]}},{"type":"Feature","properties":{"name":"FH_970_VRIDI_CHAPELLE-PAA","description":"0","link_type":"FH","geometry_type":"LineString","vendor":"ERICSSON","folder":"LIEN FH / ERICSSON","color":"#0000FF","width":3.0},"geometry":{"type":"LineString","coordinates":[[-3.98621,5.26705],[-3.9865089,5.25946903]]}},{"type":"Feature","properties":{"name":"FH_971_IRATEKE-IBOKE","description":"0","link_type":"FH","geometry_type":"LineString","vendor":"ERICSSON","folder":"LIEN FH / ERICSSON","color":"#0000FF","width":3.0},"geometry":{"type":"LineString","coordinates":[[-7.258567,4.71005],[-7.40475,4.68489]]}},{"type":"Feature","properties":{"name":"FH_972_SODIREP-GESTOCI","description":"0","link_type":"FH","geometry_type":"LineString","vendor":"ERICSSON","folder":"LIEN FH / ERICSSON","color":"#0000FF","width":3.0},"geometry":{"type":"LineString","coordinates":[[-3.9802216,5.28939155],[-3.9985356,5.26438856]]}},{"type":"Feature","properties":{"name":"FH_973_ABATTA_SICTA-ROUTE_ABATTA","description":"0","link_type":"FH","geometry_type":"LineString","vendor":"ERICSSON","folder":"LIEN FH / ERICSSON","color":"#0000FF","width":3.0},"geometry":{"type":"LineString","coordinates":[[-3.92329,5.34001],[-3.924978,5.353938]]}},{"type":"Feature","properties":{"name":"FH_974_ABATTA_SICTA-ABATA","description":"0","link_type":"FH","geometry_type":"LineString","vendor":"ERICSSON","folder":"LIEN FH / ERICSSON","color":"#0000FF","width":3.0},"geometry":{"type":"LineString","coordinates":[[-3.92329,5.34001],[-3.92,5.34645]]}},{"type":"Feature","properties":{"name":"FH_975_LAOGUIE-AGBOVILLE_SAPH","description":"0","link_type":"FH","geometry_type":"LineString","vendor":"ERICSSON","folder":"LIEN FH / ERICSSON","color":"#0000FF","width":3.0},"geometry":{"type":"LineString","coordinates":[[-4.1608369,5.96500117],[-4.3331976,5.94150358]]}},{"type":"Feature","properties":{"name":"FH_976_LAOGUIE-CECHI","description":"0","link_type":"FH","geometry_type":"LineString","vendor":"ERICSSON","folder":"LIEN FH / ERICSSON","color":"#0000FF","width":3.0},"geometry":{"type":"LineString","coordinates":[[-4.1608369,5.96500117],[-4.4220957,6.24741513]]}},{"type":"Feature","properties":{"name":"FH_977_ATTECOUBE_EGLISE-ADJAME_FORUM","description":"0","link_type":"FH","geometry_type":"LineString","vendor":"ERICSSON","folder":"LIEN FH / ERICSSON","color":"#0000FF","width":3.0},"geometry":{"type":"LineString","coordinates":[[-4.0340618,5.34691217],[-4.027611,5.3445]]}},{"type":"Feature","properties":{"name":"FH_978_ATTECOUBE_EGLISE-ATTECOUBE","description":"0","link_type":"FH","geometry_type":"LineString","vendor":"ERICSSON","folder":"LIEN FH / ERICSSON","color":"#0000FF","width":3.0},"geometry":{"type":"LineString","coordinates":[[-4.0340618,5.34691217],[-4.0346383,5.35161463]]}},{"type":"Feature","properties":{"name":"FH_979_ATTECOUBE_EGLISE-SEBROKO","description":"0","link_type":"FH","geometry_type":"LineString","vendor":"ERICSSON","folder":"LIEN FH / ERICSSON","color":"#0000FF","width":3.0},"geometry":{"type":"LineString","coordinates":[[-4.0340618,5.34691217],[-4.03124,5.34179]]}},{"type":"Feature","properties":{"name":"FH_980_RD_POINT_PALMERAIE-ARAFAT","description":"0","link_type":"FH","geometry_type":"LineString","vendor":"ERICSSON","folder":"LIEN FH / ERICSSON","color":"#0000FF","width":3.0},"geometry":{"type":"LineString","coordinates":[[-3.9602525,5.36505937],[-3.9657036,5.37093924]]}},{"type":"Feature","properties":{"name":"FH_981_OHIENNE-ENA","description":"0","link_type":"FH","geometry_type":"LineString","vendor":"ERICSSON","folder":"LIEN FH / ERICSSON","color":"#0000FF","width":3.0},"geometry":{"type":"LineString","coordinates":[[-3.9896666,5.35858333],[-3.9979713,5.36227637]]}},{"type":"Feature","properties":{"name":"FH_982_GBAPET-NEKA","description":"0","link_type":"FH","geometry_type":"LineString","vendor":"ERICSSON","folder":"LIEN FH / ERICSSON","color":"#0000FF","width":3.0},"geometry":{"type":"LineString","coordinates":[[-7.49128,4.9767],[-7.362017,5.194617]]}},{"type":"Feature","properties":{"name":"FH_983_ANOKOI-NDOTRE","description":"0","link_type":"FH","geometry_type":"LineString","vendor":"ERICSSON","folder":"LIEN FH / ERICSSON","color":"#0000FF","width":3.0},"geometry":{"type":"LineString","coordinates":[[-4.0532639,5.44022389],[-4.0620001,5.44502953]]}},{"type":"Feature","properties":{"name":"FH_984_ANOKOI-AGRIPAK","description":"0","link_type":"FH","geometry_type":"LineString","vendor":"ERICSSON","folder":"LIEN FH / ERICSSON","color":"#0000FF","width":3.0},"geometry":{"type":"LineString","coordinates":[[-4.0532639,5.44022389],[-4.042861,5.443639]]}},{"type":"Feature","properties":{"name":"FH_985_TCHEFRODOUO-KOTOUBA","description":"0","link_type":"FH","geometry_type":"LineString","vendor":"ERICSSON","folder":"LIEN FH / ERICSSON","color":"#0000FF","width":3.0},"geometry":{"type":"LineString","coordinates":[[-3.120285,8.55493],[-3.1843333,8.69338888]]}},{"type":"Feature","properties":{"name":"FH_986_TCHEFRODOUO-FLAKIEDOUGOU","description":"0","link_type":"FH","geometry_type":"LineString","vendor":"ERICSSON","folder":"LIEN FH / ERICSSON","color":"#0000FF","width":3.0},"geometry":{"type":"LineString","coordinates":[[-3.120285,8.55493],[-3.12777,8.48523]]}},{"type":"Feature","properties":{"name":"FH_987_TANON_NAMANKO-CARR_DUNCAN","description":"0","link_type":"FH","geometry_type":"LineString","vendor":"ERICSSON","folder":"LIEN FH / ERICSSON","color":"#0000FF","width":3.0},"geometry":{"type":"LineString","coordinates":[[-3.9930562,5.37552651],[-3.99815,5.37524]]}},{"type":"Feature","properties":{"name":"FH_988_TANON_NAMANKO-HPALMIER","description":"0","link_type":"FH","geometry_type":"LineString","vendor":"ERICSSON","folder":"LIEN FH / ERICSSON","color":"#0000FF","width":3.0},"geometry":{"type":"LineString","coordinates":[[-3.9930562,5.37552651],[-3.996472,5.376693]]}},{"type":"Feature","properties":{"name":"FH_989_BOUBOURY-LOPOU","description":"0","link_type":"FH","geometry_type":"LineString","vendor":"ERICSSON","folder":"LIEN FH / ERICSSON","color":"#0000FF","width":3.0},"geometry":{"type":"LineString","coordinates":[[-4.4605959,5.34540272],[-4.4536013,5.40169789]]}},{"type":"Feature","properties":{"name":"FH_990_SANTA_MARIA-ST_JEAN","description":"0","link_type":"FH","geometry_type":"LineString","vendor":"ERICSSON","folder":"LIEN FH / ERICSSON","color":"#0000FF","width":3.0},"geometry":{"type":"LineString","coordinates":[[-4.012315,5.338659],[-4.0047082,5.33743641]]}},{"type":"Feature","properties":{"name":"FH_991_GDEREBY-HANNIE","description":"0","link_type":"FH","geometry_type":"LineString","vendor":"ERICSSON","folder":"LIEN FH / ERICSSON","color":"#0000FF","width":3.0},"geometry":{"type":"LineString","coordinates":[[-6.929308,4.64486555],[-6.961503,4.697997]]}},{"type":"Feature","properties":{"name":"FH_992_SOLEIL-ROSIER_5B","description":"0","link_type":"FH","geometry_type":"LineString","vendor":"ERICSSON","folder":"LIEN FH / ERICSSON","color":"#0000FF","width":3.0},"geometry":{"type":"LineString","coordinates":[[-3.977344,5.395479],[-3.9697333,5.39194444]]}},{"type":"Feature","properties":{"name":"FH_993_MISSION_EPHRATA-ABATTA_JULES_VERNE","description":"0","link_type":"FH","geometry_type":"LineString","vendor":"ERICSSON","folder":"LIEN FH / ERICSSON","color":"#0000FF","width":3.0},"geometry":{"type":"LineString","coordinates":[[-3.9339,5.38186],[-3.92911,5.37307]]}},{"type":"Feature","properties":{"name":"FH_994_MISSION_EPHRATA-FAYA_CITE_PETROCI","description":"0","link_type":"FH","geometry_type":"LineString","vendor":"ERICSSON","folder":"LIEN FH / ERICSSON","color":"#0000FF","width":3.0},"geometry":{"type":"LineString","coordinates":[[-3.9339,5.38186],[-3.92077,5.38207]]}},{"type":"Feature","properties":{"name":"FH_995_AFFIENOU-MAFERE","description":"0","link_type":"FH","geometry_type":"LineString","vendor":"ERICSSON","folder":"LIEN FH / ERICSSON","color":"#0000FF","width":3.0},"geometry":{"type":"LineString","coordinates":[[-2.9279166,5.40627777],[-3.0262227,5.415804]]}},{"type":"Feature","properties":{"name":"FH_996_AKEKOI-KOUM_TERMINUS_05","description":"0","link_type":"FH","geometry_type":"LineString","vendor":"ERICSSON","folder":"LIEN FH / ERICSSON","color":"#0000FF","width":3.0},"geometry":{"type":"LineString","coordinates":[[-4.046012,5.43244876],[-4.053449,5.425195]]}},{"type":"Feature","properties":{"name":"FH_997_AKEKOI-STE_RITA","description":"0","link_type":"FH","geometry_type":"LineString","vendor":"ERICSSON","folder":"LIEN FH / ERICSSON","color":"#0000FF","width":3.0},"geometry":{"type":"LineString","coordinates":[[-4.046012,5.43244876],[-4.06028,5.43472]]}},{"type":"Feature","properties":{"name":"FH_998_AKEKOI-DEPOT","description":"0","link_type":"FH","geometry_type":"LineString","vendor":"ERICSSON","folder":"LIEN FH / ERICSSON","color":"#0000FF","width":3.0},"geometry":{"type":"LineString","coordinates":[[-4.046012,5.43244876],[-4.0335126,5.43833147]]}},{"type":"Feature","properties":{"name":"FH_999_FIGUIER-FEKESSE","description":"0","link_type":"FH","geometry_type":"LineString","vendor":"ERICSSON","folder":"LIEN FH / ERICSSON","color":"#0000FF","width":3.0},"geometry":{"type":"LineString","coordinates":[[-3.91077,5.37892],[-3.9105025,5.37380098]]}},{"type":"Feature","properties":{"name":"FH_1000_FIGUIER-COCODY_AKOUE_SANTE_2","description":"0","link_type":"FH","geometry_type":"LineString","vendor":"ERICSSON","folder":"LIEN FH / ERICSSON","color":"#0000FF","width":3.0},"geometry":{"type":"LineString","coordinates":[[-3.91077,5.37892],[-3.9072,5.38381]]}},{"type":"Feature","properties":{"name":"FH_1001_ABATTA_BCEAO-BINGES","description":"0","link_type":"FH","geometry_type":"LineString","vendor":"ERICSSON","folder":"LIEN FH / ERICSSON","color":"#0000FF","width":3.0},"geometry":{"type":"LineString","coordinates":[[-3.91498,5.345567],[-3.890418,5.358779]]}},{"type":"Feature","properties":{"name":"FH_1002_JERUSALEM-YOP_AGAYATE","description":"0","link_type":"FH","geometry_type":"LineString","vendor":"ERICSSON","folder":"LIEN FH / ERICSSON","color":"#0000FF","width":3.0},"geometry":{"type":"LineString","coordinates":[[-4.0438071,5.31967008],[-4.05026,5.315623]]}},{"type":"Feature","properties":{"name":"FH_1003_NIOLONGO-SAYE","description":"0","link_type":"FH","geometry_type":"LineString","vendor":"ERICSSON","folder":"LIEN FH / ERICSSON","color":"#0000FF","width":3.0},"geometry":{"type":"LineString","coordinates":[[-3.09713,9.29746],[-3.34508,9.45179]]}},{"type":"Feature","properties":{"name":"FH_1004_SIB vridiBEACH-PAA","description":"0","link_type":"FH","geometry_type":"LineString","vendor":"ERICSSON","folder":"LIEN FH / ERICSSON","color":"#0000FF","width":3.0},"geometry":{"type":"LineString","coordinates":[[-3.982157,5.258439],[-3.9865089,5.25946903]]}},{"type":"Feature","properties":{"name":"FH_1005_NIOLONGO-PANZRANI","description":"0","link_type":"FH","geometry_type":"LineString","vendor":"ERICSSON","folder":"LIEN FH / ERICSSON","color":"#0000FF","width":3.0},"geometry":{"type":"LineString","coordinates":[[-3.09713,9.29746],[-3.10565,9.41545]]}},{"type":"Feature","properties":{"name":"FH_1006_NIOLONGO-BOUNA","description":"0","link_type":"FH","geometry_type":"LineString","vendor":"ERICSSON","folder":"LIEN FH / ERICSSON","color":"#0000FF","width":3.0},"geometry":{"type":"LineString","coordinates":[[-3.09713,9.29746],[-2.9980515,9.26950392]]}},{"type":"Feature","properties":{"name":"FH_1007_AGBAN_VILLAGE-ATTECOUBE","description":"0","link_type":"FH","geometry_type":"LineString","vendor":"ERICSSON","folder":"LIEN FH / ERICSSON","color":"#0000FF","width":3.0},"geometry":{"type":"LineString","coordinates":[[-4.0329286,5.35992993],[-4.0346383,5.35161463]]}},{"type":"Feature","properties":{"name":"FH_1008_AZITO-AZITO_AKABA","description":"0","link_type":"FH","geometry_type":"LineString","vendor":"ERICSSON","folder":"LIEN FH / ERICSSON","color":"#0000FF","width":3.0},"geometry":{"type":"LineString","coordinates":[[-4.0801926,5.3049365],[-4.08846,5.31159]]}},{"type":"Feature","properties":{"name":"FH_1009_PAA-VRIDI","description":"0","link_type":"FH","geometry_type":"LineString","vendor":"ERICSSON","folder":"LIEN FH / ERICSSON","color":"#0000FF","width":3.0},"geometry":{"type":"LineString","coordinates":[[-3.9865089,5.25946903],[-4.0048056,5.25809208]]}},{"type":"Feature","properties":{"name":"FH_1010_PAA-NIFA","description":"0","link_type":"FH","geometry_type":"LineString","vendor":"ERICSSON","folder":"LIEN FH / ERICSSON","color":"#0000FF","width":3.0},"geometry":{"type":"LineString","coordinates":[[-3.9865089,5.25946903],[-3.9760585,5.27577598]]}},{"type":"Feature","properties":{"name":"FH_1011_A7-TT_ROUGE","description":"0","link_type":"FH","geometry_type":"LineString","vendor":"ERICSSON","folder":"LIEN FH / ERICSSON","color":"#0000FF","width":3.0},"geometry":{"type":"LineString","coordinates":[[-4.0522725,5.34140896],[-4.049387,5.33210657]]}},{"type":"Feature","properties":{"name":"FH_1012_SONGON_AGBAN-DABOU","description":"0","link_type":"FH","geometry_type":"LineString","vendor":"ERICSSON","folder":"LIEN FH / ERICSSON","color":"#0000FF","width":3.0},"geometry":{"type":"LineString","coordinates":[[-4.182219,5.33733759],[-4.3775,5.323]]}},{"type":"Feature","properties":{"name":"FH_1013_SONGON_AGBAN-BSC_YOP","description":"0","link_type":"FH","geometry_type":"LineString","vendor":"ERICSSON","folder":"LIEN FH / ERICSSON","color":"#0000FF","width":3.0},"geometry":{"type":"LineString","coordinates":[[-4.182219,5.33733759],[-4.05034,5.34686]]}},{"type":"Feature","properties":{"name":"FH_1014_SONGON_AGBAN-ALLOKOI","description":"0","link_type":"FH","geometry_type":"LineString","vendor":"ERICSSON","folder":"LIEN FH / ERICSSON","color":"#0000FF","width":3.0},"geometry":{"type":"LineString","coordinates":[[-4.182219,5.33733759],[-4.15192,5.39468]]}},{"type":"Feature","properties":{"name":"FH_1015_NERO_PALMCI-BLIDOUBA","description":"0","link_type":"FH","geometry_type":"LineString","vendor":"ERICSSON","folder":"LIEN FH / ERICSSON","color":"#0000FF","width":3.0},"geometry":{"type":"LineString","coordinates":[[-7.481385,4.560837],[-7.42081,4.59582]]}},{"type":"Feature","properties":{"name":"FH_1016_EBOINDA-TIAPOUM","description":"0","link_type":"FH","geometry_type":"LineString","vendor":"ERICSSON","folder":"LIEN FH / ERICSSON","color":"#0000FF","width":3.0},"geometry":{"type":"LineString","coordinates":[[-3.1049444,5.15322222],[-3.0203012,5.13919709]]}},{"type":"Feature","properties":{"name":"FH_1017_KACOUKRO-NZIKRO","description":"0","link_type":"FH","geometry_type":"LineString","vendor":"ERICSSON","folder":"LIEN FH / ERICSSON","color":"#0000FF","width":3.0},"geometry":{"type":"LineString","coordinates":[[-3.44379,5.35648],[-3.40521,5.39312]]}},{"type":"Feature","properties":{"name":"FH_1018_STIF-MIRADOR","description":"0","link_type":"FH","geometry_type":"LineString","vendor":"ERICSSON","folder":"LIEN FH / ERICSSON","color":"#0000FF","width":3.0},"geometry":{"type":"LineString","coordinates":[[-4.0203476,5.35399032],[-4.02532,5.35653]]}},{"type":"Feature","properties":{"name":"FH_1019_SOGB-SOGB_KAKO_3","description":"0","link_type":"FH","geometry_type":"LineString","vendor":"ERICSSON","folder":"LIEN FH / ERICSSON","color":"#0000FF","width":3.0},"geometry":{"type":"LineString","coordinates":[[-7.0915121,4.67938711],[-7.14088,4.62468]]}},{"type":"Feature","properties":{"name":"FH_1020_ILE_BOULAY-AZITO","description":"0","link_type":"FH","geometry_type":"LineString","vendor":"ERICSSON","folder":"LIEN FH / ERICSSON","color":"#0000FF","width":3.0},"geometry":{"type":"LineString","coordinates":[[-4.08125,5.26869],[-4.0801926,5.3049365]]}},{"type":"Feature","properties":{"name":"FH_1021_STE_FOI-PK18_SICOGI","description":"0","link_type":"FH","geometry_type":"LineString","vendor":"ERICSSON","folder":"LIEN FH / ERICSSON","color":"#0000FF","width":3.0},"geometry":{"type":"LineString","coordinates":[[-4.0223624,5.44697947],[-4.04935,5.45777]]}},{"type":"Feature","properties":{"name":"FH_1022_GD_LAHOU-YOCOBOUE","description":"0","link_type":"FH","geometry_type":"LineString","vendor":"ERICSSON","folder":"LIEN FH / ERICSSON","color":"#0000FF","width":3.0},"geometry":{"type":"LineString","coordinates":[[-5.0072633,5.25685571],[-5.10925,5.27539]]}},{"type":"Feature","properties":{"name":"FH_1023_GD_LAHOU-GD_LAHOU_SATDE","description":"0","link_type":"FH","geometry_type":"LineString","vendor":"ERICSSON","folder":"LIEN FH / ERICSSON","color":"#0000FF","width":3.0},"geometry":{"type":"LineString","coordinates":[[-5.0072633,5.25685571],[-4.991205,5.244357]]}},{"type":"Feature","properties":{"name":"FH_1024_TANRY-SP_BELLEVILLE","description":"0","link_type":"FH","geometry_type":"LineString","vendor":"ERICSSON","folder":"LIEN FH / ERICSSON","color":"#0000FF","width":3.0},"geometry":{"type":"LineString","coordinates":[[-6.6698,4.7736],[-6.6875533,4.77524]]}},{"type":"Feature","properties":{"name":"FH_1025_TANRY-SEWEKE","description":"0","link_type":"FH","geometry_type":"LineString","vendor":"ERICSSON","folder":"LIEN FH / ERICSSON","color":"#0000FF","width":3.0},"geometry":{"type":"LineString","coordinates":[[-6.6698,4.7736],[-6.6456,4.7625]]}},{"type":"Feature","properties":{"name":"FH_1026_SIAGO-TABAGNE","description":"0","link_type":"FH","geometry_type":"LineString","vendor":"ERICSSON","folder":"LIEN FH / ERICSSON","color":"#0000FF","width":3.0},"geometry":{"type":"LineString","coordinates":[[-2.9538905,7.93750296],[-3.0643987,7.98230322]]}},{"type":"Feature","properties":{"name":"FH_1027_APPOUESSOU-ZARANOU","description":"0","link_type":"FH","geometry_type":"LineString","vendor":"ERICSSON","folder":"LIEN FH / ERICSSON","color":"#0000FF","width":3.0},"geometry":{"type":"LineString","coordinates":[[-3.4244419,6.54944624],[-3.3589957,6.42829925]]}},{"type":"Feature","properties":{"name":"FH_1028_BIETRY-AFOU","description":"0","link_type":"FH","geometry_type":"LineString","vendor":"ERICSSON","folder":"LIEN FH / ERICSSON","color":"#0000FF","width":3.0},"geometry":{"type":"LineString","coordinates":[[-3.9745196,5.27842865],[-3.980777,5.276422]]}},{"type":"Feature","properties":{"name":"FH_1029_BILAL-PMI","description":"0","link_type":"FH","geometry_type":"LineString","vendor":"ERICSSON","folder":"LIEN FH / ERICSSON","color":"#0000FF","width":3.0},"geometry":{"type":"LineString","coordinates":[[-4.0875223,5.34742572],[-4.07993,5.34365]]}},{"type":"Feature","properties":{"name":"FH_1030_GNADJI-PETIT_PEDRO","description":"0","link_type":"FH","geometry_type":"LineString","vendor":"ERICSSON","folder":"LIEN FH / ERICSSON","color":"#0000FF","width":3.0},"geometry":{"type":"LineString","coordinates":[[-6.5284,4.84827],[-6.59156,4.88681]]}},{"type":"Feature","properties":{"name":"FH_1031_COBAT-BLOKOSSO","description":"0","link_type":"FH","geometry_type":"LineString","vendor":"ERICSSON","folder":"LIEN FH / ERICSSON","color":"#0000FF","width":3.0},"geometry":{"type":"LineString","coordinates":[[-4.0041548,5.31339529],[-4.0021308,5.32291409]]}},{"type":"Feature","properties":{"name":"FH_1032_OFFOMPO-AGBOVILLE_SAPH","description":"0","link_type":"FH","geometry_type":"LineString","vendor":"ERICSSON","folder":"LIEN FH / ERICSSON","color":"#0000FF","width":3.0},"geometry":{"type":"LineString","coordinates":[[-4.459806,5.96075],[-4.3331976,5.94150358]]}},{"type":"Feature","properties":{"name":"FH_1033_OFFOMPO-ABOUDE_KOUASSIKRO","description":"0","link_type":"FH","geometry_type":"LineString","vendor":"ERICSSON","folder":"LIEN FH / ERICSSON","color":"#0000FF","width":3.0},"geometry":{"type":"LineString","coordinates":[[-4.459806,5.96075],[-4.551056,5.895472]]}},{"type":"Feature","properties":{"name":"FH_1034_MARC_POSTE-MASSARANA","description":"0","link_type":"FH","geometry_type":"LineString","vendor":"ERICSSON","folder":"LIEN FH / ERICSSON","color":"#0000FF","width":3.0},"geometry":{"type":"LineString","coordinates":[[-3.986529,5.30638654],[-3.9850852,5.30072654]]}},{"type":"Feature","properties":{"name":"FH_1035_MARC_POSTE-BGFI SIEGE","description":"0","link_type":"FH","geometry_type":"LineString","vendor":"ERICSSON","folder":"LIEN FH / ERICSSON","color":"#0000FF","width":3.0},"geometry":{"type":"LineString","coordinates":[[-3.986529,5.30638654],[-3.986663,5.299343]]}},{"type":"Feature","properties":{"name":"FH_1036_MARC_POSTE-LOKO","description":"0","link_type":"FH","geometry_type":"LineString","vendor":"ERICSSON","folder":"LIEN FH / ERICSSON","color":"#0000FF","width":3.0},"geometry":{"type":"LineString","coordinates":[[-3.986529,5.30638654],[-3.98616,5.31072]]}},{"type":"Feature","properties":{"name":"FH_1037_TREICH_SOREF-ARRAS","description":"0","link_type":"FH","geometry_type":"LineString","vendor":"ERICSSON","folder":"LIEN FH / ERICSSON","color":"#0000FF","width":3.0},"geometry":{"type":"LineString","coordinates":[[-4.0005001,5.29655007],[-4.0018525,5.30143227]]}},{"type":"Feature","properties":{"name":"FH_1038_AMORIAKRO-ETTROKRO","description":"0","link_type":"FH","geometry_type":"LineString","vendor":"ERICSSON","folder":"LIEN FH / ERICSSON","color":"#0000FF","width":3.0},"geometry":{"type":"LineString","coordinates":[[-3.52425,7.092556],[-3.762667,7.25925]]}},{"type":"Feature","properties":{"name":"FH_1039_CANAL-ST_THERESE","description":"0","link_type":"FH","geometry_type":"LineString","vendor":"ERICSSON","folder":"LIEN FH / ERICSSON","color":"#0000FF","width":3.0},"geometry":{"type":"LineString","coordinates":[[-3.9687172,5.30143982],[-3.9724401,5.2989194]]}},{"type":"Feature","properties":{"name":"FH_1040_DJEDA-ATTECOUBE","description":"0","link_type":"FH","geometry_type":"LineString","vendor":"ERICSSON","folder":"LIEN FH / ERICSSON","color":"#0000FF","width":3.0},"geometry":{"type":"LineString","coordinates":[[-4.02786,5.350776],[-4.0346383,5.35161463]]}},{"type":"Feature","properties":{"name":"FH_1041_BOLO_V1-DAKPADOU","description":"0","link_type":"FH","geometry_type":"LineString","vendor":"ERICSSON","folder":"LIEN FH / ERICSSON","color":"#0000FF","width":3.0},"geometry":{"type":"LineString","coordinates":[[-6.037278,5.303199],[-6.07215,5.24329]]}},{"type":"Feature","properties":{"name":"FH_1042_ALPHA16-GALAXY","description":"0","link_type":"FH","geometry_type":"LineString","vendor":"ERICSSON","folder":"LIEN FH / ERICSSON","color":"#0000FF","width":3.0},"geometry":{"type":"LineString","coordinates":[[-4.0095725,5.30437748],[-4.0102192,5.30806685]]}},{"type":"Feature","properties":{"name":"FH_1043_TABOU-BLIDOUBA","description":"0","link_type":"FH","geometry_type":"LineString","vendor":"ERICSSON","folder":"LIEN FH / ERICSSON","color":"#0000FF","width":3.0},"geometry":{"type":"LineString","coordinates":[[-7.35597,4.41809],[-7.42081,4.59582]]}},{"type":"Feature","properties":{"name":"FH_1044_AFFALIKRO-LOBIKRO","description":"0","link_type":"FH","geometry_type":"LineString","vendor":"ERICSSON","folder":"LIEN FH / ERICSSON","color":"#0000FF","width":3.0},"geometry":{"type":"LineString","coordinates":[[-3.37768,6.64351],[-3.5061712,6.74194552]]}},{"type":"Feature","properties":{"name":"FH_1045_AFFALIKRO-APPOUESSOU","description":"0","link_type":"FH","geometry_type":"LineString","vendor":"ERICSSON","folder":"LIEN FH / ERICSSON","color":"#0000FF","width":3.0},"geometry":{"type":"LineString","coordinates":[[-3.37768,6.64351],[-3.4244419,6.54944624]]}},{"type":"Feature","properties":{"name":"FH_1046_MARC_PT_MARCHE-MASSARANA","description":"0","link_type":"FH","geometry_type":"LineString","vendor":"ERICSSON","folder":"LIEN FH / ERICSSON","color":"#0000FF","width":3.0},"geometry":{"type":"LineString","coordinates":[[-3.9833,5.3038],[-3.9850852,5.30072654]]}},{"type":"Feature","properties":{"name":"FH_1047_PLTX_SITARAIL-TREICHENTER","description":"0","link_type":"FH","geometry_type":"LineString","vendor":"ERICSSON","folder":"LIEN FH / ERICSSON","color":"#0000FF","width":3.0},"geometry":{"type":"LineString","coordinates":[[-4.020098,5.315705],[-4.0156175,5.30929718]]}},{"type":"Feature","properties":{"name":"FH_1048_LATIN-STIF","description":"0","link_type":"FH","geometry_type":"LineString","vendor":"ERICSSON","folder":"LIEN FH / ERICSSON","color":"#0000FF","width":3.0},"geometry":{"type":"LineString","coordinates":[[-4.0197,5.3599],[-4.0203476,5.35399032]]}},{"type":"Feature","properties":{"name":"FH_1049_PONT_NERO-NERO_BROUSSE","description":"0","link_type":"FH","geometry_type":"LineString","vendor":"ERICSSON","folder":"LIEN FH / ERICSSON","color":"#0000FF","width":3.0},"geometry":{"type":"LineString","coordinates":[[-6.93489,4.75233],[-6.923864,4.824722]]}},{"type":"Feature","properties":{"name":"FH_1050_CARR_ZEGBAN-LOULOUDOU","description":"0","link_type":"FH","geometry_type":"LineString","vendor":"ERICSSON","folder":"LIEN FH / ERICSSON","color":"#0000FF","width":3.0},"geometry":{"type":"LineString","coordinates":[[-5.589056,5.165556],[-5.56957,5.22198]]}},{"type":"Feature","properties":{"name":"FH_1051_DIAMOND-ORABASP","description":"0","link_type":"FH","geometry_type":"LineString","vendor":"ERICSSON","folder":"LIEN FH / ERICSSON","color":"#0000FF","width":3.0},"geometry":{"type":"LineString","coordinates":[[-6.6304,4.7515],[-6.635608,4.748384]]}},{"type":"Feature","properties":{"name":"FH_1052_DIEKADIOKRO-TCHEKOU_CARREFOUR","description":"0","link_type":"FH","geometry_type":"LineString","vendor":"ERICSSON","folder":"LIEN FH / ERICSSON","color":"#0000FF","width":3.0},"geometry":{"type":"LineString","coordinates":[[-4.4146,6.4934],[-4.287993,6.359582]]}},{"type":"Feature","properties":{"name":"FH_1053_RUBINO-LAOGUIE","description":"0","link_type":"FH","geometry_type":"LineString","vendor":"ERICSSON","folder":"LIEN FH / ERICSSON","color":"#0000FF","width":3.0},"geometry":{"type":"LineString","coordinates":[[-4.308315,6.07109116],[-4.1608369,5.96500117]]}},{"type":"Feature","properties":{"name":"FH_1054_VESSO-PK18_ANANERAIE","description":"0","link_type":"FH","geometry_type":"LineString","vendor":"ERICSSON","folder":"LIEN FH / ERICSSON","color":"#0000FF","width":3.0},"geometry":{"type":"LineString","coordinates":[[-4.0325765,5.44512591],[-4.03957,5.453333]]}},{"type":"Feature","properties":{"name":"FH_1055_VESSO-AGRIPAK","description":"0","link_type":"FH","geometry_type":"LineString","vendor":"ERICSSON","folder":"LIEN FH / ERICSSON","color":"#0000FF","width":3.0},"geometry":{"type":"LineString","coordinates":[[-4.0325765,5.44512591],[-4.042861,5.443639]]}},{"type":"Feature","properties":{"name":"FH_1056_VESSO-DEPOT","description":"0","link_type":"FH","geometry_type":"LineString","vendor":"ERICSSON","folder":"LIEN FH / ERICSSON","color":"#0000FF","width":3.0},"geometry":{"type":"LineString","coordinates":[[-4.0325765,5.44512591],[-4.0335126,5.43833147]]}},{"type":"Feature","properties":{"name":"FH_1057_CAFEIER-LAVOISIER","description":"0","link_type":"FH","geometry_type":"LineString","vendor":"ERICSSON","folder":"LIEN FH / ERICSSON","color":"#0000FF","width":3.0},"geometry":{"type":"LineString","coordinates":[[-3.98409,5.41273],[-3.97618,5.41742]]}},{"type":"Feature","properties":{"name":"FH_1058_MATENIN-ETOILE","description":"0","link_type":"FH","geometry_type":"LineString","vendor":"ERICSSON","folder":"LIEN FH / ERICSSON","color":"#0000FF","width":3.0},"geometry":{"type":"LineString","coordinates":[[-4.0201922,5.43922248],[-4.0218353,5.4341635]]}},{"type":"Feature","properties":{"name":"FH_1059_NONOUAN-PAULY_BROUSSE","description":"0","link_type":"FH","geometry_type":"LineString","vendor":"ERICSSON","folder":"LIEN FH / ERICSSON","color":"#0000FF","width":3.0},"geometry":{"type":"LineString","coordinates":[[-6.37249,5.02534],[-6.189694,4.964806]]}},{"type":"Feature","properties":{"name":"FH_1060_CSP-POLICE","description":"0","link_type":"FH","geometry_type":"LineString","vendor":"ERICSSON","folder":"LIEN FH / ERICSSON","color":"#0000FF","width":3.0},"geometry":{"type":"LineString","coordinates":[[-3.99149,5.34724],[-3.9906139,5.35527831]]}},{"type":"Feature","properties":{"name":"FH_1061_GDEREBY-PONT_NERO","description":"0","link_type":"FH","geometry_type":"LineString","vendor":"ERICSSON","folder":"LIEN FH / ERICSSON","color":"#0000FF","width":3.0},"geometry":{"type":"LineString","coordinates":[[-6.929308,4.64486555],[-6.93489,4.75233]]}},{"type":"Feature","properties":{"name":"FH_1062_COCODY_CITE_MILITAIRE-ANGRE COLLEGE DJOROBITE","description":"0","link_type":"FH","geometry_type":"LineString","vendor":"ERICSSON","folder":"LIEN FH / ERICSSON","color":"#0000FF","width":3.0},"geometry":{"type":"LineString","coordinates":[[-3.96432,5.41424],[-3.955495,5.414495]]}},{"type":"Feature","properties":{"name":"FH_1063_ADZOPE-YAKASSETTOBROU","description":"0","link_type":"FH","geometry_type":"LineString","vendor":"ERICSSON","folder":"LIEN FH / ERICSSON","color":"#0000FF","width":3.0},"geometry":{"type":"LineString","coordinates":[[-3.8604889,6.0991788],[-3.6497957,6.18072265]]}},{"type":"Feature","properties":{"name":"FH_1064_PRESSO-TIENKOIKRO","description":"0","link_type":"FH","geometry_type":"LineString","vendor":"ERICSSON","folder":"LIEN FH / ERICSSON","color":"#0000FF","width":3.0},"geometry":{"type":"LineString","coordinates":[[-3.1328,7.17399],[-3.06618,7.21983]]}},{"type":"Feature","properties":{"name":"FH_1065_FANON-PRODOMO","description":"0","link_type":"FH","geometry_type":"LineString","vendor":"ERICSSON","folder":"LIEN FH / ERICSSON","color":"#0000FF","width":3.0},"geometry":{"type":"LineString","coordinates":[[-3.9527754,5.29771983],[-3.9471921,5.30522696]]}},{"type":"Feature","properties":{"name":"FH_1066_ABOBO_GARE-ANADOR","description":"0","link_type":"FH","geometry_type":"LineString","vendor":"ERICSSON","folder":"LIEN FH / ERICSSON","color":"#0000FF","width":3.0},"geometry":{"type":"LineString","coordinates":[[-4.01278,5.41633277],[-4.0172489,5.41175751]]}},{"type":"Feature","properties":{"name":"FH_1067_KABAKRO-NDOTRE_TRAINOU","description":"0","link_type":"FH","geometry_type":"LineString","vendor":"ERICSSON","folder":"LIEN FH / ERICSSON","color":"#0000FF","width":3.0},"geometry":{"type":"LineString","coordinates":[[-4.0837,5.44961],[-4.10061,5.44987]]}},{"type":"Feature","properties":{"name":"FH_1068_KABAKRO-NDOTRE","description":"0","link_type":"FH","geometry_type":"LineString","vendor":"ERICSSON","folder":"LIEN FH / ERICSSON","color":"#0000FF","width":3.0},"geometry":{"type":"LineString","coordinates":[[-4.0837,5.44961],[-4.0620001,5.44502953]]}},{"type":"Feature","properties":{"name":"FH_1069_YOP_CITE_SICOGI-GAKOUKA","description":"0","link_type":"FH","geometry_type":"LineString","vendor":"ERICSSON","folder":"LIEN FH / ERICSSON","color":"#0000FF","width":3.0},"geometry":{"type":"LineString","coordinates":[[-4.07884,5.32793],[-4.0747518,5.33116732]]}},{"type":"Feature","properties":{"name":"FH_1070_YOP_TERRAIN_SYLLA-COPRIM","description":"0","link_type":"FH","geometry_type":"LineString","vendor":"ERICSSON","folder":"LIEN FH / ERICSSON","color":"#0000FF","width":3.0},"geometry":{"type":"LineString","coordinates":[[-4.09829,5.32854],[-4.0962784,5.32354971]]}},{"type":"Feature","properties":{"name":"FH_1071_NGBINKE-AGBOVILLE","description":"0","link_type":"FH","geometry_type":"LineString","vendor":"ERICSSON","folder":"LIEN FH / ERICSSON","color":"#0000FF","width":3.0},"geometry":{"type":"LineString","coordinates":[[-4.203722,5.907861],[-4.21551,5.927626]]}},{"type":"Feature","properties":{"name":"FH_1072_AVICENNE-LAURIER_7","description":"0","link_type":"FH","geometry_type":"LineString","vendor":"ERICSSON","folder":"LIEN FH / ERICSSON","color":"#0000FF","width":3.0},"geometry":{"type":"LineString","coordinates":[[-3.9578898,5.37202794],[-3.97092,5.3735]]}},{"type":"Feature","properties":{"name":"FH_1073_AVICENNE-ARAFAT","description":"0","link_type":"FH","geometry_type":"LineString","vendor":"ERICSSON","folder":"LIEN FH / ERICSSON","color":"#0000FF","width":3.0},"geometry":{"type":"LineString","coordinates":[[-3.9578898,5.37202794],[-3.9657036,5.37093924]]}},{"type":"Feature","properties":{"name":"FH_1074_BLACK_MARKET-STIF","description":"0","link_type":"FH","geometry_type":"LineString","vendor":"ERICSSON","folder":"LIEN FH / ERICSSON","color":"#0000FF","width":3.0},"geometry":{"type":"LineString","coordinates":[[-4.0238,5.3537],[-4.0203476,5.35399032]]}},{"type":"Feature","properties":{"name":"FH_1075_BONOUA-KOUAKRO_CIT","description":"0","link_type":"FH","geometry_type":"LineString","vendor":"ERICSSON","folder":"LIEN FH / ERICSSON","color":"#0000FF","width":3.0},"geometry":{"type":"LineString","coordinates":[[-3.596196,5.264682],[-3.4905582,5.28499696]]}},{"type":"Feature","properties":{"name":"FH_1076_NAMASSI-SANDEGUE","description":"0","link_type":"FH","geometry_type":"LineString","vendor":"ERICSSON","folder":"LIEN FH / ERICSSON","color":"#0000FF","width":3.0},"geometry":{"type":"LineString","coordinates":[[-3.438556,7.944444],[-3.5836,7.95572]]}},{"type":"Feature","properties":{"name":"FH_1077_NAMASSI-TAOUDI","description":"0","link_type":"FH","geometry_type":"LineString","vendor":"ERICSSON","folder":"LIEN FH / ERICSSON","color":"#0000FF","width":3.0},"geometry":{"type":"LineString","coordinates":[[-3.438556,7.944444],[-3.432972,8.14275]]}},{"type":"Feature","properties":{"name":"FH_1078_MEMNI-AOUTOUE","description":"0","link_type":"FH","geometry_type":"LineString","vendor":"ERICSSON","folder":"LIEN FH / ERICSSON","color":"#0000FF","width":3.0},"geometry":{"type":"LineString","coordinates":[[-3.7471149,5.50224617],[-3.8045012,5.47538748]]}},{"type":"Feature","properties":{"name":"FH_1079_PHRCIE_DOKUI-ABOBOTE","description":"0","link_type":"FH","geometry_type":"LineString","vendor":"ERICSSON","folder":"LIEN FH / ERICSSON","color":"#0000FF","width":3.0},"geometry":{"type":"LineString","coordinates":[[-4.0049,5.4051],[-4.0046572,5.41094636]]}},{"type":"Feature","properties":{"name":"FH_1080_BELLEVILLE_EXT-PK18_SICOGI","description":"0","link_type":"FH","geometry_type":"LineString","vendor":"ERICSSON","folder":"LIEN FH / ERICSSON","color":"#0000FF","width":3.0},"geometry":{"type":"LineString","coordinates":[[-4.02871,5.47585],[-4.04935,5.45777]]}},{"type":"Feature","properties":{"name":"FH_1081_AKEIKOI_GUEHABLE-AKEIKOI","description":"0","link_type":"FH","geometry_type":"LineString","vendor":"ERICSSON","folder":"LIEN FH / ERICSSON","color":"#0000FF","width":3.0},"geometry":{"type":"LineString","coordinates":[[-3.99973,5.454668],[-4.0145,5.45249]]}},{"type":"Feature","properties":{"name":"FH_1082_TOUPAH_CIT-DABOU","description":"0","link_type":"FH","geometry_type":"LineString","vendor":"ERICSSON","folder":"LIEN FH / ERICSSON","color":"#0000FF","width":3.0},"geometry":{"type":"LineString","coordinates":[[-4.5612763,5.31200235],[-4.3775,5.323]]}},{"type":"Feature","properties":{"name":"FH_1083_TOUPAH_CIT-IROBO","description":"0","link_type":"FH","geometry_type":"LineString","vendor":"ERICSSON","folder":"LIEN FH / ERICSSON","color":"#0000FF","width":3.0},"geometry":{"type":"LineString","coordinates":[[-4.5612763,5.31200235],[-4.7979963,5.28332763]]}},{"type":"Feature","properties":{"name":"FH_1084_TOUPAH_CIT-VIEUX_BADIAN","description":"0","link_type":"FH","geometry_type":"LineString","vendor":"ERICSSON","folder":"LIEN FH / ERICSSON","color":"#0000FF","width":3.0},"geometry":{"type":"LineString","coordinates":[[-4.5612763,5.31200235],[-4.616694,5.361115]]}},{"type":"Feature","properties":{"name":"FH_1085_TOUPAH_CIT-AGBAILLE","description":"0","link_type":"FH","geometry_type":"LineString","vendor":"ERICSSON","folder":"LIEN FH / ERICSSON","color":"#0000FF","width":3.0},"geometry":{"type":"LineString","coordinates":[[-4.5612763,5.31200235],[-4.51403,5.30531]]}},{"type":"Feature","properties":{"name":"FH_1086_BIC-SIBYOPZ","description":"0","link_type":"FH","geometry_type":"LineString","vendor":"ERICSSON","folder":"LIEN FH / ERICSSON","color":"#0000FF","width":3.0},"geometry":{"type":"LineString","coordinates":[[-4.0893288,5.36877753],[-4.083253,5.370188]]}},{"type":"Feature","properties":{"name":"FH_1087_BIC-YOP_ZI","description":"0","link_type":"FH","geometry_type":"LineString","vendor":"ERICSSON","folder":"LIEN FH / ERICSSON","color":"#0000FF","width":3.0},"geometry":{"type":"LineString","coordinates":[[-4.0893288,5.36877753],[-4.0765573,5.37286135]]}},{"type":"Feature","properties":{"name":"FH_1088_BIC-MICAO","description":"0","link_type":"FH","geometry_type":"LineString","vendor":"ERICSSON","folder":"LIEN FH / ERICSSON","color":"#0000FF","width":3.0},"geometry":{"type":"LineString","coordinates":[[-4.0893288,5.36877753],[-4.0976,5.37986]]}},{"type":"Feature","properties":{"name":"FH_1089_BIC-GESCO","description":"0","link_type":"FH","geometry_type":"LineString","vendor":"ERICSSON","folder":"LIEN FH / ERICSSON","color":"#0000FF","width":3.0},"geometry":{"type":"LineString","coordinates":[[-4.0893288,5.36877753],[-4.1083373,5.36545102]]}},{"type":"Feature","properties":{"name":"FH_1090_BIC-BATIM2","description":"0","link_type":"FH","geometry_type":"LineString","vendor":"ERICSSON","folder":"LIEN FH / ERICSSON","color":"#0000FF","width":3.0},"geometry":{"type":"LineString","coordinates":[[-4.0893288,5.36877753],[-4.0905507,5.3606259]]}},{"type":"Feature","properties":{"name":"FH_1091_BIC-BGFIYOP","description":"0","link_type":"FH","geometry_type":"LineString","vendor":"ERICSSON","folder":"LIEN FH / ERICSSON","color":"#0000FF","width":3.0},"geometry":{"type":"LineString","coordinates":[[-4.0893288,5.36877753],[-4.082,5.36962]]}},{"type":"Feature","properties":{"name":"FH_1092_BIC-ANANI","description":"0","link_type":"FH","geometry_type":"LineString","vendor":"ERICSSON","folder":"LIEN FH / ERICSSON","color":"#0000FF","width":3.0},"geometry":{"type":"LineString","coordinates":[[-4.0893288,5.36877753],[-4.10778171,5.37367841]]}},{"type":"Feature","properties":{"name":"FH_1093_KM17-LYCEE_CLASSIQUE","description":"0","link_type":"FH","geometry_type":"LineString","vendor":"ERICSSON","folder":"LIEN FH / ERICSSON","color":"#0000FF","width":3.0},"geometry":{"type":"LineString","coordinates":[[-4.1324267,5.33789266],[-4.144124,5.362275]]}},{"type":"Feature","properties":{"name":"FH_1094_KM17-ADIOPODOUME_2","description":"0","link_type":"FH","geometry_type":"LineString","vendor":"ERICSSON","folder":"LIEN FH / ERICSSON","color":"#0000FF","width":3.0},"geometry":{"type":"LineString","coordinates":[[-4.1324267,5.33789266],[-4.133092,5.3457169]]}},{"type":"Feature","properties":{"name":"FH_1095_FRATERNITE_MATIN-SANTA_MARIA","description":"0","link_type":"FH","geometry_type":"LineString","vendor":"ERICSSON","folder":"LIEN FH / ERICSSON","color":"#0000FF","width":3.0},"geometry":{"type":"LineString","coordinates":[[-4.0195,5.3423],[-4.012315,5.338659]]}},{"type":"Feature","properties":{"name":"FH_1096_GOBELET-UIBA","description":"0","link_type":"FH","geometry_type":"LineString","vendor":"ERICSSON","folder":"LIEN FH / ERICSSON","color":"#0000FF","width":3.0},"geometry":{"type":"LineString","coordinates":[[-3.98539,5.37296105],[-3.98581,5.3796]]}},{"type":"Feature","properties":{"name":"FH_1097_GOBELET-SOCOCE","description":"0","link_type":"FH","geometry_type":"LineString","vendor":"ERICSSON","folder":"LIEN FH / ERICSSON","color":"#0000FF","width":3.0},"geometry":{"type":"LineString","coordinates":[[-3.98539,5.37296105],[-3.9972825,5.37162115]]}},{"type":"Feature","properties":{"name":"FH_1098_GOBELET-LEADWATTOB","description":"0","link_type":"FH","geometry_type":"LineString","vendor":"ERICSSON","folder":"LIEN FH / ERICSSON","color":"#0000FF","width":3.0},"geometry":{"type":"LineString","coordinates":[[-3.98539,5.37296105],[-3.988633,5.378098]]}},{"type":"Feature","properties":{"name":"FH_1099_ANYAMA_HOTEL_HOTES-ANYAMA","description":"0","link_type":"FH","geometry_type":"LineString","vendor":"ERICSSON","folder":"LIEN FH / ERICSSON","color":"#0000FF","width":3.0},"geometry":{"type":"LineString","coordinates":[[-4.062781,5.487857],[-4.0548144,5.47527046]]}},{"type":"Feature","properties":{"name":"FH_1100_ALLOCODROME-ST_JEAN","description":"0","link_type":"FH","geometry_type":"LineString","vendor":"ERICSSON","folder":"LIEN FH / ERICSSON","color":"#0000FF","width":3.0},"geometry":{"type":"LineString","coordinates":[[-4.0001442,5.33882777],[-4.0047082,5.33743641]]}},{"type":"Feature","properties":{"name":"FH_1101_DIVIN_AMOUR-VIATEUR","description":"0","link_type":"FH","geometry_type":"LineString","vendor":"ERICSSON","folder":"LIEN FH / ERICSSON","color":"#0000FF","width":3.0},"geometry":{"type":"LineString","coordinates":[[-3.9511086,5.38136423],[-3.9593617,5.37831208]]}},{"type":"Feature","properties":{"name":"FH_1102_DIVIN_AMOUR-ABINADER","description":"0","link_type":"FH","geometry_type":"LineString","vendor":"ERICSSON","folder":"LIEN FH / ERICSSON","color":"#0000FF","width":3.0},"geometry":{"type":"LineString","coordinates":[[-3.9511086,5.38136423],[-3.94979,5.37431]]}},{"type":"Feature","properties":{"name":"FH_1103_ANGRE_PRGME_5D-SOLEIL","description":"0","link_type":"FH","geometry_type":"LineString","vendor":"ERICSSON","folder":"LIEN FH / ERICSSON","color":"#0000FF","width":3.0},"geometry":{"type":"LineString","coordinates":[[-3.97152,5.39481],[-3.977344,5.395479]]}},{"type":"Feature","properties":{"name":"FH_1104_YAKASSETTOBROU-AHOKOI","description":"0","link_type":"FH","geometry_type":"LineString","vendor":"ERICSSON","folder":"LIEN FH / ERICSSON","color":"#0000FF","width":3.0},"geometry":{"type":"LineString","coordinates":[[-3.6497957,6.18072265],[-3.74029,6.15885]]}},{"type":"Feature","properties":{"name":"FH_1105_YAKASSETTOBROU-ABONGOUA","description":"0","link_type":"FH","geometry_type":"LineString","vendor":"ERICSSON","folder":"LIEN FH / ERICSSON","color":"#0000FF","width":3.0},"geometry":{"type":"LineString","coordinates":[[-3.6497957,6.18072265],[-3.5487222,6.24708333]]}},{"type":"Feature","properties":{"name":"FH_1106_SAN-PEDRO_DIGBOUE KLOU-TANRY","description":"0","link_type":"FH","geometry_type":"LineString","vendor":"ERICSSON","folder":"LIEN FH / ERICSSON","color":"#0000FF","width":3.0},"geometry":{"type":"LineString","coordinates":[[-6.69222,4.75431],[-6.6698,4.7736]]}},{"type":"Feature","properties":{"name":"FH_1107_ANYAMA_BELLEVILLE-PK18_SICOGI","description":"0","link_type":"FH","geometry_type":"LineString","vendor":"ERICSSON","folder":"LIEN FH / ERICSSON","color":"#0000FF","width":3.0},"geometry":{"type":"LineString","coordinates":[[-4.03812,5.46544],[-4.04935,5.45777]]}},{"type":"Feature","properties":{"name":"FH_1108_CHIEPO-TIEGBA","description":"0","link_type":"FH","geometry_type":"LineString","vendor":"ERICSSON","folder":"LIEN FH / ERICSSON","color":"#0000FF","width":3.0},"geometry":{"type":"LineString","coordinates":[[-5.058944,5.701611],[-5.142,5.60375]]}},{"type":"Feature","properties":{"name":"FH_1109_MBADON-BEVERLY","description":"0","link_type":"FH","geometry_type":"LineString","vendor":"ERICSSON","folder":"LIEN FH / ERICSSON","color":"#0000FF","width":3.0},"geometry":{"type":"LineString","coordinates":[[-3.93715,5.32663],[-3.9450847,5.33166965]]}},{"type":"Feature","properties":{"name":"FH_1110_MBADON-MBADON_EXTENSION","description":"0","link_type":"FH","geometry_type":"LineString","vendor":"ERICSSON","folder":"LIEN FH / ERICSSON","color":"#0000FF","width":3.0},"geometry":{"type":"LineString","coordinates":[[-3.93715,5.32663],[-3.937894,5.335348]]}},{"type":"Feature","properties":{"name":"FH_1111_ABOBO_BAOULE-KIYALA","description":"0","link_type":"FH","geometry_type":"LineString","vendor":"ERICSSON","folder":"LIEN FH / ERICSSON","color":"#0000FF","width":3.0},"geometry":{"type":"LineString","coordinates":[[-3.9939888,5.42171864],[-3.9876133,5.43069284]]}},{"type":"Feature","properties":{"name":"FH_1112_ABOBO_BAOULE-COCOTIER","description":"0","link_type":"FH","geometry_type":"LineString","vendor":"ERICSSON","folder":"LIEN FH / ERICSSON","color":"#0000FF","width":3.0},"geometry":{"type":"LineString","coordinates":[[-3.9939888,5.42171864],[-3.9849005,5.42194154]]}},{"type":"Feature","properties":{"name":"FH_1113_ABOBO_BAOULE-STE_FOI","description":"0","link_type":"FH","geometry_type":"LineString","vendor":"ERICSSON","folder":"LIEN FH / ERICSSON","color":"#0000FF","width":3.0},"geometry":{"type":"LineString","coordinates":[[-3.9939888,5.42171864],[-4.0223624,5.44697947]]}},{"type":"Feature","properties":{"name":"FH_1114_GESCO_FOURIERE-GESCO","description":"0","link_type":"FH","geometry_type":"LineString","vendor":"ERICSSON","folder":"LIEN FH / ERICSSON","color":"#0000FF","width":3.0},"geometry":{"type":"LineString","coordinates":[[-4.1002222,5.36775],[-4.1083373,5.36545102]]}},{"type":"Feature","properties":{"name":"FH_1115_MAMIE_ADJOUA-BIC","description":"0","link_type":"FH","geometry_type":"LineString","vendor":"ERICSSON","folder":"LIEN FH / ERICSSON","color":"#0000FF","width":3.0},"geometry":{"type":"LineString","coordinates":[[-4.09855,5.36242],[-4.0893288,5.36877753]]}},{"type":"Feature","properties":{"name":"FH_1116_SYNACASS_CI-ANANO_BETHANIE","description":"0","link_type":"FH","geometry_type":"LineString","vendor":"ERICSSON","folder":"LIEN FH / ERICSSON","color":"#0000FF","width":3.0},"geometry":{"type":"LineString","coordinates":[[-3.94652,5.35153],[-3.94077,5.34681]]}},{"type":"Feature","properties":{"name":"FH_1117_SYNACASS_CI-ARDOISE","description":"0","link_type":"FH","geometry_type":"LineString","vendor":"ERICSSON","folder":"LIEN FH / ERICSSON","color":"#0000FF","width":3.0},"geometry":{"type":"LineString","coordinates":[[-3.94652,5.35153],[-3.954969,5.35088465]]}},{"type":"Feature","properties":{"name":"FH_1118_GOBELET_VILLAGE-LEMANIA","description":"0","link_type":"FH","geometry_type":"LineString","vendor":"ERICSSON","folder":"LIEN FH / ERICSSON","color":"#0000FF","width":3.0},"geometry":{"type":"LineString","coordinates":[[-3.9844496,5.36619676],[-3.98504,5.36061]]}},{"type":"Feature","properties":{"name":"FH_1119_BRACODI-LATIN","description":"0","link_type":"FH","geometry_type":"LineString","vendor":"ERICSSON","folder":"LIEN FH / ERICSSON","color":"#0000FF","width":3.0},"geometry":{"type":"LineString","coordinates":[[-4.0255667,5.36119958],[-4.0197,5.3599]]}},{"type":"Feature","properties":{"name":"FH_1120_ROSIER-BESSIKOI","description":"0","link_type":"FH","geometry_type":"LineString","vendor":"ERICSSON","folder":"LIEN FH / ERICSSON","color":"#0000FF","width":3.0},"geometry":{"type":"LineString","coordinates":[[-3.9671664,5.38285856],[-3.964028,5.390694]]}},{"type":"Feature","properties":{"name":"FH_1121_ROSIER-ARAFAT","description":"0","link_type":"FH","geometry_type":"LineString","vendor":"ERICSSON","folder":"LIEN FH / ERICSSON","color":"#0000FF","width":3.0},"geometry":{"type":"LineString","coordinates":[[-3.9671664,5.38285856],[-3.9657036,5.37093924]]}},{"type":"Feature","properties":{"name":"FH_1122_ROSIER-COLLEGE_FIGUIER","description":"0","link_type":"FH","geometry_type":"LineString","vendor":"ERICSSON","folder":"LIEN FH / ERICSSON","color":"#0000FF","width":3.0},"geometry":{"type":"LineString","coordinates":[[-3.9671664,5.38285856],[-3.96717,5.377]]}},{"type":"Feature","properties":{"name":"FH_1123_TRANSUA-KOUN ABRONZO","description":"0","link_type":"FH","geometry_type":"LineString","vendor":"ERICSSON","folder":"LIEN FH / ERICSSON","color":"#0000FF","width":3.0},"geometry":{"type":"LineString","coordinates":[[-3.0106147,7.54477879],[-3.2888859,7.53722085]]}},{"type":"Feature","properties":{"name":"FH_1124_KAKOUKRO-ADIAKE","description":"0","link_type":"FH","geometry_type":"LineString","vendor":"ERICSSON","folder":"LIEN FH / ERICSSON","color":"#0000FF","width":3.0},"geometry":{"type":"LineString","coordinates":[[-3.37955,5.29736],[-3.3057258,5.28747666]]}},{"type":"Feature","properties":{"name":"FH_1125_FEYASSE-APROMPROMOU","description":"0","link_type":"FH","geometry_type":"LineString","vendor":"ERICSSON","folder":"LIEN FH / ERICSSON","color":"#0000FF","width":3.0},"geometry":{"type":"LineString","coordinates":[[-3.3905593,6.95639231],[-3.3633584,6.99510284]]}},{"type":"Feature","properties":{"name":"FH_1126_FEYASSE-MANZANOUAN","description":"0","link_type":"FH","geometry_type":"LineString","vendor":"ERICSSON","folder":"LIEN FH / ERICSSON","color":"#0000FF","width":3.0},"geometry":{"type":"LineString","coordinates":[[-3.3905593,6.95639231],[-3.28974,6.84277]]}},{"type":"Feature","properties":{"name":"FH_1127_LAURIER_9-CITE_ATCI_EXT","description":"0","link_type":"FH","geometry_type":"LineString","vendor":"ERICSSON","folder":"LIEN FH / ERICSSON","color":"#0000FF","width":3.0},"geometry":{"type":"LineString","coordinates":[[-3.9303,5.36281],[-3.93811,5.36175]]}},{"type":"Feature","properties":{"name":"FH_1128_LAURIER_9-QUAI_17","description":"0","link_type":"FH","geometry_type":"LineString","vendor":"ERICSSON","folder":"LIEN FH / ERICSSON","color":"#0000FF","width":3.0},"geometry":{"type":"LineString","coordinates":[[-3.9303,5.36281],[-3.922929,5.358574]]}},{"type":"Feature","properties":{"name":"FH_1129_LAURIER_9-SYNATRESOR","description":"0","link_type":"FH","geometry_type":"LineString","vendor":"ERICSSON","folder":"LIEN FH / ERICSSON","color":"#0000FF","width":3.0},"geometry":{"type":"LineString","coordinates":[[-3.9303,5.36281],[-3.92208,5.36989]]}},{"type":"Feature","properties":{"name":"FH_1130_LAURIER_9-BESSIKOI_KIMI","description":"0","link_type":"FH","geometry_type":"LineString","vendor":"ERICSSON","folder":"LIEN FH / ERICSSON","color":"#0000FF","width":3.0},"geometry":{"type":"LineString","coordinates":[[-3.9303,5.36281],[-3.928847,5.36792]]}},{"type":"Feature","properties":{"name":"FH_1131_MARC_SIDECI-COLOMBE","description":"0","link_type":"FH","geometry_type":"LineString","vendor":"ERICSSON","folder":"LIEN FH / ERICSSON","color":"#0000FF","width":3.0},"geometry":{"type":"LineString","coordinates":[[-3.9699539,5.29592028],[-3.965031,5.29858728]]}},{"type":"Feature","properties":{"name":"FH_1132_ASECNA-ADJOUFOU","description":"0","link_type":"FH","geometry_type":"LineString","vendor":"ERICSSON","folder":"LIEN FH / ERICSSON","color":"#0000FF","width":3.0},"geometry":{"type":"LineString","coordinates":[[-3.9359727,5.25535895],[-3.9183603,5.2437256]]}},{"type":"Feature","properties":{"name":"FH_1133_LAVAGE-GAKOUKA","description":"0","link_type":"FH","geometry_type":"LineString","vendor":"ERICSSON","folder":"LIEN FH / ERICSSON","color":"#0000FF","width":3.0},"geometry":{"type":"LineString","coordinates":[[-4.07339,5.3392],[-4.0747518,5.33116732]]}},{"type":"Feature","properties":{"name":"FH_1134_LAVAGE-YOP_SELMER_GREEN","description":"0","link_type":"FH","geometry_type":"LineString","vendor":"ERICSSON","folder":"LIEN FH / ERICSSON","color":"#0000FF","width":3.0},"geometry":{"type":"LineString","coordinates":[[-4.07339,5.3392],[-4.069597,5.340312]]}},{"type":"Feature","properties":{"name":"FH_1135_DAKPADOU-NIAPIDOU","description":"0","link_type":"FH","geometry_type":"LineString","vendor":"ERICSSON","folder":"LIEN FH / ERICSSON","color":"#0000FF","width":3.0},"geometry":{"type":"LineString","coordinates":[[-6.07215,5.24329],[-6.069411,5.33445]]}},{"type":"Feature","properties":{"name":"FH_1136_MACACI-CERES","description":"0","link_type":"FH","geometry_type":"LineString","vendor":"ERICSSON","folder":"LIEN FH / ERICSSON","color":"#0000FF","width":3.0},"geometry":{"type":"LineString","coordinates":[[-4.0246769,5.374226],[-4.0249712,5.36671808]]}},{"type":"Feature","properties":{"name":"FH_1137_GUITRY-YOCOBOUE","description":"0","link_type":"FH","geometry_type":"LineString","vendor":"ERICSSON","folder":"LIEN FH / ERICSSON","color":"#0000FF","width":3.0},"geometry":{"type":"LineString","coordinates":[[-5.2416984,5.52829556],[-5.10925,5.27539]]}},{"type":"Feature","properties":{"name":"FH_1138_GUITRY-TIEGBA","description":"0","link_type":"FH","geometry_type":"LineString","vendor":"ERICSSON","folder":"LIEN FH / ERICSSON","color":"#0000FF","width":3.0},"geometry":{"type":"LineString","coordinates":[[-5.2416984,5.52829556],[-5.142,5.60375]]}},{"type":"Feature","properties":{"name":"FH_1139_ORLEON-CITE_VERTE","description":"0","link_type":"FH","geometry_type":"LineString","vendor":"ERICSSON","folder":"LIEN FH / ERICSSON","color":"#0000FF","width":3.0},"geometry":{"type":"LineString","coordinates":[[-4.11101,5.32558],[-4.1148,5.3298]]}},{"type":"Feature","properties":{"name":"FH_1140_ORLEON-LAGOMA","description":"0","link_type":"FH","geometry_type":"LineString","vendor":"ERICSSON","folder":"LIEN FH / ERICSSON","color":"#0000FF","width":3.0},"geometry":{"type":"LineString","coordinates":[[-4.11101,5.32558],[-4.1154166,5.32369444]]}},{"type":"Feature","properties":{"name":"FH_1141_LOBIKRO-FEYASSE","description":"0","link_type":"FH","geometry_type":"LineString","vendor":"ERICSSON","folder":"LIEN FH / ERICSSON","color":"#0000FF","width":3.0},"geometry":{"type":"LineString","coordinates":[[-3.5061712,6.74194552],[-3.3905593,6.95639231]]}},{"type":"Feature","properties":{"name":"FH_1142_QUEENS-TANON_NAMANKO","description":"0","link_type":"FH","geometry_type":"LineString","vendor":"ERICSSON","folder":"LIEN FH / ERICSSON","color":"#0000FF","width":3.0},"geometry":{"type":"LineString","coordinates":[[-3.99022,5.37304],[-3.9930562,5.37552651]]}},{"type":"Feature","properties":{"name":"FH_1143_AMELEKIA-LOBIKRO","description":"0","link_type":"FH","geometry_type":"LineString","vendor":"ERICSSON","folder":"LIEN FH / ERICSSON","color":"#0000FF","width":3.0},"geometry":{"type":"LineString","coordinates":[[-3.5730471,6.87027382],[-3.5061712,6.74194552]]}},{"type":"Feature","properties":{"name":"FH_1144_UNIAX-BIC","description":"0","link_type":"FH","geometry_type":"LineString","vendor":"ERICSSON","folder":"LIEN FH / ERICSSON","color":"#0000FF","width":3.0},"geometry":{"type":"LineString","coordinates":[[-4.08045,5.3639],[-4.0893288,5.36877753]]}},{"type":"Feature","properties":{"name":"FH_1145_IROH_LAME-AOUTOUE","description":"0","link_type":"FH","geometry_type":"LineString","vendor":"ERICSSON","folder":"LIEN FH / ERICSSON","color":"#0000FF","width":3.0},"geometry":{"type":"LineString","coordinates":[[-3.8496002,5.45719804],[-3.8045012,5.47538748]]}},{"type":"Feature","properties":{"name":"FH_1146_KOUN ABRONZO-TANDA","description":"0","link_type":"FH","geometry_type":"LineString","vendor":"ERICSSON","folder":"LIEN FH / ERICSSON","color":"#0000FF","width":3.0},"geometry":{"type":"LineString","coordinates":[[-3.2888859,7.53722085],[-3.1708065,7.79610626]]}},{"type":"Feature","properties":{"name":"FH_1147_SIROCCO-IPNETP","description":"0","link_type":"FH","geometry_type":"LineString","vendor":"ERICSSON","folder":"LIEN FH / ERICSSON","color":"#0000FF","width":3.0},"geometry":{"type":"LineString","coordinates":[[-4.0163929,5.35279389],[-4.0092,5.3482]]}},{"type":"Feature","properties":{"name":"FH_1148_SIROCCO-MONTEE","description":"0","link_type":"FH","geometry_type":"LineString","vendor":"ERICSSON","folder":"LIEN FH / ERICSSON","color":"#0000FF","width":3.0},"geometry":{"type":"LineString","coordinates":[[-4.0163929,5.35279389],[-4.0189665,5.36470202]]}},{"type":"Feature","properties":{"name":"FH_1149_SIROCCO-INDENIE","description":"0","link_type":"FH","geometry_type":"LineString","vendor":"ERICSSON","folder":"LIEN FH / ERICSSON","color":"#0000FF","width":3.0},"geometry":{"type":"LineString","coordinates":[[-4.0163929,5.35279389],[-4.020458,5.336212]]}},{"type":"Feature","properties":{"name":"FH_1150_SIROCCO-MACACI","description":"0","link_type":"FH","geometry_type":"LineString","vendor":"ERICSSON","folder":"LIEN FH / ERICSSON","color":"#0000FF","width":3.0},"geometry":{"type":"LineString","coordinates":[[-4.0163929,5.35279389],[-4.0246769,5.374226]]}},{"type":"Feature","properties":{"name":"FH_1151_SIROCCO-CARINN_COUTURE","description":"0","link_type":"FH","geometry_type":"LineString","vendor":"ERICSSON","folder":"LIEN FH / ERICSSON","color":"#0000FF","width":3.0},"geometry":{"type":"LineString","coordinates":[[-4.0163929,5.35279389],[-4.01803,5.35647]]}},{"type":"Feature","properties":{"name":"FH_1152_SIROCCO-BANFORA","description":"0","link_type":"FH","geometry_type":"LineString","vendor":"ERICSSON","folder":"LIEN FH / ERICSSON","color":"#0000FF","width":3.0},"geometry":{"type":"LineString","coordinates":[[-4.0163929,5.35279389],[-4.0223859,5.34786339]]}},{"type":"Feature","properties":{"name":"FH_1153_WEST AFRICA-I2T","description":"0","link_type":"FH","geometry_type":"LineString","vendor":"ERICSSON","folder":"LIEN FH / ERICSSON","color":"#0000FF","width":3.0},"geometry":{"type":"LineString","coordinates":[[-3.89565,5.243384],[-3.890969,5.247296]]}},{"type":"Feature","properties":{"name":"FH_1154_WEST AFRICA-ADJOUFOU","description":"0","link_type":"FH","geometry_type":"LineString","vendor":"ERICSSON","folder":"LIEN FH / ERICSSON","color":"#0000FF","width":3.0},"geometry":{"type":"LineString","coordinates":[[-3.89565,5.243384],[-3.9183603,5.2437256]]}},{"type":"Feature","properties":{"name":"FH_1155_SASSANDRA-DAKPADOU","description":"0","link_type":"FH","geometry_type":"LineString","vendor":"ERICSSON","folder":"LIEN FH / ERICSSON","color":"#0000FF","width":3.0},"geometry":{"type":"LineString","coordinates":[[-6.0925794,4.95379642],[-6.07215,5.24329]]}},{"type":"Feature","properties":{"name":"FH_1156_SASSANDRA-PHARE","description":"0","link_type":"FH","geometry_type":"LineString","vendor":"ERICSSON","folder":"LIEN FH / ERICSSON","color":"#0000FF","width":3.0},"geometry":{"type":"LineString","coordinates":[[-6.0925794,4.95379642],[-6.085222,4.9475]]}},{"type":"Feature","properties":{"name":"FH_1157_SASSANDRA-NIABABLY_PK26","description":"0","link_type":"FH","geometry_type":"LineString","vendor":"ERICSSON","folder":"LIEN FH / ERICSSON","color":"#0000FF","width":3.0},"geometry":{"type":"LineString","coordinates":[[-6.0925794,4.95379642],[-6.070556,5.063333]]}},{"type":"Feature","properties":{"name":"FH_1158_FAYA-MISSION_EPHRATA","description":"0","link_type":"FH","geometry_type":"LineString","vendor":"ERICSSON","folder":"LIEN FH / ERICSSON","color":"#0000FF","width":3.0},"geometry":{"type":"LineString","coordinates":[[-3.9365256,5.37052338],[-3.9339,5.38186]]}},{"type":"Feature","properties":{"name":"FH_1159_FAYA-LAURIER_9","description":"0","link_type":"FH","geometry_type":"LineString","vendor":"ERICSSON","folder":"LIEN FH / ERICSSON","color":"#0000FF","width":3.0},"geometry":{"type":"LineString","coordinates":[[-3.9365256,5.37052338],[-3.9303,5.36281]]}},{"type":"Feature","properties":{"name":"FH_1160_FAYA-CITE_SIR","description":"0","link_type":"FH","geometry_type":"LineString","vendor":"ERICSSON","folder":"LIEN FH / ERICSSON","color":"#0000FF","width":3.0},"geometry":{"type":"LineString","coordinates":[[-3.9365256,5.37052338],[-3.92994,5.39175]]}},{"type":"Feature","properties":{"name":"FH_1161_FAYA-FAYA_ST_PAUL","description":"0","link_type":"FH","geometry_type":"LineString","vendor":"ERICSSON","folder":"LIEN FH / ERICSSON","color":"#0000FF","width":3.0},"geometry":{"type":"LineString","coordinates":[[-3.9365256,5.37052338],[-3.934,5.3678]]}},{"type":"Feature","properties":{"name":"FH_1162_FAYA-AKOUEDO","description":"0","link_type":"FH","geometry_type":"LineString","vendor":"ERICSSON","folder":"LIEN FH / ERICSSON","color":"#0000FF","width":3.0},"geometry":{"type":"LineString","coordinates":[[-3.9365256,5.37052338],[-3.938837,5.35347845]]}},{"type":"Feature","properties":{"name":"FH_1163_FAYA-GENIE2000","description":"0","link_type":"FH","geometry_type":"LineString","vendor":"ERICSSON","folder":"LIEN FH / ERICSSON","color":"#0000FF","width":3.0},"geometry":{"type":"LineString","coordinates":[[-3.9365256,5.37052338],[-3.93495,5.3759]]}},{"type":"Feature","properties":{"name":"FH_1164_AZAGUIE-DZEUDJI","description":"0","link_type":"FH","geometry_type":"LineString","vendor":"ERICSSON","folder":"LIEN FH / ERICSSON","color":"#0000FF","width":3.0},"geometry":{"type":"LineString","coordinates":[[-4.0690037,5.64055906],[-3.849889,5.596917]]}},{"type":"Feature","properties":{"name":"FH_1165_SIPOREX-SABLE","description":"0","link_type":"FH","geometry_type":"LineString","vendor":"ERICSSON","folder":"LIEN FH / ERICSSON","color":"#0000FF","width":3.0},"geometry":{"type":"LineString","coordinates":[[-4.0721305,5.35463452],[-4.0648,5.35466]]}},{"type":"Feature","properties":{"name":"FH_1166_ELISEE-YOP_AMZA","description":"0","link_type":"FH","geometry_type":"LineString","vendor":"ERICSSON","folder":"LIEN FH / ERICSSON","color":"#0000FF","width":3.0},"geometry":{"type":"LineString","coordinates":[[-4.09406,5.34518],[-4.0942,5.3471]]}},{"type":"Feature","properties":{"name":"FH_1167_ELISEE-MAQUIS_CANARI","description":"0","link_type":"FH","geometry_type":"LineString","vendor":"ERICSSON","folder":"LIEN FH / ERICSSON","color":"#0000FF","width":3.0},"geometry":{"type":"LineString","coordinates":[[-4.09406,5.34518],[-4.101389,5.344222]]}},{"type":"Feature","properties":{"name":"FH_1168_ELISEE-PENTECOTE","description":"0","link_type":"FH","geometry_type":"LineString","vendor":"ERICSSON","folder":"LIEN FH / ERICSSON","color":"#0000FF","width":3.0},"geometry":{"type":"LineString","coordinates":[[-4.09406,5.34518],[-4.0969931,5.33981115]]}},{"type":"Feature","properties":{"name":"FH_1169_PALAIS-VATICAN","description":"0","link_type":"FH","geometry_type":"LineString","vendor":"ERICSSON","folder":"LIEN FH / ERICSSON","color":"#0000FF","width":3.0},"geometry":{"type":"LineString","coordinates":[[-4.0728302,5.32103127],[-4.08118,5.31324]]}},{"type":"Feature","properties":{"name":"FH_1170_PALAIS-ACADJOBA","description":"0","link_type":"FH","geometry_type":"LineString","vendor":"ERICSSON","folder":"LIEN FH / ERICSSON","color":"#0000FF","width":3.0},"geometry":{"type":"LineString","coordinates":[[-4.0728302,5.32103127],[-4.0811282,5.32399256]]}},{"type":"Feature","properties":{"name":"FH_1171_ABATA-BEVERLY","description":"0","link_type":"FH","geometry_type":"LineString","vendor":"ERICSSON","folder":"LIEN FH / ERICSSON","color":"#0000FF","width":3.0},"geometry":{"type":"LineString","coordinates":[[-3.92,5.34645],[-3.9450847,5.33166965]]}},{"type":"Feature","properties":{"name":"FH_1172_CARNOT-PENTECOTE","description":"0","link_type":"FH","geometry_type":"LineString","vendor":"ERICSSON","folder":"LIEN FH / ERICSSON","color":"#0000FF","width":3.0},"geometry":{"type":"LineString","coordinates":[[-4.1045579,5.3211109],[-4.0969931,5.33981115]]}},{"type":"Feature","properties":{"name":"FH_1173_CARNOT-LOKOUA_EXT","description":"0","link_type":"FH","geometry_type":"LineString","vendor":"ERICSSON","folder":"LIEN FH / ERICSSON","color":"#0000FF","width":3.0},"geometry":{"type":"LineString","coordinates":[[-4.1045579,5.3211109],[-4.1082,5.3168]]}},{"type":"Feature","properties":{"name":"FH_1174_CARNOT-ORLEON","description":"0","link_type":"FH","geometry_type":"LineString","vendor":"ERICSSON","folder":"LIEN FH / ERICSSON","color":"#0000FF","width":3.0},"geometry":{"type":"LineString","coordinates":[[-4.1045579,5.3211109],[-4.11101,5.32558]]}},{"type":"Feature","properties":{"name":"FH_1175_CARNOT-YOP_CSM17","description":"0","link_type":"FH","geometry_type":"LineString","vendor":"ERICSSON","folder":"LIEN FH / ERICSSON","color":"#0000FF","width":3.0},"geometry":{"type":"LineString","coordinates":[[-4.1045579,5.3211109],[-4.0965,5.3194]]}},{"type":"Feature","properties":{"name":"FH_1176_LTA-SIBPALM","description":"0","link_type":"FH","geometry_type":"LineString","vendor":"ERICSSON","folder":"LIEN FH / ERICSSON","color":"#0000FF","width":3.0},"geometry":{"type":"LineString","coordinates":[[-4.0048182,5.35505618],[-4.002469,5.352352]]}},{"type":"Feature","properties":{"name":"FH_1177_LTA-INSAC","description":"0","link_type":"FH","geometry_type":"LineString","vendor":"ERICSSON","folder":"LIEN FH / ERICSSON","color":"#0000FF","width":3.0},"geometry":{"type":"LineString","coordinates":[[-4.0048182,5.35505618],[-3.9969025,5.34877368]]}},{"type":"Feature","properties":{"name":"FH_1178_LTA-IMAKO","description":"0","link_type":"FH","geometry_type":"LineString","vendor":"ERICSSON","folder":"LIEN FH / ERICSSON","color":"#0000FF","width":3.0},"geometry":{"type":"LineString","coordinates":[[-4.0048182,5.35505618],[-4.005314,5.355171]]}},{"type":"Feature","properties":{"name":"FH_1179_AGENCE MOOV DHL-DHL","description":"0","link_type":"FH","geometry_type":"LineString","vendor":"ERICSSON","folder":"LIEN FH / ERICSSON","color":"#0000FF","width":3.0},"geometry":{"type":"LineString","coordinates":[[-3.980784,5.295125],[-3.9788136,5.29495659]]}},{"type":"Feature","properties":{"name":"FH_1180_MARC_RESIDENTIEL-MARC_POSTE","description":"0","link_type":"FH","geometry_type":"LineString","vendor":"ERICSSON","folder":"LIEN FH / ERICSSON","color":"#0000FF","width":3.0},"geometry":{"type":"LineString","coordinates":[[-3.99109,5.31323],[-3.986529,5.30638654]]}},{"type":"Feature","properties":{"name":"FH_1181_PHRCIE_ACADJOBA-ACADJOBA","description":"0","link_type":"FH","geometry_type":"LineString","vendor":"ERICSSON","folder":"LIEN FH / ERICSSON","color":"#0000FF","width":3.0},"geometry":{"type":"LineString","coordinates":[[-4.0792,5.3177],[-4.0811282,5.32399256]]}},{"type":"Feature","properties":{"name":"FH_1182_EDJAMBO-DJEMISSIKRO","description":"0","link_type":"FH","geometry_type":"LineString","vendor":"ERICSSON","folder":"LIEN FH / ERICSSON","color":"#0000FF","width":3.0},"geometry":{"type":"LineString","coordinates":[[-2.9658333,5.20013889],[-2.9763998,5.28969559]]}},{"type":"Feature","properties":{"name":"FH_1183_ODDOS-ADJOUFOU","description":"0","link_type":"FH","geometry_type":"LineString","vendor":"ERICSSON","folder":"LIEN FH / ERICSSON","color":"#0000FF","width":3.0},"geometry":{"type":"LineString","coordinates":[[-3.7371475,5.20743846],[-3.9183603,5.2437256]]}},{"type":"Feature","properties":{"name":"FH_1184_ODDOS-CAFOP","description":"0","link_type":"FH","geometry_type":"LineString","vendor":"ERICSSON","folder":"LIEN FH / ERICSSON","color":"#0000FF","width":3.0},"geometry":{"type":"LineString","coordinates":[[-3.7371475,5.20743846],[-3.7420314,5.21722934]]}},{"type":"Feature","properties":{"name":"FH_1185_ODDOS-BONOUA","description":"0","link_type":"FH","geometry_type":"LineString","vendor":"ERICSSON","folder":"LIEN FH / ERICSSON","color":"#0000FF","width":3.0},"geometry":{"type":"LineString","coordinates":[[-3.7371475,5.20743846],[-3.596196,5.264682]]}},{"type":"Feature","properties":{"name":"FH_1186_TANGUELAN-AGNIBILEKRO","description":"0","link_type":"FH","geometry_type":"LineString","vendor":"ERICSSON","folder":"LIEN FH / ERICSSON","color":"#0000FF","width":3.0},"geometry":{"type":"LineString","coordinates":[[-3.31075,7.16381],[-3.202748,7.139421]]}},{"type":"Feature","properties":{"name":"FH_1187_CITE_DON_MELO-COCODY_CITE_MILITAIRE","description":"0","link_type":"FH","geometry_type":"LineString","vendor":"ERICSSON","folder":"LIEN FH / ERICSSON","color":"#0000FF","width":3.0},"geometry":{"type":"LineString","coordinates":[[-3.974,5.40947],[-3.96432,5.41424]]}},{"type":"Feature","properties":{"name":"FH_1188_CITE_DON_MELO-ANGRE_CITE_MILITAIRE","description":"0","link_type":"FH","geometry_type":"LineString","vendor":"ERICSSON","folder":"LIEN FH / ERICSSON","color":"#0000FF","width":3.0},"geometry":{"type":"LineString","coordinates":[[-3.974,5.40947],[-3.96996,5.42487]]}},{"type":"Feature","properties":{"name":"FH_1189_CHALET-SOLEIL","description":"0","link_type":"FH","geometry_type":"LineString","vendor":"ERICSSON","folder":"LIEN FH / ERICSSON","color":"#0000FF","width":3.0},"geometry":{"type":"LineString","coordinates":[[-3.9833018,5.38763573],[-3.977344,5.395479]]}},{"type":"Feature","properties":{"name":"FH_1190_CHALET-DGI_VALLON","description":"0","link_type":"FH","geometry_type":"LineString","vendor":"ERICSSON","folder":"LIEN FH / ERICSSON","color":"#0000FF","width":3.0},"geometry":{"type":"LineString","coordinates":[[-3.9833018,5.38763573],[-3.96926,5.38712]]}},{"type":"Feature","properties":{"name":"FH_1191_CHALET-OSCAR","description":"0","link_type":"FH","geometry_type":"LineString","vendor":"ERICSSON","folder":"LIEN FH / ERICSSON","color":"#0000FF","width":3.0},"geometry":{"type":"LineString","coordinates":[[-3.9833018,5.38763573],[-3.99305,5.39282]]}},{"type":"Feature","properties":{"name":"FH_1192_CHALET-LOREADE","description":"0","link_type":"FH","geometry_type":"LineString","vendor":"ERICSSON","folder":"LIEN FH / ERICSSON","color":"#0000FF","width":3.0},"geometry":{"type":"LineString","coordinates":[[-3.9833018,5.38763573],[-3.9840031,5.3972225]]}},{"type":"Feature","properties":{"name":"FH_1193_SIB FORUM-BANFORA","description":"0","link_type":"FH","geometry_type":"LineString","vendor":"ERICSSON","folder":"LIEN FH / ERICSSON","color":"#0000FF","width":3.0},"geometry":{"type":"LineString","coordinates":[[-4.026002,5.341991],[-4.0223859,5.34786339]]}},{"type":"Feature","properties":{"name":"FH_1194_BANCO-MILLIONAIRE","description":"0","link_type":"FH","geometry_type":"LineString","vendor":"ERICSSON","folder":"LIEN FH / ERICSSON","color":"#0000FF","width":3.0},"geometry":{"type":"LineString","coordinates":[[-4.0527277,5.35438],[-4.0526086,5.34802934]]}},{"type":"Feature","properties":{"name":"FH_1195_AGNI_COMMERCE-AGNIBILEKRO","description":"0","link_type":"FH","geometry_type":"LineString","vendor":"ERICSSON","folder":"LIEN FH / ERICSSON","color":"#0000FF","width":3.0},"geometry":{"type":"LineString","coordinates":[[-3.20116,7.12648],[-3.202748,7.139421]]}},{"type":"Feature","properties":{"name":"FH_1196_TOIT_ROUGE-KOEIT","description":"0","link_type":"FH","geometry_type":"LineString","vendor":"ERICSSON","folder":"LIEN FH / ERICSSON","color":"#0000FF","width":3.0},"geometry":{"type":"LineString","coordinates":[[-4.0494178,5.32367655],[-4.05351,5.3209]]}},{"type":"Feature","properties":{"name":"FH_1197_TOIT_ROUGE-TT_ROUGE","description":"0","link_type":"FH","geometry_type":"LineString","vendor":"ERICSSON","folder":"LIEN FH / ERICSSON","color":"#0000FF","width":3.0},"geometry":{"type":"LineString","coordinates":[[-4.0494178,5.32367655],[-4.049387,5.33210657]]}},{"type":"Feature","properties":{"name":"FH_1198_TOIT_ROUGE-BOISSI","description":"0","link_type":"FH","geometry_type":"LineString","vendor":"ERICSSON","folder":"LIEN FH / ERICSSON","color":"#0000FF","width":3.0},"geometry":{"type":"LineString","coordinates":[[-4.0494178,5.32367655],[-4.0523758,5.32790457]]}},{"type":"Feature","properties":{"name":"FH_1199_SAGBE_CELESTE-SAGBE","description":"0","link_type":"FH","geometry_type":"LineString","vendor":"ERICSSON","folder":"LIEN FH / ERICSSON","color":"#0000FF","width":3.0},"geometry":{"type":"LineString","coordinates":[[-4.02779,5.4139],[-4.0308882,5.41833735]]}},{"type":"Feature","properties":{"name":"FH_1200_NEON-COUVENT","description":"0","link_type":"FH","geometry_type":"LineString","vendor":"ERICSSON","folder":"LIEN FH / ERICSSON","color":"#0000FF","width":3.0},"geometry":{"type":"LineString","coordinates":[[-3.9929761,5.41507211],[-3.98545,5.41718]]}},{"type":"Feature","properties":{"name":"FH_1201_NEON-GARAGE_FOFANA","description":"0","link_type":"FH","geometry_type":"LineString","vendor":"ERICSSON","folder":"LIEN FH / ERICSSON","color":"#0000FF","width":3.0},"geometry":{"type":"LineString","coordinates":[[-3.9929761,5.41507211],[-3.9777697,5.43277116]]}},{"type":"Feature","properties":{"name":"FH_1202_DIAMANAKRO-BETTIE","description":"0","link_type":"FH","geometry_type":"LineString","vendor":"ERICSSON","folder":"LIEN FH / ERICSSON","color":"#0000FF","width":3.0},"geometry":{"type":"LineString","coordinates":[[-3.31633,6.23429818],[-3.3982988,6.07243585]]}},{"type":"Feature","properties":{"name":"FH_1203_ROUTE_AKANDJE-ROSIER_PRGME6_EXT","description":"0","link_type":"FH","geometry_type":"LineString","vendor":"ERICSSON","folder":"LIEN FH / ERICSSON","color":"#0000FF","width":3.0},"geometry":{"type":"LineString","coordinates":[[-3.89643,5.39742],[-3.908926,5.392653]]}},{"type":"Feature","properties":{"name":"FH_1204_ALLABRA_MOSQUE-OSCAR","description":"0","link_type":"FH","geometry_type":"LineString","vendor":"ERICSSON","folder":"LIEN FH / ERICSSON","color":"#0000FF","width":3.0},"geometry":{"type":"LineString","coordinates":[[-3.989525,5.395345],[-3.99305,5.39282]]}},{"type":"Feature","properties":{"name":"FH_1205_SEMINAIRE-EBIMPE","description":"0","link_type":"FH","geometry_type":"LineString","vendor":"ERICSSON","folder":"LIEN FH / ERICSSON","color":"#0000FF","width":3.0},"geometry":{"type":"LineString","coordinates":[[-4.0599333,5.50141039],[-4.07159,5.50047]]}},{"type":"Feature","properties":{"name":"FH_1206_SEMINAIRE-ANYAMA_SOCIFAB","description":"0","link_type":"FH","geometry_type":"LineString","vendor":"ERICSSON","folder":"LIEN FH / ERICSSON","color":"#0000FF","width":3.0},"geometry":{"type":"LineString","coordinates":[[-4.0599333,5.50141039],[-4.072306,5.567056]]}},{"type":"Feature","properties":{"name":"FH_1207_ABENG_CIT-LOBIKRO","description":"0","link_type":"FH","geometry_type":"LineString","vendor":"ERICSSON","folder":"LIEN FH / ERICSSON","color":"#0000FF","width":3.0},"geometry":{"type":"LineString","coordinates":[[-3.48723,6.72898],[-3.5061712,6.74194552]]}},{"type":"Feature","properties":{"name":"FH_1208_MEMNI-BONGO_VILLAGE","description":"0","link_type":"FH","geometry_type":"LineString","vendor":"ERICSSON","folder":"LIEN FH / ERICSSON","color":"#0000FF","width":3.0},"geometry":{"type":"LineString","coordinates":[[-3.7471149,5.50224617],[-3.55146,5.5104]]}},{"type":"Feature","properties":{"name":"FH_1209_MATERNITE-COLATIER","description":"0","link_type":"FH","geometry_type":"LineString","vendor":"ERICSSON","folder":"LIEN FH / ERICSSON","color":"#0000FF","width":3.0},"geometry":{"type":"LineString","coordinates":[[-4.0072329,5.44567534],[-4.0132094,5.44107945]]}},{"type":"Feature","properties":{"name":"FH_1210_BAD-ST_MATHIEU","description":"0","link_type":"FH","geometry_type":"LineString","vendor":"ERICSSON","folder":"LIEN FH / ERICSSON","color":"#0000FF","width":3.0},"geometry":{"type":"LineString","coordinates":[[-4.0232862,5.42746769],[-4.0333,5.43055]]}},{"type":"Feature","properties":{"name":"FH_1211_BAD-SAGBE","description":"0","link_type":"FH","geometry_type":"LineString","vendor":"ERICSSON","folder":"LIEN FH / ERICSSON","color":"#0000FF","width":3.0},"geometry":{"type":"LineString","coordinates":[[-4.0232862,5.42746769],[-4.0308882,5.41833735]]}},{"type":"Feature","properties":{"name":"FH_1212_BAD-MATERNITE_AFFOSABO","description":"0","link_type":"FH","geometry_type":"LineString","vendor":"ERICSSON","folder":"LIEN FH / ERICSSON","color":"#0000FF","width":3.0},"geometry":{"type":"LineString","coordinates":[[-4.0232862,5.42746769],[-4.0337,5.42564]]}},{"type":"Feature","properties":{"name":"FH_1213_YOP_CITE_ADO-ATTINGUIE_CIMOD","description":"0","link_type":"FH","geometry_type":"LineString","vendor":"ERICSSON","folder":"LIEN FH / ERICSSON","color":"#0000FF","width":3.0},"geometry":{"type":"LineString","coordinates":[[-4.086313,5.403428],[-4.145708,5.420426]]}},{"type":"Feature","properties":{"name":"FH_1214_YOP_CITE_ADO-MACA","description":"0","link_type":"FH","geometry_type":"LineString","vendor":"ERICSSON","folder":"LIEN FH / ERICSSON","color":"#0000FF","width":3.0},"geometry":{"type":"LineString","coordinates":[[-4.086313,5.403428],[-4.08042,5.39177]]}},{"type":"Feature","properties":{"name":"FH_1215_OKROUMODOU-FRESCO","description":"0","link_type":"FH","geometry_type":"LineString","vendor":"ERICSSON","folder":"LIEN FH / ERICSSON","color":"#0000FF","width":3.0},"geometry":{"type":"LineString","coordinates":[[-5.68,5.35036],[-5.5859504,5.10314843]]}},{"type":"Feature","properties":{"name":"FH_1216_CITE_GESTOCI-CITE_DON_MELO","description":"0","link_type":"FH","geometry_type":"LineString","vendor":"ERICSSON","folder":"LIEN FH / ERICSSON","color":"#0000FF","width":3.0},"geometry":{"type":"LineString","coordinates":[[-3.96093,5.40513],[-3.974,5.40947]]}},{"type":"Feature","properties":{"name":"FH_1217_CITE_GESTOCI-DJOROBITE_CIE","description":"0","link_type":"FH","geometry_type":"LineString","vendor":"ERICSSON","folder":"LIEN FH / ERICSSON","color":"#0000FF","width":3.0},"geometry":{"type":"LineString","coordinates":[[-3.96093,5.40513],[-3.94191,5.398791]]}},{"type":"Feature","properties":{"name":"FH_1218_CITE_GESTOCI-DJOROBITE_2","description":"0","link_type":"FH","geometry_type":"LineString","vendor":"ERICSSON","folder":"LIEN FH / ERICSSON","color":"#0000FF","width":3.0},"geometry":{"type":"LineString","coordinates":[[-3.96093,5.40513],[-3.94953,5.40558]]}},{"type":"Feature","properties":{"name":"FH_1219_CITE_GESTOCI-AKANDJE","description":"0","link_type":"FH","geometry_type":"LineString","vendor":"ERICSSON","folder":"LIEN FH / ERICSSON","color":"#0000FF","width":3.0},"geometry":{"type":"LineString","coordinates":[[-3.96093,5.40513],[-3.8984166,5.41525]]}},{"type":"Feature","properties":{"name":"FH_1220_ROUTE_DABOU-LUBAF","description":"0","link_type":"FH","geometry_type":"LineString","vendor":"ERICSSON","folder":"LIEN FH / ERICSSON","color":"#0000FF","width":3.0},"geometry":{"type":"LineString","coordinates":[[-4.10634,5.34491],[-4.1049465,5.33152989]]}},{"type":"Feature","properties":{"name":"FH_1221_ABOBO_BAOULE-BIABOU","description":"0","link_type":"FH","geometry_type":"LineString","vendor":"ERICSSON","folder":"LIEN FH / ERICSSON","color":"#0000FF","width":3.0},"geometry":{"type":"LineString","coordinates":[[-3.9939888,5.42171864],[-3.98051,5.44381]]}},{"type":"Feature","properties":{"name":"FH_1222_VISION_2000-DJIBI","description":"0","link_type":"FH","geometry_type":"LineString","vendor":"ERICSSON","folder":"LIEN FH / ERICSSON","color":"#0000FF","width":3.0},"geometry":{"type":"LineString","coordinates":[[-3.972427,5.38891],[-3.9786228,5.40206133]]}},{"type":"Feature","properties":{"name":"FH_1223_AGOU-ADZOPE","description":"0","link_type":"FH","geometry_type":"LineString","vendor":"ERICSSON","folder":"LIEN FH / ERICSSON","color":"#0000FF","width":3.0},"geometry":{"type":"LineString","coordinates":[[-3.9508377,5.99180653],[-3.8604889,6.0991788]]}},{"type":"Feature","properties":{"name":"FH_1224_AGOU-AGOU","description":"0","link_type":"FH","geometry_type":"LineString","vendor":"ERICSSON","folder":"LIEN FH / ERICSSON","color":"#0000FF","width":3.0},"geometry":{"type":"LineString","coordinates":[[-3.9508377,5.99180653],[-3.9508377,5.99180653]]}},{"type":"Feature","properties":{"name":"FH_1225_TTSAERO-ASECNA","description":"0","link_type":"FH","geometry_type":"LineString","vendor":"ERICSSON","folder":"LIEN FH / ERICSSON","color":"#0000FF","width":3.0},"geometry":{"type":"LineString","coordinates":[[-3.93818,5.252058],[-3.9359727,5.25535895]]}},{"type":"Feature","properties":{"name":"FH_1226_YOROBODI-TAOUDI","description":"0","link_type":"FH","geometry_type":"LineString","vendor":"ERICSSON","folder":"LIEN FH / ERICSSON","color":"#0000FF","width":3.0},"geometry":{"type":"LineString","coordinates":[[-3.684861,8.111361],[-3.432972,8.14275]]}},{"type":"Feature","properties":{"name":"FH_1227_21RRDT-ANADOR","description":"0","link_type":"FH","geometry_type":"LineString","vendor":"ERICSSON","folder":"LIEN FH / ERICSSON","color":"#0000FF","width":3.0},"geometry":{"type":"LineString","coordinates":[[-4.024681,5.41965038],[-4.0172489,5.41175751]]}},{"type":"Feature","properties":{"name":"FH_1228_KOUM_SOWEITO-NOVELEC","description":"0","link_type":"FH","geometry_type":"LineString","vendor":"ERICSSON","folder":"LIEN FH / ERICSSON","color":"#0000FF","width":3.0},"geometry":{"type":"LineString","coordinates":[[-3.9501,5.2863],[-3.9506,5.29237]]}},{"type":"Feature","properties":{"name":"FH_1229_SOFITEL IVOIRE-BLOKOSSO","description":"0","link_type":"FH","geometry_type":"LineString","vendor":"ERICSSON","folder":"LIEN FH / ERICSSON","color":"#0000FF","width":3.0},"geometry":{"type":"LineString","coordinates":[[-4.00453,5.32553],[-4.0021308,5.32291409]]}},{"type":"Feature","properties":{"name":"FH_1230_DEBLABLAI-OLODIO","description":"0","link_type":"FH","geometry_type":"LineString","vendor":"ERICSSON","folder":"LIEN FH / ERICSSON","color":"#0000FF","width":3.0},"geometry":{"type":"LineString","coordinates":[[-7.48232,4.84725],[-7.47,4.71301]]}},{"type":"Feature","properties":{"name":"FH_1231_DEBLABLAI-GBAPET","description":"0","link_type":"FH","geometry_type":"LineString","vendor":"ERICSSON","folder":"LIEN FH / ERICSSON","color":"#0000FF","width":3.0},"geometry":{"type":"LineString","coordinates":[[-7.48232,4.84725],[-7.49128,4.9767]]}},{"type":"Feature","properties":{"name":"FH_1232_STE_FOI-AGRIPAK","description":"0","link_type":"FH","geometry_type":"LineString","vendor":"ERICSSON","folder":"LIEN FH / ERICSSON","color":"#0000FF","width":3.0},"geometry":{"type":"LineString","coordinates":[[-4.0223624,5.44697947],[-4.042861,5.443639]]}},{"type":"Feature","properties":{"name":"FH_1233_STE_FOI-COLATIER","description":"0","link_type":"FH","geometry_type":"LineString","vendor":"ERICSSON","folder":"LIEN FH / ERICSSON","color":"#0000FF","width":3.0},"geometry":{"type":"LineString","coordinates":[[-4.0223624,5.44697947],[-4.0132094,5.44107945]]}},{"type":"Feature","properties":{"name":"FH_1234_STE_FOI-AKEIKOI","description":"0","link_type":"FH","geometry_type":"LineString","vendor":"ERICSSON","folder":"LIEN FH / ERICSSON","color":"#0000FF","width":3.0},"geometry":{"type":"LineString","coordinates":[[-4.0223624,5.44697947],[-4.0145,5.45249]]}},{"type":"Feature","properties":{"name":"FH_1235_NASSA-COBACI","description":"0","link_type":"FH","geometry_type":"LineString","vendor":"ERICSSON","folder":"LIEN FH / ERICSSON","color":"#0000FF","width":3.0},"geometry":{"type":"LineString","coordinates":[[-4.0164684,5.31641429],[-4.0145682,5.31881438]]}},{"type":"Feature","properties":{"name":"FH_1236_CAMPUS-ECOLE_POLICE","description":"0","link_type":"FH","geometry_type":"LineString","vendor":"ERICSSON","folder":"LIEN FH / ERICSSON","color":"#0000FF","width":3.0},"geometry":{"type":"LineString","coordinates":[[-3.9883719,5.34156942],[-3.98808,5.35217]]}},{"type":"Feature","properties":{"name":"FH_1237_ST_THERESE-GRD MARCHE MARCORY","description":"0","link_type":"FH","geometry_type":"LineString","vendor":"ERICSSON","folder":"LIEN FH / ERICSSON","color":"#0000FF","width":3.0},"geometry":{"type":"LineString","coordinates":[[-3.9724401,5.2989194],[-3.97355,5.29464]]}},{"type":"Feature","properties":{"name":"FH_1238_GAGNY-ATE","description":"0","link_type":"FH","geometry_type":"LineString","vendor":"ERICSSON","folder":"LIEN FH / ERICSSON","color":"#0000FF","width":3.0},"geometry":{"type":"LineString","coordinates":[[-6.74,5.04384],[-6.78,4.93706]]}},{"type":"Feature","properties":{"name":"FH_1239_LOBAKUYA-SAHOUA","description":"0","link_type":"FH","geometry_type":"LineString","vendor":"ERICSSON","folder":"LIEN FH / ERICSSON","color":"#0000FF","width":3.0},"geometry":{"type":"LineString","coordinates":[[-6.34472,5.08311],[-6.254393,5.058109]]}},{"type":"Feature","properties":{"name":"FH_1240_DJEMISSIKRO-MAFERE","description":"0","link_type":"FH","geometry_type":"LineString","vendor":"ERICSSON","folder":"LIEN FH / ERICSSON","color":"#0000FF","width":3.0},"geometry":{"type":"LineString","coordinates":[[-2.9763998,5.28969559],[-3.0262227,5.415804]]}},{"type":"Feature","properties":{"name":"FH_1241_DJEMISSIKRO-TIAPOUM","description":"0","link_type":"FH","geometry_type":"LineString","vendor":"ERICSSON","folder":"LIEN FH / ERICSSON","color":"#0000FF","width":3.0},"geometry":{"type":"LineString","coordinates":[[-2.9763998,5.28969559],[-3.0203012,5.13919709]]}},{"type":"Feature","properties":{"name":"FH_1242_DJEMISSIKRO-ALLAKRO","description":"0","link_type":"FH","geometry_type":"LineString","vendor":"ERICSSON","folder":"LIEN FH / ERICSSON","color":"#0000FF","width":3.0},"geometry":{"type":"LineString","coordinates":[[-2.9763998,5.28969559],[-2.9022,5.28402]]}},{"type":"Feature","properties":{"name":"FH_1243_COSROU-TOUPAH_CIT","description":"0","link_type":"FH","geometry_type":"LineString","vendor":"ERICSSON","folder":"LIEN FH / ERICSSON","color":"#0000FF","width":3.0},"geometry":{"type":"LineString","coordinates":[[-4.657,5.32057],[-4.5612763,5.31200235]]}},{"type":"Feature","properties":{"name":"FH_1244_DAHIRI-GOMENEBERI","description":"0","link_type":"FH","geometry_type":"LineString","vendor":"ERICSSON","folder":"LIEN FH / ERICSSON","color":"#0000FF","width":3.0},"geometry":{"type":"LineString","coordinates":[[-5.53043,5.27898],[-5.520222,5.380889]]}},{"type":"Feature","properties":{"name":"FH_1245_DAHIRI-LOULOUDOU","description":"0","link_type":"FH","geometry_type":"LineString","vendor":"ERICSSON","folder":"LIEN FH / ERICSSON","color":"#0000FF","width":3.0},"geometry":{"type":"LineString","coordinates":[[-5.53043,5.27898],[-5.56957,5.22198]]}},{"type":"Feature","properties":{"name":"FH_1246_BONOUMIN-SIB_RIV3","description":"0","link_type":"FH","geometry_type":"LineString","vendor":"ERICSSON","folder":"LIEN FH / ERICSSON","color":"#0000FF","width":3.0},"geometry":{"type":"LineString","coordinates":[[-3.966316,5.35863674],[-3.959666,5.354689]]}},{"type":"Feature","properties":{"name":"FH_1247_KOUASSI_DATEKRO-DOUMOUROSSI","description":"0","link_type":"FH","geometry_type":"LineString","vendor":"ERICSSON","folder":"LIEN FH / ERICSSON","color":"#0000FF","width":3.0},"geometry":{"type":"LineString","coordinates":[[-3.53222,7.82022],[-3.49648,7.58953]]}},{"type":"Feature","properties":{"name":"FH_1248_KOUASSI_DATEKRO-SANDEGUE","description":"0","link_type":"FH","geometry_type":"LineString","vendor":"ERICSSON","folder":"LIEN FH / ERICSSON","color":"#0000FF","width":3.0},"geometry":{"type":"LineString","coordinates":[[-3.53222,7.82022],[-3.5836,7.95572]]}},{"type":"Feature","properties":{"name":"FH_1249_EBILASSOKRO-AKATI","description":"0","link_type":"FH","geometry_type":"LineString","vendor":"ERICSSON","folder":"LIEN FH / ERICSSON","color":"#0000FF","width":3.0},"geometry":{"type":"LineString","coordinates":[[-3.3529028,6.37870419],[-3.20606,6.40358]]}},{"type":"Feature","properties":{"name":"FH_1250_EBILASSOKRO-ZARANOU","description":"0","link_type":"FH","geometry_type":"LineString","vendor":"ERICSSON","folder":"LIEN FH / ERICSSON","color":"#0000FF","width":3.0},"geometry":{"type":"LineString","coordinates":[[-3.3529028,6.37870419],[-3.3589957,6.42829925]]}},{"type":"Feature","properties":{"name":"FH_1251_ONOMO-ASECNA","description":"0","link_type":"FH","geometry_type":"LineString","vendor":"ERICSSON","folder":"LIEN FH / ERICSSON","color":"#0000FF","width":3.0},"geometry":{"type":"LineString","coordinates":[[-3.93748,5.257136],[-3.9359727,5.25535895]]}},{"type":"Feature","properties":{"name":"FH_1252_ABIE-YAKASSE_ME","description":"0","link_type":"FH","geometry_type":"LineString","vendor":"ERICSSON","folder":"LIEN FH / ERICSSON","color":"#0000FF","width":3.0},"geometry":{"type":"LineString","coordinates":[[-3.9215,5.868333],[-3.9546961,5.80739704]]}},{"type":"Feature","properties":{"name":"FH_1253_ABIE-PETIT_YAPO","description":"0","link_type":"FH","geometry_type":"LineString","vendor":"ERICSSON","folder":"LIEN FH / ERICSSON","color":"#0000FF","width":3.0},"geometry":{"type":"LineString","coordinates":[[-3.9215,5.868333],[-4.143,5.80293]]}},{"type":"Feature","properties":{"name":"FH_1254_ACADJOBA-BASE_CIE","description":"0","link_type":"FH","geometry_type":"LineString","vendor":"ERICSSON","folder":"LIEN FH / ERICSSON","color":"#0000FF","width":3.0},"geometry":{"type":"LineString","coordinates":[[-4.0811282,5.32399256],[-4.0893761,5.33430731]]}},{"type":"Feature","properties":{"name":"FH_1255_ACADJOBA-PMI","description":"0","link_type":"FH","geometry_type":"LineString","vendor":"ERICSSON","folder":"LIEN FH / ERICSSON","color":"#0000FF","width":3.0},"geometry":{"type":"LineString","coordinates":[[-4.0811282,5.32399256],[-4.07993,5.34365]]}},{"type":"Feature","properties":{"name":"FH_1256_ACADJOBA-CARNOT","description":"0","link_type":"FH","geometry_type":"LineString","vendor":"ERICSSON","folder":"LIEN FH / ERICSSON","color":"#0000FF","width":3.0},"geometry":{"type":"LineString","coordinates":[[-4.0811282,5.32399256],[-4.1045579,5.3211109]]}},{"type":"Feature","properties":{"name":"FH_1257_IROH_LAME-OGLAOPO","description":"0","link_type":"FH","geometry_type":"LineString","vendor":"ERICSSON","folder":"LIEN FH / ERICSSON","color":"#0000FF","width":3.0},"geometry":{"type":"LineString","coordinates":[[-3.8496002,5.45719804],[-3.7448039,5.39969753]]}},{"type":"Feature","properties":{"name":"FH_1258_ATTOBAN-PHRCIE_BONOUMIN","description":"0","link_type":"FH","geometry_type":"LineString","vendor":"ERICSSON","folder":"LIEN FH / ERICSSON","color":"#0000FF","width":3.0},"geometry":{"type":"LineString","coordinates":[[-3.97829,5.36289],[-3.970771,5.36214]]}},{"type":"Feature","properties":{"name":"FH_1259_ATTOBAN-LEMANIA","description":"0","link_type":"FH","geometry_type":"LineString","vendor":"ERICSSON","folder":"LIEN FH / ERICSSON","color":"#0000FF","width":3.0},"geometry":{"type":"LineString","coordinates":[[-3.97829,5.36289],[-3.98504,5.36061]]}},{"type":"Feature","properties":{"name":"FH_1260_MSC-SODIREP","description":"0","link_type":"FH","geometry_type":"LineString","vendor":"ERICSSON","folder":"LIEN FH / ERICSSON","color":"#0000FF","width":3.0},"geometry":{"type":"LineString","coordinates":[[-3.955807,5.342143],[-3.9802216,5.28939155]]}},{"type":"Feature","properties":{"name":"FH_1261_MSC-FAYA","description":"0","link_type":"FH","geometry_type":"LineString","vendor":"ERICSSON","folder":"LIEN FH / ERICSSON","color":"#0000FF","width":3.0},"geometry":{"type":"LineString","coordinates":[[-3.955807,5.342143],[-3.9365256,5.37052338]]}},{"type":"Feature","properties":{"name":"FH_1262_MSC-COCODY_JACQUE_PREVERT","description":"0","link_type":"FH","geometry_type":"LineString","vendor":"ERICSSON","folder":"LIEN FH / ERICSSON","color":"#0000FF","width":3.0},"geometry":{"type":"LineString","coordinates":[[-3.955807,5.342143],[-3.95078,5.34617]]}},{"type":"Feature","properties":{"name":"FH_1263_DIDEROT-ABOBOTE","description":"0","link_type":"FH","geometry_type":"LineString","vendor":"ERICSSON","folder":"LIEN FH / ERICSSON","color":"#0000FF","width":3.0},"geometry":{"type":"LineString","coordinates":[[-4.0110102,5.4104564],[-4.0046572,5.41094636]]}},{"type":"Feature","properties":{"name":"FH_1264_MSC-DHL","description":"0","link_type":"FH","geometry_type":"LineString","vendor":"ERICSSON","folder":"LIEN FH / ERICSSON","color":"#0000FF","width":3.0},"geometry":{"type":"LineString","coordinates":[[-3.955807,5.342143],[-3.9788136,5.29495659]]}},{"type":"Feature","properties":{"name":"FH_1265_MSC-POLICE","description":"0","link_type":"FH","geometry_type":"LineString","vendor":"ERICSSON","folder":"LIEN FH / ERICSSON","color":"#0000FF","width":3.0},"geometry":{"type":"LineString","coordinates":[[-3.955807,5.342143],[-3.9906139,5.35527831]]}},{"type":"Feature","properties":{"name":"FH_1266_MSC-BEVERLY","description":"0","link_type":"FH","geometry_type":"LineString","vendor":"ERICSSON","folder":"LIEN FH / ERICSSON","color":"#0000FF","width":3.0},"geometry":{"type":"LineString","coordinates":[[-3.955807,5.342143],[-3.9450847,5.33166965]]}},{"type":"Feature","properties":{"name":"FH_1267_MSC-PRODOMO","description":"0","link_type":"FH","geometry_type":"LineString","vendor":"ERICSSON","folder":"LIEN FH / ERICSSON","color":"#0000FF","width":3.0},"geometry":{"type":"LineString","coordinates":[[-3.955807,5.342143],[-3.9471921,5.30522696]]}},{"type":"Feature","properties":{"name":"FH_1268_CONCINELL-SITARAIL_CIPEX-CI","description":"0","link_type":"FH","geometry_type":"LineString","vendor":"ERICSSON","folder":"LIEN FH / ERICSSON","color":"#0000FF","width":3.0},"geometry":{"type":"LineString","coordinates":[[-4.0154755,5.30524519],[-4.01647,5.3013]]}},{"type":"Feature","properties":{"name":"FH_1269_BING_ST_MARCEL-FEKESSE","description":"0","link_type":"FH","geometry_type":"LineString","vendor":"ERICSSON","folder":"LIEN FH / ERICSSON","color":"#0000FF","width":3.0},"geometry":{"type":"LineString","coordinates":[[-3.886165,5.370278],[-3.9105025,5.37380098]]}},{"type":"Feature","properties":{"name":"FH_1270_MARCHE_MAROC-CARR_OSER","description":"0","link_type":"FH","geometry_type":"LineString","vendor":"ERICSSON","folder":"LIEN FH / ERICSSON","color":"#0000FF","width":3.0},"geometry":{"type":"LineString","coordinates":[[-4.10514,5.33892],[-3.96866,5.276581]]}},{"type":"Feature","properties":{"name":"FH_1271_YOP_TOIT_ROUGE-LOCODJRO_MARCHE","description":"0","link_type":"FH","geometry_type":"LineString","vendor":"ERICSSON","folder":"LIEN FH / ERICSSON","color":"#0000FF","width":3.0},"geometry":{"type":"LineString","coordinates":[[-4.04376,5.32869],[-4.03874,5.321953]]}},{"type":"Feature","properties":{"name":"FH_1272_YOP_TOIT_ROUGE-LOCODJRO_VILLAGE","description":"0","link_type":"FH","geometry_type":"LineString","vendor":"ERICSSON","folder":"LIEN FH / ERICSSON","color":"#0000FF","width":3.0},"geometry":{"type":"LineString","coordinates":[[-4.04376,5.32869],[-4.03806,5.32832]]}},{"type":"Feature","properties":{"name":"FH_1273_YOP_TOIT_ROUGE-TT_ROUGE","description":"0","link_type":"FH","geometry_type":"LineString","vendor":"ERICSSON","folder":"LIEN FH / ERICSSON","color":"#0000FF","width":3.0},"geometry":{"type":"LineString","coordinates":[[-4.04376,5.32869],[-4.049387,5.33210657]]}},{"type":"Feature","properties":{"name":"FH_1274_LOKOUA-CARNOT","description":"0","link_type":"FH","geometry_type":"LineString","vendor":"ERICSSON","folder":"LIEN FH / ERICSSON","color":"#0000FF","width":3.0},"geometry":{"type":"LineString","coordinates":[[-4.10659,5.31272],[-4.1045579,5.3211109]]}},{"type":"Feature","properties":{"name":"FH_1275_LYMA-ETOILE","description":"0","link_type":"FH","geometry_type":"LineString","vendor":"ERICSSON","folder":"LIEN FH / ERICSSON","color":"#0000FF","width":3.0},"geometry":{"type":"LineString","coordinates":[[-4.0152013,5.42866623],[-4.0218353,5.4341635]]}},{"type":"Feature","properties":{"name":"FH_1276_BROFODOUME-PK18_SICOGI","description":"0","link_type":"FH","geometry_type":"LineString","vendor":"ERICSSON","folder":"LIEN FH / ERICSSON","color":"#0000FF","width":3.0},"geometry":{"type":"LineString","coordinates":[[-3.931602,5.51389914],[-4.04935,5.45777]]}},{"type":"Feature","properties":{"name":"FH_1277_PORT-CITE_RAN","description":"0","link_type":"FH","geometry_type":"LineString","vendor":"ERICSSON","folder":"LIEN FH / ERICSSON","color":"#0000FF","width":3.0},"geometry":{"type":"LineString","coordinates":[[-4.019896,5.304605],[-4.0239234,5.32264309]]}},{"type":"Feature","properties":{"name":"FH_1278_UNIV_ABOBO_ADJAME-FILTISAC","description":"0","link_type":"FH","geometry_type":"LineString","vendor":"ERICSSON","folder":"LIEN FH / ERICSSON","color":"#0000FF","width":3.0},"geometry":{"type":"LineString","coordinates":[[-4.019877,5.385559],[-4.0200464,5.3953631]]}},{"type":"Feature","properties":{"name":"FH_1279_DOUFREBO-FEYASSE","description":"0","link_type":"FH","geometry_type":"LineString","vendor":"ERICSSON","folder":"LIEN FH / ERICSSON","color":"#0000FF","width":3.0},"geometry":{"type":"LineString","coordinates":[[-3.44397,7.09108],[-3.3905593,6.95639231]]}},{"type":"Feature","properties":{"name":"FH_1280_LOBIKRO-ABENG_CIT","description":"0","link_type":"FH","geometry_type":"LineString","vendor":"ERICSSON","folder":"LIEN FH / ERICSSON","color":"#0000FF","width":3.0},"geometry":{"type":"LineString","coordinates":[[-3.5061712,6.74194552],[-3.48723,6.72898]]}},{"type":"Feature","properties":{"name":"FH_1281_LOBIKRO-CHATEAU","description":"0","link_type":"FH","geometry_type":"LineString","vendor":"ERICSSON","folder":"LIEN FH / ERICSSON","color":"#0000FF","width":3.0},"geometry":{"type":"LineString","coordinates":[[-3.5061712,6.74194552],[-3.4983295,6.72748042]]}},{"type":"Feature","properties":{"name":"FH_1282_BILAL-PHOENIX","description":"0","link_type":"FH","geometry_type":"LineString","vendor":"ERICSSON","folder":"LIEN FH / ERICSSON","color":"#0000FF","width":3.0},"geometry":{"type":"LineString","coordinates":[[-4.0875223,5.34742572],[-4.0758911,5.34800702]]}},{"type":"Feature","properties":{"name":"FH_1283_BILAL-CARR_CHU","description":"0","link_type":"FH","geometry_type":"LineString","vendor":"ERICSSON","folder":"LIEN FH / ERICSSON","color":"#0000FF","width":3.0},"geometry":{"type":"LineString","coordinates":[[-4.0875223,5.34742572],[-4.08855,5.35547]]}},{"type":"Feature","properties":{"name":"FH_1284_BANIA-BOUNA","description":"0","link_type":"FH","geometry_type":"LineString","vendor":"ERICSSON","folder":"LIEN FH / ERICSSON","color":"#0000FF","width":3.0},"geometry":{"type":"LineString","coordinates":[[-3.17685,9.01233],[-2.9980515,9.26950392]]}},{"type":"Feature","properties":{"name":"FH_1285_BANIA-KOTOUBA","description":"0","link_type":"FH","geometry_type":"LineString","vendor":"ERICSSON","folder":"LIEN FH / ERICSSON","color":"#0000FF","width":3.0},"geometry":{"type":"LineString","coordinates":[[-3.17685,9.01233],[-3.1843333,8.69338888]]}},{"type":"Feature","properties":{"name":"FH_1286_ANONO-BELLE_EPINE","description":"0","link_type":"FH","geometry_type":"LineString","vendor":"ERICSSON","folder":"LIEN FH / ERICSSON","color":"#0000FF","width":3.0},"geometry":{"type":"LineString","coordinates":[[-3.9762727,5.34880687],[-3.9808,5.3488]]}},{"type":"Feature","properties":{"name":"FH_1287_ANONO-BLONDY","description":"0","link_type":"FH","geometry_type":"LineString","vendor":"ERICSSON","folder":"LIEN FH / ERICSSON","color":"#0000FF","width":3.0},"geometry":{"type":"LineString","coordinates":[[-3.9762727,5.34880687],[-3.972504,5.35342]]}},{"type":"Feature","properties":{"name":"FH_1288_EGLISE-SEMINAIRE","description":"0","link_type":"FH","geometry_type":"LineString","vendor":"ERICSSON","folder":"LIEN FH / ERICSSON","color":"#0000FF","width":3.0},"geometry":{"type":"LineString","coordinates":[[-4.0501365,5.49455354],[-4.0599333,5.50141039]]}},{"type":"Feature","properties":{"name":"FH_1289_EGLISE-MARCHE_COLA","description":"0","link_type":"FH","geometry_type":"LineString","vendor":"ERICSSON","folder":"LIEN FH / ERICSSON","color":"#0000FF","width":3.0},"geometry":{"type":"LineString","coordinates":[[-4.0501365,5.49455354],[-4.04765,5.48733]]}},{"type":"Feature","properties":{"name":"FH_1290_APPROMPRON-DIAMANAKRO","description":"0","link_type":"FH","geometry_type":"LineString","vendor":"ERICSSON","folder":"LIEN FH / ERICSSON","color":"#0000FF","width":3.0},"geometry":{"type":"LineString","coordinates":[[-3.31184,6.29565],[-3.31633,6.23429818]]}},{"type":"Feature","properties":{"name":"FH_1291_ANNEPE-ABIE","description":"0","link_type":"FH","geometry_type":"LineString","vendor":"ERICSSON","folder":"LIEN FH / ERICSSON","color":"#0000FF","width":3.0},"geometry":{"type":"LineString","coordinates":[[-3.76857,5.90182],[-3.9215,5.868333]]}},{"type":"Feature","properties":{"name":"FH_1292_EHANIA-MAFERE","description":"0","link_type":"FH","geometry_type":"LineString","vendor":"ERICSSON","folder":"LIEN FH / ERICSSON","color":"#0000FF","width":3.0},"geometry":{"type":"LineString","coordinates":[[-3.04757,5.28859957],[-3.0262227,5.415804]]}},{"type":"Feature","properties":{"name":"FH_1293_SASSANDRA-DASSIOKO_CIT","description":"0","link_type":"FH","geometry_type":"LineString","vendor":"ERICSSON","folder":"LIEN FH / ERICSSON","color":"#0000FF","width":3.0},"geometry":{"type":"LineString","coordinates":[[-6.0925794,4.95379642],[-5.8395802,5.11499759]]}},{"type":"Feature","properties":{"name":"FH_1294_SASSANDRA-MATHIEUKRO","description":"0","link_type":"FH","geometry_type":"LineString","vendor":"ERICSSON","folder":"LIEN FH / ERICSSON","color":"#0000FF","width":3.0},"geometry":{"type":"LineString","coordinates":[[-6.0925794,4.95379642],[-6.4989455,5.0246144]]}},{"type":"Feature","properties":{"name":"FH_1295_CELIA-GUICHANROLAIN","description":"0","link_type":"FH","geometry_type":"LineString","vendor":"ERICSSON","folder":"LIEN FH / ERICSSON","color":"#0000FF","width":3.0},"geometry":{"type":"LineString","coordinates":[[-4.0822455,5.35388409],[-4.0946203,5.35028033]]}},{"type":"Feature","properties":{"name":"FH_1296_CELIA-PHOENIX","description":"0","link_type":"FH","geometry_type":"LineString","vendor":"ERICSSON","folder":"LIEN FH / ERICSSON","color":"#0000FF","width":3.0},"geometry":{"type":"LineString","coordinates":[[-4.0822455,5.35388409],[-4.0758911,5.34800702]]}},{"type":"Feature","properties":{"name":"FH_1297_CELIA-BATIM2","description":"0","link_type":"FH","geometry_type":"LineString","vendor":"ERICSSON","folder":"LIEN FH / ERICSSON","color":"#0000FF","width":3.0},"geometry":{"type":"LineString","coordinates":[[-4.0822455,5.35388409],[-4.0905507,5.3606259]]}},{"type":"Feature","properties":{"name":"FH_1298_GOLF_ELYAS-BEDE","description":"0","link_type":"FH","geometry_type":"LineString","vendor":"ERICSSON","folder":"LIEN FH / ERICSSON","color":"#0000FF","width":3.0},"geometry":{"type":"LineString","coordinates":[[-3.97716,5.34107],[-3.9792161,5.33832781]]}},{"type":"Feature","properties":{"name":"FH_1299_DABOU_CARR_NGATTY-DABOU","description":"0","link_type":"FH","geometry_type":"LineString","vendor":"ERICSSON","folder":"LIEN FH / ERICSSON","color":"#0000FF","width":3.0},"geometry":{"type":"LineString","coordinates":[[-4.35896,5.32295],[-4.3775,5.323]]}},{"type":"Feature","properties":{"name":"FH_1300_PETIT_PEDRO-BLAHOU","description":"0","link_type":"FH","geometry_type":"LineString","vendor":"ERICSSON","folder":"LIEN FH / ERICSSON","color":"#0000FF","width":3.0},"geometry":{"type":"LineString","coordinates":[[-6.59156,4.88681],[-6.56035,4.93251]]}},{"type":"Feature","properties":{"name":"FH_1301_PETIT_PEDRO-ATE","description":"0","link_type":"FH","geometry_type":"LineString","vendor":"ERICSSON","folder":"LIEN FH / ERICSSON","color":"#0000FF","width":3.0},"geometry":{"type":"LineString","coordinates":[[-6.59156,4.88681],[-6.78,4.93706]]}},{"type":"Feature","properties":{"name":"FH_1302_FEKESSE_EXT-FEKESSE","description":"0","link_type":"FH","geometry_type":"LineString","vendor":"ERICSSON","folder":"LIEN FH / ERICSSON","color":"#0000FF","width":3.0},"geometry":{"type":"LineString","coordinates":[[-3.90366,5.37479],[-3.9105025,5.37380098]]}},{"type":"Feature","properties":{"name":"FH_1303_ARRAH-KOTOBI","description":"0","link_type":"FH","geometry_type":"LineString","vendor":"ERICSSON","folder":"LIEN FH / ERICSSON","color":"#0000FF","width":3.0},"geometry":{"type":"LineString","coordinates":[[-3.9706673,6.68277735],[-4.1335267,6.71352383]]}},{"type":"Feature","properties":{"name":"FH_1304_ARRAH-BEKOUEFIN","description":"0","link_type":"FH","geometry_type":"LineString","vendor":"ERICSSON","folder":"LIEN FH / ERICSSON","color":"#0000FF","width":3.0},"geometry":{"type":"LineString","coordinates":[[-3.9706673,6.68277735],[-3.8431145,6.4769997]]}},{"type":"Feature","properties":{"name":"FH_1305_ADJAME_CHATEAU-ATTECOUBE","description":"0","link_type":"FH","geometry_type":"LineString","vendor":"ERICSSON","folder":"LIEN FH / ERICSSON","color":"#0000FF","width":3.0},"geometry":{"type":"LineString","coordinates":[[-4.0297,5.35542],[-4.0346383,5.35161463]]}},{"type":"Feature","properties":{"name":"FH_1306_PETIT_PEDRO-MONOGAGA","description":"0","link_type":"FH","geometry_type":"LineString","vendor":"ERICSSON","folder":"LIEN FH / ERICSSON","color":"#0000FF","width":3.0},"geometry":{"type":"LineString","coordinates":[[-6.59156,4.88681],[-6.451556,4.822885]]}},{"type":"Feature","properties":{"name":"FH_1307_PETIT_PEDRO-SEWEKE","description":"0","link_type":"FH","geometry_type":"LineString","vendor":"ERICSSON","folder":"LIEN FH / ERICSSON","color":"#0000FF","width":3.0},"geometry":{"type":"LineString","coordinates":[[-6.59156,4.88681],[-6.6456,4.7625]]}},{"type":"Feature","properties":{"name":"FH_1308_MISSION_LIBANAISE-FORUM_NORD","description":"0","link_type":"FH","geometry_type":"LineString","vendor":"ERICSSON","folder":"LIEN FH / ERICSSON","color":"#0000FF","width":3.0},"geometry":{"type":"LineString","coordinates":[[-4.02357,5.34025],[-4.026735,5.346047]]}},{"type":"Feature","properties":{"name":"FH_1309_MISSION_LIBANAISE-MICRO_TOUR_E","description":"0","link_type":"FH","geometry_type":"LineString","vendor":"ERICSSON","folder":"LIEN FH / ERICSSON","color":"#0000FF","width":3.0},"geometry":{"type":"LineString","coordinates":[[-4.02357,5.34025],[-4.0225083,5.33419444]]}},{"type":"Feature","properties":{"name":"FH_1310_MISSION_LIBANAISE-INSP","description":"0","link_type":"FH","geometry_type":"LineString","vendor":"ERICSSON","folder":"LIEN FH / ERICSSON","color":"#0000FF","width":3.0},"geometry":{"type":"LineString","coordinates":[[-4.02357,5.34025],[-4.0282023,5.33983972]]}},{"type":"Feature","properties":{"name":"FH_1311_NIANDA-FEYASSE","description":"0","link_type":"FH","geometry_type":"LineString","vendor":"ERICSSON","folder":"LIEN FH / ERICSSON","color":"#0000FF","width":3.0},"geometry":{"type":"LineString","coordinates":[[-3.281058,7.048919],[-3.3905593,6.95639231]]}},{"type":"Feature","properties":{"name":"FH_1312_BING_PRESBITERIENNE-BINGES","description":"0","link_type":"FH","geometry_type":"LineString","vendor":"ERICSSON","folder":"LIEN FH / ERICSSON","color":"#0000FF","width":3.0},"geometry":{"type":"LineString","coordinates":[[-3.88232,5.349984],[-3.890418,5.358779]]}},{"type":"Feature","properties":{"name":"FH_1313_AHOUSSIKRO-ANIASSUE","description":"0","link_type":"FH","geometry_type":"LineString","vendor":"ERICSSON","folder":"LIEN FH / ERICSSON","color":"#0000FF","width":3.0},"geometry":{"type":"LineString","coordinates":[[-3.704833,6.606444],[-3.6830877,6.65858428]]}},{"type":"Feature","properties":{"name":"FH_1314_SATIKRAN-AMELEKIA","description":"0","link_type":"FH","geometry_type":"LineString","vendor":"ERICSSON","folder":"LIEN FH / ERICSSON","color":"#0000FF","width":3.0},"geometry":{"type":"LineString","coordinates":[[-3.747722,6.830139],[-3.5730471,6.87027382]]}},{"type":"Feature","properties":{"name":"FH_1315_TANGUELAN-KOUN ABRONZO","description":"0","link_type":"FH","geometry_type":"LineString","vendor":"ERICSSON","folder":"LIEN FH / ERICSSON","color":"#0000FF","width":3.0},"geometry":{"type":"LineString","coordinates":[[-3.31075,7.16381],[-3.2888859,7.53722085]]}},{"type":"Feature","properties":{"name":"FH_1316_SP_SONOUKO_EXT-SEWEKE","description":"0","link_type":"FH","geometry_type":"LineString","vendor":"ERICSSON","folder":"LIEN FH / ERICSSON","color":"#0000FF","width":3.0},"geometry":{"type":"LineString","coordinates":[[-6.64797,4.73333],[-6.6456,4.7625]]}},{"type":"Feature","properties":{"name":"FH_1317_ASSAKRO-BONAHOUIN","description":"0","link_type":"FH","geometry_type":"LineString","vendor":"ERICSSON","folder":"LIEN FH / ERICSSON","color":"#0000FF","width":3.0},"geometry":{"type":"LineString","coordinates":[[-3.63473,6.58098],[-3.7550006,6.55779595]]}},{"type":"Feature","properties":{"name":"FH_1318_SAN_PEDRO_CIT-PORT_SPEDRO","description":"0","link_type":"FH","geometry_type":"LineString","vendor":"ERICSSON","folder":"LIEN FH / ERICSSON","color":"#0000FF","width":3.0},"geometry":{"type":"LineString","coordinates":[[-6.6233738,4.7387082],[-6.61547122,4.73678135]]}},{"type":"Feature","properties":{"name":"FH_1319_YOBOUAKRO-TANGUELAN","description":"0","link_type":"FH","geometry_type":"LineString","vendor":"ERICSSON","folder":"LIEN FH / ERICSSON","color":"#0000FF","width":3.0},"geometry":{"type":"LineString","coordinates":[[-3.31363,7.238],[-3.31075,7.16381]]}},{"type":"Feature","properties":{"name":"FH_1320_SOGB-IRATEKE","description":"0","link_type":"FH","geometry_type":"LineString","vendor":"ERICSSON","folder":"LIEN FH / ERICSSON","color":"#0000FF","width":3.0},"geometry":{"type":"LineString","coordinates":[[-7.0915121,4.67938711],[-7.258567,4.71005]]}},{"type":"Feature","properties":{"name":"FH_1321_SOGB-ZONE_CENTRALE","description":"0","link_type":"FH","geometry_type":"LineString","vendor":"ERICSSON","folder":"LIEN FH / ERICSSON","color":"#0000FF","width":3.0},"geometry":{"type":"LineString","coordinates":[[-7.0915121,4.67938711],[-7.0805555,4.67180555]]}},{"type":"Feature","properties":{"name":"FH_1322_SOGB-SOGB_SINGHE_3","description":"0","link_type":"FH","geometry_type":"LineString","vendor":"ERICSSON","folder":"LIEN FH / ERICSSON","color":"#0000FF","width":3.0},"geometry":{"type":"LineString","coordinates":[[-7.0915121,4.67938711],[-7.06666,4.74657]]}},{"type":"Feature","properties":{"name":"FH_1323_AFFALIKRO-NIABLE","description":"0","link_type":"FH","geometry_type":"LineString","vendor":"ERICSSON","folder":"LIEN FH / ERICSSON","color":"#0000FF","width":3.0},"geometry":{"type":"LineString","coordinates":[[-3.37768,6.64351],[-3.2679976,6.65389082]]}},{"type":"Feature","properties":{"name":"FH_1324_BOUAPE-AKOUPE","description":"0","link_type":"FH","geometry_type":"LineString","vendor":"ERICSSON","folder":"LIEN FH / ERICSSON","color":"#0000FF","width":3.0},"geometry":{"type":"LineString","coordinates":[[-3.8162532,6.26327616],[-3.8856593,6.38121188]]}},{"type":"Feature","properties":{"name":"FH_1325_AKOUPE_MAIRIE-AKOUPE","description":"0","link_type":"FH","geometry_type":"LineString","vendor":"ERICSSON","folder":"LIEN FH / ERICSSON","color":"#0000FF","width":3.0},"geometry":{"type":"LineString","coordinates":[[-3.887367,6.39325],[-3.8856593,6.38121188]]}},{"type":"Feature","properties":{"name":"FH_1326_GARE_MPOUTO-CARNOT","description":"0","link_type":"FH","geometry_type":"LineString","vendor":"ERICSSON","folder":"LIEN FH / ERICSSON","color":"#0000FF","width":3.0},"geometry":{"type":"LineString","coordinates":[[-4.149499,5.309698],[-4.1045579,5.3211109]]}},{"type":"Feature","properties":{"name":"FH_1327_TANKESSE-KOUN ABRONZO","description":"0","link_type":"FH","geometry_type":"LineString","vendor":"ERICSSON","folder":"LIEN FH / ERICSSON","color":"#0000FF","width":3.0},"geometry":{"type":"LineString","coordinates":[[-3.2034749,7.34811355],[-3.2888859,7.53722085]]}},{"type":"Feature","properties":{"name":"FH_1328_YOP_GESCO_BONIKRO-MAROC","description":"0","link_type":"FH","geometry_type":"LineString","vendor":"ERICSSON","folder":"LIEN FH / ERICSSON","color":"#0000FF","width":3.0},"geometry":{"type":"LineString","coordinates":[[-4.115889,5.363972],[-4.1003377,5.34805409]]}},{"type":"Feature","properties":{"name":"FH_1329_ALLOSO2-BONGO_VILLAGE","description":"0","link_type":"FH","geometry_type":"LineString","vendor":"ERICSSON","folder":"LIEN FH / ERICSSON","color":"#0000FF","width":3.0},"geometry":{"type":"LineString","coordinates":[[-3.498662,5.573742],[-3.55146,5.5104]]}},{"type":"Feature","properties":{"name":"FH_1330_BELEM-GAGNY","description":"0","link_type":"FH","geometry_type":"LineString","vendor":"ERICSSON","folder":"LIEN FH / ERICSSON","color":"#0000FF","width":3.0},"geometry":{"type":"LineString","coordinates":[[-6.88451,4.93933],[-6.74,5.04384]]}},{"type":"Feature","properties":{"name":"FH_1331_ADJAMENE-ATE","description":"0","link_type":"FH","geometry_type":"LineString","vendor":"ERICSSON","folder":"LIEN FH / ERICSSON","color":"#0000FF","width":3.0},"geometry":{"type":"LineString","coordinates":[[-6.855178,4.766317],[-6.78,4.93706]]}},{"type":"Feature","properties":{"name":"FH_1332_ADJAMENE-PONT_NERO","description":"0","link_type":"FH","geometry_type":"LineString","vendor":"ERICSSON","folder":"LIEN FH / ERICSSON","color":"#0000FF","width":3.0},"geometry":{"type":"LineString","coordinates":[[-6.855178,4.766317],[-6.93489,4.75233]]}},{"type":"Feature","properties":{"name":"FH_1333_AFFERY-AKOUPE","description":"0","link_type":"FH","geometry_type":"LineString","vendor":"ERICSSON","folder":"LIEN FH / ERICSSON","color":"#0000FF","width":3.0},"geometry":{"type":"LineString","coordinates":[[-3.9496037,6.32457591],[-3.8856593,6.38121188]]}},{"type":"Feature","properties":{"name":"FH_1334_KOTOBI-ANDE","description":"0","link_type":"FH","geometry_type":"LineString","vendor":"ERICSSON","folder":"LIEN FH / ERICSSON","color":"#0000FF","width":3.0},"geometry":{"type":"LineString","coordinates":[[-4.1335267,6.71352383],[-4.0789793,6.84565109]]}},{"type":"Feature","properties":{"name":"FH_1335_DABOU-YASSAPB","description":"0","link_type":"FH","geometry_type":"LineString","vendor":"ERICSSON","folder":"LIEN FH / ERICSSON","color":"#0000FF","width":3.0},"geometry":{"type":"LineString","coordinates":[[-4.3775,5.323],[-4.4136935,5.39966683]]}},{"type":"Feature","properties":{"name":"FH_1336_CAR_MOPOYEM-DABOU","description":"0","link_type":"FH","geometry_type":"LineString","vendor":"ERICSSON","folder":"LIEN FH / ERICSSON","color":"#0000FF","width":3.0},"geometry":{"type":"LineString","coordinates":[[-4.39677,5.33063],[-4.3775,5.323]]}},{"type":"Feature","properties":{"name":"FH_1337_ABOBO_SAGBE_RAIL-MATERNITE_AFFOSABO","description":"0","link_type":"FH","geometry_type":"LineString","vendor":"ERICSSON","folder":"LIEN FH / ERICSSON","color":"#0000FF","width":3.0},"geometry":{"type":"LineString","coordinates":[[-4.040179,5.414993],[-4.0337,5.42564]]}},{"type":"Feature","properties":{"name":"FH_1338_ASSANGBADJI-AKOUPE","description":"0","link_type":"FH","geometry_type":"LineString","vendor":"ERICSSON","folder":"LIEN FH / ERICSSON","color":"#0000FF","width":3.0},"geometry":{"type":"LineString","coordinates":[[-3.87963,6.41044],[-3.8856593,6.38121188]]}},{"type":"Feature","properties":{"name":"FH_1339_PLACE AKWABA_GID -PBOUET","description":"0","link_type":"FH","geometry_type":"LineString","vendor":"ERICSSON","folder":"LIEN FH / ERICSSON","color":"#0000FF","width":3.0},"geometry":{"type":"LineString","coordinates":[[-3.962948,5.2684883],[-3.9656459,5.25857003]]}},{"type":"Feature","properties":{"name":"FH_1340_ZIMBABWE-DAFCI","description":"0","link_type":"FH","geometry_type":"LineString","vendor":"ERICSSON","folder":"LIEN FH / ERICSSON","color":"#0000FF","width":3.0},"geometry":{"type":"LineString","coordinates":[[-6.6676,4.7577],[-6.68239,4.76532]]}},{"type":"Feature","properties":{"name":"FH_1341_ZIMBABWE-SEWEKE","description":"0","link_type":"FH","geometry_type":"LineString","vendor":"ERICSSON","folder":"LIEN FH / ERICSSON","color":"#0000FF","width":3.0},"geometry":{"type":"LineString","coordinates":[[-6.6676,4.7577],[-6.6456,4.7625]]}},{"type":"Feature","properties":{"name":"FH_1342_BINGES_AKWE_DJEMIN-BLANCHON","description":"0","link_type":"FH","geometry_type":"LineString","vendor":"ERICSSON","folder":"LIEN FH / ERICSSON","color":"#0000FF","width":3.0},"geometry":{"type":"LineString","coordinates":[[-3.860967,5.342567],[-3.8808326,5.35806018]]}},{"type":"Feature","properties":{"name":"FH_1343_PONT_NERO-DOGBO","description":"0","link_type":"FH","geometry_type":"LineString","vendor":"ERICSSON","folder":"LIEN FH / ERICSSON","color":"#0000FF","width":3.0},"geometry":{"type":"LineString","coordinates":[[-6.93489,4.75233],[-7.0501,4.94382]]}},{"type":"Feature","properties":{"name":"FH_1344_PONT_NERO-SOGB","description":"0","link_type":"FH","geometry_type":"LineString","vendor":"ERICSSON","folder":"LIEN FH / ERICSSON","color":"#0000FF","width":3.0},"geometry":{"type":"LineString","coordinates":[[-6.93489,4.75233],[-7.0915121,4.67938711]]}},{"type":"Feature","properties":{"name":"FH_1345_AUBERGE_BONNE_ETOILE-DJIMINISSO","description":"0","link_type":"FH","geometry_type":"LineString","vendor":"ERICSSON","folder":"LIEN FH / ERICSSON","color":"#0000FF","width":3.0},"geometry":{"type":"LineString","coordinates":[[-2.812584,8.019622],[-2.7994974,8.04194185]]}},{"type":"Feature","properties":{"name":"FH_1346_DJIMINISSO-SOKO","description":"0","link_type":"FH","geometry_type":"LineString","vendor":"ERICSSON","folder":"LIEN FH / ERICSSON","color":"#0000FF","width":3.0},"geometry":{"type":"LineString","coordinates":[[-2.7994974,8.04194185],[-2.744994,7.99055]]}},{"type":"Feature","properties":{"name":"FH_1347_BABA-ADJAMENE","description":"0","link_type":"FH","geometry_type":"LineString","vendor":"ERICSSON","folder":"LIEN FH / ERICSSON","color":"#0000FF","width":3.0},"geometry":{"type":"LineString","coordinates":[[-6.73888,4.76485],[-6.855178,4.766317]]}},{"type":"Feature","properties":{"name":"FH_1348_DABOU-CAR_JACQUEVIL","description":"0","link_type":"FH","geometry_type":"LineString","vendor":"ERICSSON","folder":"LIEN FH / ERICSSON","color":"#0000FF","width":3.0},"geometry":{"type":"LineString","coordinates":[[-4.3775,5.323],[-4.2518522,5.33193583]]}},{"type":"Feature","properties":{"name":"FH_1349_BANGOUA-TANKESSE","description":"0","link_type":"FH","geometry_type":"LineString","vendor":"ERICSSON","folder":"LIEN FH / ERICSSON","color":"#0000FF","width":3.0},"geometry":{"type":"LineString","coordinates":[[-3.47075,7.335361],[-3.2034749,7.34811355]]}},{"type":"Feature","properties":{"name":"FH_1350_KPASS-DABOU","description":"0","link_type":"FH","geometry_type":"LineString","vendor":"ERICSSON","folder":"LIEN FH / ERICSSON","color":"#0000FF","width":3.0},"geometry":{"type":"LineString","coordinates":[[-4.414109,5.31175],[-4.3775,5.323]]}},{"type":"Feature","properties":{"name":"FH_1351_GAOULOU-SASSANDRA","description":"0","link_type":"FH","geometry_type":"LineString","vendor":"ERICSSON","folder":"LIEN FH / ERICSSON","color":"#0000FF","width":3.0},"geometry":{"type":"LineString","coordinates":[[-6.15235,5.03219],[-6.0925794,4.95379642]]}},{"type":"Feature","properties":{"name":"FH_1352_ADIAPOTO-SONGON_AGBAN","description":"0","link_type":"FH","geometry_type":"LineString","vendor":"ERICSSON","folder":"LIEN FH / ERICSSON","color":"#0000FF","width":3.0},"geometry":{"type":"LineString","coordinates":[[-4.19584,5.31711],[-4.182219,5.33733759]]}},{"type":"Feature","properties":{"name":"FH_1353_SP_LYCEE_ALGADJI-SEWEKE","description":"0","link_type":"FH","geometry_type":"LineString","vendor":"ERICSSON","folder":"LIEN FH / ERICSSON","color":"#0000FF","width":3.0},"geometry":{"type":"LineString","coordinates":[[-6.632942,4.737295],[-6.6456,4.7625]]}},{"type":"Feature","properties":{"name":"FH_1354_JACQUEVIL-DABOU","description":"0","link_type":"FH","geometry_type":"LineString","vendor":"ERICSSON","folder":"LIEN FH / ERICSSON","color":"#0000FF","width":3.0},"geometry":{"type":"LineString","coordinates":[[-4.4105634,5.20138823],[-4.3775,5.323]]}},{"type":"Feature","properties":{"name":"FH_1355_TT_ROUGE-PHCIE_TIZRA","description":"0","link_type":"FH","geometry_type":"LineString","vendor":"ERICSSON","folder":"LIEN FH / ERICSSON","color":"#0000FF","width":3.0},"geometry":{"type":"LineString","coordinates":[[-4.049387,5.33210657],[-4.05557,5.33376]]}},{"type":"Feature","properties":{"name":"FH_1356_ABOBOTE-DOKUI","description":"0","link_type":"FH","geometry_type":"LineString","vendor":"ERICSSON","folder":"LIEN FH / ERICSSON","color":"#0000FF","width":3.0},"geometry":{"type":"LineString","coordinates":[[-4.0046572,5.41094636],[-4.0042701,5.40059032]]}},{"type":"Feature","properties":{"name":"FH_1357_BIABOU-ABOBO_DJIBI_VILLAGE","description":"0","link_type":"FH","geometry_type":"LineString","vendor":"ERICSSON","folder":"LIEN FH / ERICSSON","color":"#0000FF","width":3.0},"geometry":{"type":"LineString","coordinates":[[-3.98051,5.44381],[-3.974972,5.454944]]}},{"type":"Feature","properties":{"name":"FH_1358_ABRONAMOUE-AFFALIKRO","description":"0","link_type":"FH","geometry_type":"LineString","vendor":"ERICSSON","folder":"LIEN FH / ERICSSON","color":"#0000FF","width":3.0},"geometry":{"type":"LineString","coordinates":[[-3.34088,6.75281],[-3.37768,6.64351]]}},{"type":"Feature","properties":{"name":"FH_1359_AHEOUA-AKOUPE","description":"0","link_type":"FH","geometry_type":"LineString","vendor":"ERICSSON","folder":"LIEN FH / ERICSSON","color":"#0000FF","width":3.0},"geometry":{"type":"LineString","coordinates":[[-3.86254,6.35815],[-3.8856593,6.38121188]]}},{"type":"Feature","properties":{"name":"FH_1360_AGNIBILEKROU_BELLEVILLE-AGNIBILEKRO","description":"0","link_type":"FH","geometry_type":"LineString","vendor":"ERICSSON","folder":"LIEN FH / ERICSSON","color":"#0000FF","width":3.0},"geometry":{"type":"LineString","coordinates":[[-3.215986,7.131192],[-3.202748,7.139421]]}},{"type":"Feature","properties":{"name":"FH_1361_SP_STADE-SP_CORRIDOR_ABJ","description":"0","link_type":"FH","geometry_type":"LineString","vendor":"ERICSSON","folder":"LIEN FH / ERICSSON","color":"#0000FF","width":3.0},"geometry":{"type":"LineString","coordinates":[[-6.632268,4.817177],[-6.6422083,4.81046]]}},{"type":"Feature","properties":{"name":"FH_1362_MEAGUI_CIT-GRIHIRI","description":"0","link_type":"FH","geometry_type":"LineString","vendor":"ERICSSON","folder":"LIEN FH / ERICSSON","color":"#0000FF","width":3.0},"geometry":{"type":"LineString","coordinates":[[-6.5664,5.4005],[-6.34528,5.43444]]}},{"type":"Feature","properties":{"name":"FH_1363_ZOUHOUNOU-AFFALIKRO","description":"0","link_type":"FH","geometry_type":"LineString","vendor":"ERICSSON","folder":"LIEN FH / ERICSSON","color":"#0000FF","width":3.0},"geometry":{"type":"LineString","coordinates":[[-3.29238,6.61641],[-3.37768,6.64351]]}},{"type":"Feature","properties":{"name":"FH_1364_DASSIOKO_CIT-SAGO","description":"0","link_type":"FH","geometry_type":"LineString","vendor":"ERICSSON","folder":"LIEN FH / ERICSSON","color":"#0000FF","width":3.0},"geometry":{"type":"LineString","coordinates":[[-5.8395802,5.11499759],[-5.9206,5.2676]]}},{"type":"Feature","properties":{"name":"FH_1365_BOUBOURY-DABOU","description":"0","link_type":"FH","geometry_type":"LineString","vendor":"ERICSSON","folder":"LIEN FH / ERICSSON","color":"#0000FF","width":3.0},"geometry":{"type":"LineString","coordinates":[[-4.4605959,5.34540272],[-4.3775,5.323]]}},{"type":"Feature","properties":{"name":"FH_1366_ABENG_AGNI_EXT-CHATEAU","description":"0","link_type":"FH","geometry_type":"LineString","vendor":"ERICSSON","folder":"LIEN FH / ERICSSON","color":"#0000FF","width":3.0},"geometry":{"type":"LineString","coordinates":[[-3.4870266,6.7216456],[-3.4983295,6.72748042]]}},{"type":"Feature","properties":{"name":"FH_1367_BABA-ZIMBABWE","description":"0","link_type":"FH","geometry_type":"LineString","vendor":"ERICSSON","folder":"LIEN FH / ERICSSON","color":"#0000FF","width":3.0},"geometry":{"type":"LineString","coordinates":[[-6.73888,4.76485],[-6.6676,4.7577]]}},{"type":"Feature","properties":{"name":"FH_1368_OKROUMODOU-GBAGBAM","description":"0","link_type":"FH","geometry_type":"LineString","vendor":"ERICSSON","folder":"LIEN FH / ERICSSON","color":"#0000FF","width":3.0},"geometry":{"type":"LineString","coordinates":[[-5.68,5.35036],[-5.59,5.46752]]}},{"type":"Feature","properties":{"name":"FH_1369_OKROUMODOU-ADEBEM","description":"0","link_type":"FH","geometry_type":"LineString","vendor":"ERICSSON","folder":"LIEN FH / ERICSSON","color":"#0000FF","width":3.0},"geometry":{"type":"LineString","coordinates":[[-5.68,5.35036],[-5.833558,5.471053]]}},{"type":"Feature","properties":{"name":"FH_1370_TANDA_CHATEAU-TANDA","description":"0","link_type":"FH","geometry_type":"LineString","vendor":"ERICSSON","folder":"LIEN FH / ERICSSON","color":"#0000FF","width":3.0},"geometry":{"type":"LineString","coordinates":[[-3.166713,7.80769],[-3.1708065,7.79610626]]}},{"type":"Feature","properties":{"name":"FH_1371_TOROGUHE-DAL_KHALIL","description":"0","link_type":"FH","geometry_type":"LineString","vendor":"ERICSSON","folder":"LIEN FH / ERICSSON","color":"#0000FF","width":3.0},"geometry":{"type":"LineString","coordinates":[[-6.4632,6.9436],[-6.4529,6.9056]]}}]}